This is SBCL 2.6.8, an implementation of ANSI Common Lisp.
More information about SBCL is available at <http://www.sbcl.org/>.

SBCL is free software, provided as is, with absolutely no warranty.
It is mostly in the public domain; some portions are provided under
BSD-style licenses.  See the CREDITS and COPYING files in the
distribution for more information.
To load "bordeaux-threads":
  Load 1 ASDF system:
    bordeaux-threads
; Loading "bordeaux-threads"

To load "usocket":
  Load 1 ASDF system:
    usocket
; Loading "usocket"

To load "cl-json":
  Load 1 ASDF system:
    cl-json
; Loading "cl-json"

To load "flexi-streams":
  Load 1 ASDF system:
    flexi-streams
; Loading "flexi-streams"

To load "wouldwork":
  Load 1 ASDF system:
    wouldwork
; Loading "wouldwork"
.
Installing object types...
Installing dynamic relations...
Installing CLEARTOP? query-fn...
Installing PUT action...
Creating initial propositional database...
Installing goal....................................................
...........
Initializing...
Optimizing lambda expressions and compiling...
  PUT...
  CLEARTOP?...
  enum relation requires predicates...
  GOAL-FN...


Current parameter settings:
  *PROBLEM-NAME* => BLOCKS3
  *PROBLEM-TYPE* => PLANNING
  *ALGORITHM* => DEPTH-FIRST
  *TREE-OR-GRAPH* => TREE
  *SOLUTION-TYPE* => EVERY
  *DEPTH-CUTOFF* => 3
  *THREADS* => 0
  *RANDOMIZE-SEARCH* => NIL
  *DEBUG* => 0
  *PROBE* => NIL
  *GOAL* => (OR (AND (ON C T) (ON B C) (ON A B)) (AND (ON A T) (ON B A) (ON C B)))
  *SYMMETRY-PRUNING* => NIL
  *PROGRESS-REPORTING-INTERVAL* => 100,000
  *BRANCH* TO EXPLORE => ALL
  HEURISTIC? => NIL
  EXOGENOUS HAPPENINGS => NIL
  BOUNDING FUNCTION? => NIL
  MIN STEPS REMAINING? => NIL


Installing object types...
Installing dynamic relations...
Creating initial propositional database...
Installing CHOOSE-GOOD-A action...
Installing CHOOSE-BAD-A action...
Installing BAD-A-TO-SECOND-DEAD-B action...
Installing BAD-A-TO-FIRST-DEAD-B action...
Installing GOOD-A-TO-LIVE-B action...
Installing LIVE-B-TO-C action...
Installing goal...
Initializing...
Optimizing lambda expressions and compiling...
  CHOOSE-GOOD-A...
  CHOOSE-BAD-A...
  BAD-A-TO-SECOND-DEAD-B...
  BAD-A-TO-FIRST-DEAD-B...
  GOOD-A-TO-LIVE-B...
  LIVE-B-TO-C...
  enum relation requires predicates...
  GOAL-FN...


Current parameter settings:
  *PROBLEM-NAME* => GOAL-CHAIN-BACKTRACKING-TEST
  *PROBLEM-TYPE* => PLANNING
  *ALGORITHM* => DEPTH-FIRST
  *TREE-OR-GRAPH* => GRAPH
  *SOLUTION-TYPE* => FIRST
  *DEPTH-CUTOFF* => 1
  *THREADS* => 0
  *RANDOMIZE-SEARCH* => NIL
  *DEBUG* => 0
  *PROBE* => NIL
  *GOAL* => (BT-AT BT-A)
  *SYMMETRY-PRUNING* => NIL
  *PROGRESS-REPORTING-INTERVAL* => 100,000
  *BRANCH* TO EXPLORE => ALL
  HEURISTIC? => NIL
  EXOGENOUS HAPPENINGS => NIL
  BOUNDING FUNCTION? => NIL
  MIN STEPS REMAINING? => NIL



Current parameter settings:
  *PROBLEM-NAME* => GOAL-CHAIN-BACKTRACKING-TEST
  *PROBLEM-TYPE* => PLANNING
  *ALGORITHM* => DEPTH-FIRST
  *TREE-OR-GRAPH* => GRAPH
  *SOLUTION-TYPE* => FIRST
  *DEPTH-CUTOFF* => 1
  *THREADS* => 0
  *RANDOMIZE-SEARCH* => NIL
  *DEBUG* => 0
  *PROBE* => NIL
  *GOAL* => (BT-AT BT-A)
  *SYMMETRY-PRUNING* => NIL
  *PROGRESS-REPORTING-INTERVAL* => 100,000
  *BRANCH* TO EXPLORE => ALL
  HEURISTIC? => NIL
  EXOGENOUS HAPPENINGS => NIL
  BOUNDING FUNCTION? => NIL
  MIN STEPS REMAINING? => NIL

Installing goal...
working...


New path to goal found at depth = 1

In problem GOAL-CHAIN-BACKTRACKING-TEST, performed GRAPH search for FIRST solution.

Search ended with first solution found.

Depth cutoff = 1

Maximum depth explored = 1

Program cycles = 0

Total states processed = 3

Repeated states pruned = 0, ie, 0.0 percent

Average branching factor = 0.0

Start state:
((BT-AT BT-START))

Goal:
(AND (BT-AT BT-A) (BT-CHOICE BT-GOOD))



Total solution paths recorded = 1, of which 1 is/are unique solution paths
Check *solution-paths* and *unique-solution-states* for solution records.

Number of steps in first solution found: = 1

Duration of first solution found = 1.0

Solution path of first solution found from start state to goal state:
(0.0 (START-STATE))
((BT-AT BT-START))

(1.0 (CHOOSE-GOOD-A))
((BT-AT BT-A) (BT-CHOICE BT-GOOD))


Evaluation took:
  0.000 seconds of real time
  0.000000 seconds of total run time (0.000000 user, 0.000000 system)
  100.00% CPU
  1,812,963 processor cycles
  5,048,720 bytes consed
  
Saved checkpoint 1; cumulative depth 1. Not independently replayed.
Installing goal...
Installing goal...
Exported 1 actions to C:/Users/user/AppData/Local/Temp/wouldwork-standalone-checkpoint-test.txt.
Installing object types...
Installing dynamic relations...
Creating initial propositional database...
Installing CHOOSE-GOOD-A action...
Installing CHOOSE-BAD-A action...
Installing BAD-A-TO-SECOND-DEAD-B action...
Installing BAD-A-TO-FIRST-DEAD-B action...
Installing GOOD-A-TO-LIVE-B action...
Installing LIVE-B-TO-C action...
Installing goal...
Initializing...
Optimizing lambda expressions and compiling...
  CHOOSE-GOOD-A...
  CHOOSE-BAD-A...
  BAD-A-TO-SECOND-DEAD-B...
  BAD-A-TO-FIRST-DEAD-B...
  GOOD-A-TO-LIVE-B...
  LIVE-B-TO-C...
  enum relation requires predicates...
  GOAL-FN...


Current parameter settings:
  *PROBLEM-NAME* => GOAL-CHAIN-BACKTRACKING-TEST
  *PROBLEM-TYPE* => PLANNING
  *ALGORITHM* => DEPTH-FIRST
  *TREE-OR-GRAPH* => GRAPH
  *SOLUTION-TYPE* => FIRST
  *DEPTH-CUTOFF* => 1
  *THREADS* => 16
  *RANDOMIZE-SEARCH* => NIL
  *DEBUG* => 0
  *PROBE* => NIL
  *GOAL* => (AND (BT-AT BT-A) (BT-CHOICE BT-GOOD))
  *SYMMETRY-PRUNING* => NIL
  *PROGRESS-REPORTING-INTERVAL* => 100,000
  *BRANCH* TO EXPLORE => ALL
  HEURISTIC? => NIL
  EXOGENOUS HAPPENINGS => NIL
  BOUNDING FUNCTION? => NIL
  MIN STEPS REMAINING? => NIL

  For parallel settings: (display-parallel-parameters)

Installing object types...
Installing dynamic relations...
Creating initial propositional database...
Installing CHOOSE-GOOD-A action...
Installing CHOOSE-BAD-A action...
Installing BAD-A-TO-SECOND-DEAD-B action...
Installing BAD-A-TO-FIRST-DEAD-B action...
Installing GOOD-A-TO-LIVE-B action...
Installing LIVE-B-TO-C action...
Installing goal...
Initializing...
Optimizing lambda expressions and compiling...
  CHOOSE-GOOD-A...
  CHOOSE-BAD-A...
  BAD-A-TO-SECOND-DEAD-B...
  BAD-A-TO-FIRST-DEAD-B...
  GOOD-A-TO-LIVE-B...
  LIVE-B-TO-C...
  enum relation requires predicates...
  GOAL-FN...


Current parameter settings:
  *PROBLEM-NAME* => GOAL-CHAIN-BACKTRACKING-TEST
  *PROBLEM-TYPE* => PLANNING
  *ALGORITHM* => DEPTH-FIRST
  *TREE-OR-GRAPH* => GRAPH
  *SOLUTION-TYPE* => FIRST
  *DEPTH-CUTOFF* => 1
  *THREADS* => 0
  *RANDOMIZE-SEARCH* => NIL
  *DEBUG* => 0
  *PROBE* => NIL
  *GOAL* => (BT-AT BT-A)
  *SYMMETRY-PRUNING* => NIL
  *PROGRESS-REPORTING-INTERVAL* => 100,000
  *BRANCH* TO EXPLORE => ALL
  HEURISTIC? => NIL
  EXOGENOUS HAPPENINGS => NIL
  BOUNDING FUNCTION? => NIL
  MIN STEPS REMAINING? => NIL

Installing object types...
Installing dynamic relations...
Creating initial propositional database...
Installing CHOOSE-GOOD-A action...
Installing CHOOSE-BAD-A action...
Installing BAD-A-TO-SECOND-DEAD-B action...
Installing BAD-A-TO-FIRST-DEAD-B action...
Installing GOOD-A-TO-LIVE-B action...
Installing LIVE-B-TO-C action...
Installing goal...
Initializing...
Optimizing lambda expressions and compiling...
  CHOOSE-GOOD-A...
  CHOOSE-BAD-A...
  BAD-A-TO-SECOND-DEAD-B...
  BAD-A-TO-FIRST-DEAD-B...
  GOOD-A-TO-LIVE-B...
  LIVE-B-TO-C...
  enum relation requires predicates...
  GOAL-FN...


Current parameter settings:
  *PROBLEM-NAME* => GOAL-CHAIN-BACKTRACKING-TEST
  *PROBLEM-TYPE* => PLANNING
  *ALGORITHM* => DEPTH-FIRST
  *TREE-OR-GRAPH* => GRAPH
  *SOLUTION-TYPE* => FIRST
  *DEPTH-CUTOFF* => 1
  *THREADS* => 16
  *RANDOMIZE-SEARCH* => NIL
  *DEBUG* => 0
  *PROBE* => NIL
  *GOAL* => (BT-AT BT-A)
  *SYMMETRY-PRUNING* => NIL
  *PROGRESS-REPORTING-INTERVAL* => 100,000
  *BRANCH* TO EXPLORE => ALL
  HEURISTIC? => NIL
  EXOGENOUS HAPPENINGS => NIL
  BOUNDING FUNCTION? => NIL
  MIN STEPS REMAINING? => NIL

  For parallel settings: (display-parallel-parameters)

Installing goal...
Restored 1 checkpoints, 1 actions by replay; no search.
Installing goal...
Installing goal...
working with 16 thread(s)...



========================================
Partitioned Parallel Search
========================================
  Threads: 16
  Mode: GRAPH / FIRST
  Work donation: ENABLED
  Closed shards: 64
----------------------------------------

Generating tasks (split-depth-max=20)...
Generating tasks: target=256, safety-cap-depth=20
Generated 1 tasks at depths 0-2
Loading 1 tasks into queue...

Starting 16 workers...
All 16 workers completed.

Parallel Search Timing Breakdown:
  Task generation: 0 ms
  Worker search:   1 ms
  Finalization:    0 ms
  Total:           1 ms

  Search efficiency: 100.0%

Per-Worker Statistics:

  Worker  States     Cycles    Max-Depth  Solutions  Donated
  ------  ---------  ---------  ---------  ---------  --------
       0          0          0          0          0         0
       1          0          0          0          0         0
       2          0          0          0          0         0
       3          0          0          0          0         0
       4          0          0          0          0         0
       5          0          0          0          0         0
       6          0          0          0          0         0
       7          0          0          0          0         0
       8          0          0          0          0         0
       9          0          0          0          0         0
      10          0          0          0          0         0
      11          0          0          0          0         0
      12          0          0          0          0         0
      13          0          0          0          0         0
      14          0          0          0          0         0
      15          0          0          0          0         0


Closed Shard Distribution (64 shards):
  Total entries : 2
  Mean / shard  : 0.0
  Max / shard   : 1
  Min / shard   : 0
  Skew (max/min): INFINITE
  Top-5 shards  : #2(1) #40(1) #0(0) #1(0) #3(0)



In problem GOAL-CHAIN-BACKTRACKING-TEST, performed GRAPH search for FIRST solution.

DEPTH-FIRST search process completed normally.

Depth cutoff = 1

Maximum depth explored = 0

Program cycles = 0

Total states processed = 2

Repeated states pruned = 0, ie, 0.0 percent

Depth-cutoff hits = 1, ie, 50.0 percent

Average branching factor = 0.0

Start state:
((BT-AT BT-A) (BT-CHOICE BT-GOOD))

Goal:
(BT-AT BT-UNREACHABLE)

No solutions found.
Evaluation took:
  0.002 seconds of real time
  0.000000 seconds of total run time (0.000000 user, 0.000000 system)
  0.00% CPU
  7,392,261 processor cycles
  12,244,576 bytes consed
  
No new checkpoint; saved endpoint and history retained.
Installing goal...
working with 16 thread(s)...



========================================
Partitioned Parallel Search
========================================
  Threads: 16
  Mode: GRAPH / FIRST
  Work donation: ENABLED
  Closed shards: 64
----------------------------------------

Generating tasks (split-depth-max=20)...
Generating tasks: target=256, safety-cap-depth=20
New path to goal found at depth = 1
Solution found during task generation!
Search completed during task generation

Parallel Search Timing Breakdown:
  Task generation: 0 ms
  Worker search:   0 ms
  Finalization:    0 ms
  Total:           0 ms

Per-Worker Statistics:

  Worker  States     Cycles    Max-Depth  Solutions  Donated
  ------  ---------  ---------  ---------  ---------  --------
       0          0          0          0          0         0
       1          0          0          0          0         0
       2          0          0          0          0         0
       3          0          0          0          0         0
       4          0          0          0          0         0
       5          0          0          0          0         0
       6          0          0          0          0         0
       7          0          0          0          0         0
       8          0          0          0          0         0
       9          0          0          0          0         0
      10          0          0          0          0         0
      11          0          0          0          0         0
      12          0          0          0          0         0
      13          0          0          0          0         0
      14          0          0          0          0         0
      15          0          0          0          0         0


Closed Shard Distribution (64 shards):
  Total entries : 1
  Mean / shard  : 0.0
  Max / shard   : 1
  Min / shard   : 0
  Skew (max/min): INFINITE
  Top-5 shards  : #40(1) #0(0) #1(0) #2(0) #3(0)



In problem GOAL-CHAIN-BACKTRACKING-TEST, performed GRAPH search for FIRST solution.

Search ended with first solution found.

Depth cutoff = 1

Maximum depth explored = 0

Program cycles = 0

Total states processed = 1

Repeated states pruned = 0, ie, 0.0 percent

Average branching factor = 0.0

Start state:
((BT-AT BT-A) (BT-CHOICE BT-GOOD))

Goal:
(BT-AT BT-B)



Total solution paths recorded = 1, of which 1 is/are unique solution paths
Check *solution-paths* and *unique-solution-states* for solution records.

Number of steps in first solution found: = 1

Duration of first solution found = 2.0

Solution path of first solution found from start state to goal state:
(1.0 (START-STATE))
((BT-AT BT-A) (BT-CHOICE BT-GOOD))

(2.0 (GOOD-A-TO-LIVE-B))
((BT-AT BT-B) (BT-BRANCH BT-LIVE) (BT-CHOICE BT-GOOD))


Evaluation took:
  0.001 seconds of real time
  0.000000 seconds of total run time (0.000000 user, 0.000000 system)
  0.00% CPU
  4,110,263 processor cycles
  10,197,328 bytes consed
  
Saved checkpoint 2; cumulative depth 2. Not independently replayed.
Installing goal...
Installing goal...
Installing object types...
Installing dynamic relations...
Creating initial propositional database...
Installing CHOOSE-GOOD-A action...
Installing CHOOSE-BAD-A action...
Installing BAD-A-TO-SECOND-DEAD-B action...
Installing BAD-A-TO-FIRST-DEAD-B action...
Installing GOOD-A-TO-LIVE-B action...
Installing LIVE-B-TO-C action...
Installing goal...
Initializing...
Optimizing lambda expressions and compiling...
  CHOOSE-GOOD-A...
  CHOOSE-BAD-A...
  BAD-A-TO-SECOND-DEAD-B...
  BAD-A-TO-FIRST-DEAD-B...
  GOOD-A-TO-LIVE-B...
  LIVE-B-TO-C...
  enum relation requires predicates...
  GOAL-FN...


Current parameter settings:
  *PROBLEM-NAME* => GOAL-CHAIN-BACKTRACKING-TEST
  *PROBLEM-TYPE* => PLANNING
  *ALGORITHM* => DEPTH-FIRST
  *TREE-OR-GRAPH* => GRAPH
  *SOLUTION-TYPE* => FIRST
  *DEPTH-CUTOFF* => 1
  *THREADS* => 0
  *RANDOMIZE-SEARCH* => NIL
  *DEBUG* => 0
  *PROBE* => NIL
  *GOAL* => (BT-AT BT-A)
  *SYMMETRY-PRUNING* => NIL
  *PROGRESS-REPORTING-INTERVAL* => 100,000
  *BRANCH* TO EXPLORE => ALL
  HEURISTIC? => NIL
  EXOGENOUS HAPPENINGS => NIL
  BOUNDING FUNCTION? => NIL
  MIN STEPS REMAINING? => NIL

Installing object types...
Installing dynamic relations...
Creating initial propositional database...
Installing CHOOSE-GOOD-A action...
Installing CHOOSE-BAD-A action...
Installing BAD-A-TO-SECOND-DEAD-B action...
Installing BAD-A-TO-FIRST-DEAD-B action...
Installing GOOD-A-TO-LIVE-B action...
Installing LIVE-B-TO-C action...
Installing goal...
Initializing...
Optimizing lambda expressions and compiling...
  CHOOSE-GOOD-A...
  CHOOSE-BAD-A...
  BAD-A-TO-SECOND-DEAD-B...
  BAD-A-TO-FIRST-DEAD-B...
  GOOD-A-TO-LIVE-B...
  LIVE-B-TO-C...
  enum relation requires predicates...
  GOAL-FN...


Current parameter settings:
  *PROBLEM-NAME* => GOAL-CHAIN-BACKTRACKING-TEST
  *PROBLEM-TYPE* => PLANNING
  *ALGORITHM* => DEPTH-FIRST
  *TREE-OR-GRAPH* => GRAPH
  *SOLUTION-TYPE* => FIRST
  *DEPTH-CUTOFF* => 1
  *THREADS* => 16
  *RANDOMIZE-SEARCH* => NIL
  *DEBUG* => 0
  *PROBE* => NIL
  *GOAL* => (BT-AT BT-A)
  *SYMMETRY-PRUNING* => NIL
  *PROGRESS-REPORTING-INTERVAL* => 100,000
  *BRANCH* TO EXPLORE => ALL
  HEURISTIC? => NIL
  EXOGENOUS HAPPENINGS => NIL
  BOUNDING FUNCTION? => NIL
  MIN STEPS REMAINING? => NIL

  For parallel settings: (display-parallel-parameters)

Installing goal...
Installing goal...  included technology: -physical-init-checks
  included technology: -location
  included technology: -holding
  included technology: -plate-types
  included technology: -position
  included technology: -interaction-policy
  included technology: -recording-shadow-policy
  included technology: -recorder-core
  included technology: -propagation
  included technology: -beam-substrate-init-checks
  included technology: -beam-substrate
  included technology: -apparatus-coordinates
  included technology: -switch
  included technology: -controls-init-checks
  included technology: -controls
  included technology: -support-occupancy
  included technology: -recorder-plate-shadow
  included technology: -recorder-receiver-shadow
  included technology: -recorder-switch-shadow
  included technology: -recorder-controls-shadow
  included technology: -recorder-jamming-shadow
  included technology: -gate
  included technology: -recorder-gate-shadow
  included technology: -recorder-blower-shadow
  included technology: -mobility
  included technology: -recorder-solution
  included technology: -recorder-cycle-boundary
  included technology: -recorder-fork-registry
  included technology: -recorder-session
  included technology: -recorder-cycle-chaining
  included technology: -recorder-init-checks
  included technology: recorder
  included technology: plate
Installing object types...
Installing object types...
Installing dynamic relations...
Installing object types...
Installing dynamic relations...
Installing optional types...
Installing object types...
Installing object types...
Installing static relations...
Installing OBJECT-MANIPULATION-ALLOWED query-fn...
Installing SUPPORT-USE-ALLOWED query-fn...
Installing SUPPORT-OCCUPANCY-CONFLICT-P query-fn...
Installing CONNECTOR-PAIRING-ALLOWED query-fn...
Installing CONNECTOR-LOCATION-CONFLICT-P query-fn...
Installing RECORDING-SHADOW-OBJECT query-fn...
Installing RECORDING-SHADOW-OBJECT-PRESENT query-fn...
Installing RECORDING-SHADOW-TURNING query-fn...
Installing RECORDING-SHADOW-GATE-OPEN query-fn...
Installing optional types...
Installing static relations...
Installing dynamic relations...
Installing LIVE-RECORDING-OBJECT query-fn...
Installing GHOST-RECORDING-OBJECT query-fn...
Installing RECORDING-SHADOW-VIEW-OBJECT query-fn...
Installing SAME-RECORDING-SIDE query-fn...
Installing RECORDER-CYCLE-COUNT query-fn...
Installing RECORDING-SHADOW-OBJECT query-fn...
Installing RECORDING-SHADOW-OBJECT-PRESENT query-fn...
WARNING: redefining WOULDWORK::DERIVE-RECORDING-COPY-LITERALS in DEFUN
Installing OBJECT-MANIPULATION-ALLOWED query-fn...
WARNING: redefining WOULDWORK::REGISTER-RECORDER-SHADOW-LIFECYCLE in DEFUN
WARNING: redefining WOULDWORK::CLEAR-RECORDER-SHADOW-RELATION! in DEFUN
Installing SUPPORT-USE-ALLOWED query-fn...
Installing SUPPORT-OCCUPANCY-CONFLICT-P query-fn...
Installing CONNECTOR-PAIRING-ALLOWED query-fn...
Installing CONNECTOR-LOCATION-CONFLICT-P query-fn...
Installing PROPAGATE-CHANGES! update-fn...
Installing PROPAGATE-CONSEQUENCES! update-fn...
Installing optional types...
Installing object types...
Installing dynamic relations...
Installing static relations...
Installing UPDATE-RECEIVER-STATUS! update-fn...
Installing BEAM-REACHES-RECEIVER query-fn...
Installing RECORDING-SHADOW-BEAM-REACHES-RECEIVER query-fn...
Installing BEAM-LIVE-FOR-CUTTING query-fn...
Installing DIRECT-BEAM-REACHES-RECEIVER query-fn...
Installing RELAY-BEAM-REACHES-RECEIVER query-fn...
Installing RECORDING-SHADOW-DIRECT-BEAM-REACHES-RECEIVER query-fn...
Installing RECORDING-SHADOW-RELAY-BEAM-REACHES-RECEIVER query-fn...
Installing DIRECT-BEAM-LIVE-FOR-CUTTING query-fn...
Installing RELAY-BEAM-LIVE-FOR-CUTTING query-fn...
Installing BEAM-CUT query-fn...
Installing BEAM-CUT-IN query-fn...
Installing CURRENT-CROSSING-SET query-fn...
Installing FIXED-BEAM-CORRIDOR-CLEAR query-fn...
Installing FIXED-BEAM-CORRIDOR-CLEAR-FOR-OBJECT query-fn...
Installing COMPUTE-RELAY-LIGHTING query-fn...
Installing COMPUTE-RELAY-LIGHTING-FOR-OBJECT query-fn...
Installing BEAM-RELAY-SOURCE-DISTANCE query-fn...
Installing optional types...
Installing static relations...
Installing optional types...
Installing dynamic relations...
Installing optional types...
Installing object types...
Installing static relations...
Installing ENERGIZED query-fn...
Installing CONTROL-ON query-fn...
Installing object types...
Installing dynamic relations...
Installing SUPPORT-OCCUPIED query-fn...
Installing CLEARTOP query-fn...
Installing dynamic relations...
WARNING: redefining WOULDWORK::RESET-RECORDING-PLATE-SHADOW! in DEFUN
WARNING: redefining WOULDWORK::SEED-RECORDING-PLATE-SHADOW! in DEFUN
Installing RECORDING-PLATE-OCCUPIED query-fn...
Installing UPDATE-RECORDING-PLATE-STATUS! update-fn...
WARNING: redefining WOULDWORK::RESET-RECORDING-RECEIVER-SHADOW! in DEFUN
Installing dynamic relations...
Installing UPDATE-RECORDING-RECEIVER-STATUS! update-fn...
WARNING: redefining WOULDWORK::RESET-RECORDING-SWITCH-SHADOW! in DEFUN
WARNING: redefining WOULDWORK::SEED-RECORDING-SWITCH-SHADOW! in DEFUN
Installing dynamic relations...
Installing INITIALIZE-RECORDING-SWITCH-STATE! update-fn...
Installing RECORDING-CONTROLLER-ENERGIZED query-fn...
Installing RECORDING-CONTROL-ON query-fn...
Installing optional types...
Installing RECORDING-JAMMED query-fn...
Installing optional types...
Installing dynamic relations...
Installing GATE-OPEN-FOR-OBJECT query-fn...
WARNING: redefining WOULDWORK::RESET-RECORDING-GATE-SHADOW! in DEFUN
Installing dynamic relations...
Installing RECORDING-SHADOW-GATE-OPEN query-fn...
Installing UPDATE-RECORDING-GATE-STATUS! update-fn...
Installing optional types...
Installing object types...
WARNING: redefining WOULDWORK::RESET-RECORDING-BLOWER-SHADOW! in DEFUN
Installing dynamic relations...
Installing RECORDING-SHADOW-TURNING query-fn...
Installing UPDATE-RECORDING-BLOWER-STATUS! update-fn...
Installing MOBILITY-RESULTS query-fn...
Installing MOBILITY-LOCATIONS query-fn...
Installing TRAVERSABLE query-fn...
Installing RECORDING-AGENT-EMPTY-HANDED query-fn...
Installing RECORDER-CYCLE-ENDED query-fn...
Installing GHOST-STOPS-RECORDER query-fn...
Installing RECORDING-AGENT-CAN-CLOSE query-fn...
Installing RECORDING-AGENT-RETURN-ROUTE query-fn...
WARNING: redefining WOULDWORK::RECORDER-MOVE-AGENTS in DEFUN
WARNING: redefining WOULDWORK::RECORDER-REPORT-AGENT in DEFUN
WARNING: redefining WOULDWORK::RECORDER-REPORT-AGENT-SIDE in DEFUN
WARNING: redefining WOULDWORK::RECORDER-REPORT-MOVE-SIDE in DEFUN
WARNING: redefining WOULDWORK::RECORDER-INTERLEAVING-PRUNING-ENABLED-P in DEFUN
WARNING: redefining WOULDWORK::RECORDER-INTERLEAVING-ACTION-SIDE in DEFUN
WARNING: redefining WOULDWORK::RECORDER-INTERLEAVING-INVERSION-P in DEFUN
WARNING: redefining WOULDWORK::RECORDER-INTERLEAVING-OTHER-PREFIX-VALIDATION-ENABLED-P in DEFUN
WARNING: redefining WOULDWORK::RECORDER-INTERLEAVING-STATE-VALID-P in DEFUN
WARNING: redefining WOULDWORK::RECORDER-INTERLEAVING-EQUIVALENT-STATE-P in DEFUN
WARNING: redefining WOULDWORK::REPLAY-RECORDER-INTERLEAVING-STEP in DEFUN
WARNING: redefining WOULDWORK::RECORDER-INTERLEAVING-SWAP-CERTIFIED-P in DEFUN
WARNING: redefining WOULDWORK::PRUNE-RECORDER-INTERLEAVING-SUCCESSOR-P in DEFUN
WARNING: redefining WOULDWORK::RECORDER-PATH-MOVES-ON-SIDE in DEFUN
WARNING: redefining WOULDWORK::RECORDER-MOVE-ACTION-NAME in DEFUN
WARNING: redefining WOULDWORK::RECORDER-CYCLE-ENDING-ACTION-P in DEFUN
WARNING: redefining WOULDWORK::RECORDER-CYCLE-NORMAL-STOP-P in DEFUN
WARNING: redefining WOULDWORK::RECORDER-CYCLE-CANCELLATION-P in DEFUN
WARNING: redefining WOULDWORK::RECORDER-BOUNDARY-ERROR in DEFUN
WARNING: redefining WOULDWORK::PARSE-RECORDER-PATH in DEFUN
WARNING: redefining WOULDWORK::RECORDER-EXPLICIT-START in DEFUN
WARNING: redefining WOULDWORK::RECORDER-EXPLICIT-STOP in DEFUN
WARNING: redefining WOULDWORK::RECORDER-EXPLICIT-ENDING in DEFUN
WARNING: redefining WOULDWORK::RECORDER-BOUNDARY-DIAGNOSTIC in DEFUN
WARNING: redefining WOULDWORK::RECORDER-PATH-AFTER in DEFUN
WARNING: redefining WOULDWORK::RECORDER-PATH-BEFORE in DEFUN
WARNING: redefining WOULDWORK::RECORDER-PRE-RECORDING-PATH in DEFUN
WARNING: redefining WOULDWORK::RECORDER-RECORDING-WINDOW in DEFUN
WARNING: redefining WOULDWORK::RECORDER-RECORDING-PATH in DEFUN
WARNING: redefining WOULDWORK::RECORDER-ACTION-FAILURE-DIAGNOSTIC in DEFUN
WARNING: redefining WOULDWORK::RECORDER-PATH-BEFORE-CYCLE in DEFUN
WARNING: redefining WOULDWORK::RECORDER-PATH-CYCLE-RECORDING-PATH in DEFUN
WARNING: redefining WOULDWORK::RECORDER-PATH-CYCLE-SNAPSHOT in DEFUN
WARNING: redefining WOULDWORK::RECORDER-BOUNDARY-IDENTITY-STATE in DEFUN
WARNING: redefining WOULDWORK::RECORDER-BOUNDARY-IDENTITY-EQUAL-P in DEFUN
WARNING: redefining WOULDWORK::RECORDER-BOUNDARY-EQUIVALENT-P in DEFUN
WARNING: redefining WOULDWORK::RECORDER-CYCLE-OBJECTIVE-IMPROVED-P in DEFUN
WARNING: redefining WOULDWORK::RECORDER-COMPLETED-CYCLE-MADE-PROGRESS-P in DEFUN
WARNING: redefining WOULDWORK::RECORDER-NO-PROGRESS-DIAGNOSTIC in DEFUN
WARNING: redefining WOULDWORK::RESET-RECORDER-BOUNDARY-DOMINANCE in DEFUN
WARNING: redefining WOULDWORK::RECORDER-BOUNDARY-DOMINANCE-ENABLED-P in DEFUN
WARNING: redefining WOULDWORK::RECORDER-NORMALIZED-BOUNDARY-P in DEFUN
WARNING: redefining WOULDWORK::RECORDER-BOUNDARY-DOMINANCE-COST in DEFUN
WARNING: redefining WOULDWORK::RECORDER-BOUNDARY-ENTRY-MATCHES-P in DEFUN
WARNING: redefining WOULDWORK::RECORDER-BOUNDARY-ENTRY-DOMINATES-P in DEFUN
WARNING: redefining WOULDWORK::RECORDER-BOUNDARY-CANDIDATE-DOMINATES-P in DEFUN
WARNING: redefining WOULDWORK::UPDATE-RECORDER-BOUNDARY-DOMINANCE in DEFUN
WARNING: redefining WOULDWORK::PRUNE-RECORDER-BOUNDARY-DOMINATED-SUCCESSOR-P in DEFUN
WARNING: redefining WOULDWORK::RECORDER-RECORDING-SNAPSHOT in DEFUN
WARNING: redefining WOULDWORK::RECORDER-RECORDING-AGENTS in DEFUN
WARNING: redefining WOULDWORK::RECORDER-PREFIX-PRUNING-ENABLED-P in DEFUN
WARNING: redefining WOULDWORK::RECORDER-CYCLE-BOUNDARY-VALIDATION-ENABLED-P in DEFUN
WARNING: redefining WOULDWORK::RECORDER-ENDING-PREFIX-TRIGGER-P in DEFUN
WARNING: redefining WOULDWORK::RECORDER-RECORDING-PREFIX-TRIGGER-P in DEFUN
WARNING: redefining WOULDWORK::RECORDER-RECORDING-PREFIX-CHANGED-P in DEFUN
WARNING: redefining WOULDWORK::VALIDATE-RECORDER-PATH-CYCLE in DEFUN
WARNING: redefining WOULDWORK::VALIDATE-RECORDER-CYCLE-BOUNDARY-PREFIX in DEFUN
WARNING: redefining WOULDWORK::VALIDATE-RECORDER-RECORDING-PREFIX in DEFUN
WARNING: redefining WOULDWORK::VALIDATE-RECORDER-SOLUTION in DEFUN
WARNING: redefining WOULDWORK::RECORDER-CYCLE-RECORDING-SEQUENCE in DEFUN
WARNING: redefining WOULDWORK::RECORDER-RETURN-MOVES in DEFUN
WARNING: redefining WOULDWORK::RECORDER-CYCLE-PLAYBACK-SEQUENCE in DEFUN
WARNING: redefining WOULDWORK::RECORDER-CYCLE-RUNS in DEFUN
WARNING: redefining WOULDWORK::RECORDER-CYCLE-INTEGRATED-PATH in DEFUN
WARNING: redefining WOULDWORK::RECORDER-REPORT-METRICS in DEFUN
WARNING: redefining WOULDWORK::REPLAY-RECORDER-REPORT-SEGMENT in DEFUN
WARNING: redefining WOULDWORK::BUILD-RECORDER-CYCLE-REPORT in DEFUN
WARNING: redefining WOULDWORK::RECORDER-REPORT-CYCLES in DEFUN
WARNING: redefining WOULDWORK::RECORDER-LEGACY-REPORT-CYCLE in DEFUN
WARNING: redefining WOULDWORK::RECORDER-COMPLETE-SOLUTION-METRICS in DEFUN
WARNING: redefining WOULDWORK::BUILD-RECORDER-REPORT in DEFUN
WARNING: redefining WOULDWORK::PRINT-RECORDER-REPORT-SEQUENCE in DEFUN
WARNING: redefining WOULDWORK::PRINT-RECORDER-REPORT-METRICS in DEFUN
WARNING: redefining WOULDWORK::PRINT-RECORDER-CYCLE-REPORT in DEFUN
WARNING: redefining WOULDWORK::PRINT-RECORDER-REPORT in DEFUN
WARNING: redefining WOULDWORK::RECORDER-OBJECT-SIDE in DEFUN
WARNING: redefining WOULDWORK::RECORDER-VALUE-CONTAINS-GHOST-P in DEFUN
Installing RECORDING-AGENT-AT-RECORDER query-fn...
WARNING: redefining WOULDWORK::RECORDER-STATE-CONTAINS-GHOST-REFERENCE-P in DEFUN
WARNING: redefining WOULDWORK::RECORDER-CROSS-LAYER-ARGUMENTS-P in DEFUN
WARNING: redefining WOULDWORK::RECORDER-BOUNDARY-REFERENCE-RELATIONS in DEFUN
WARNING: redefining WOULDWORK::RECORDER-CROSS-LAYER-BOUNDARY-REFERENCE-P in DEFUN
WARNING: redefining WOULDWORK::RECORDER-CYCLE-AGENTS-READY-P in DEFUN
WARNING: redefining WOULDWORK::RECORDER-CYCLE-BOUNDARY-SAFE-P in DEFUN
Installing RECORDER-CLOSED-GHOST-FREE query-fn...
WARNING: redefining WOULDWORK::RECORDER-CYCLE-GOAL in DEFUN
WARNING: redefining WOULDWORK::RECORDER-CYCLE-BOUNDARY-CLOSED-P in DEFUN
WARNING: redefining WOULDWORK::RESET-RECORDER-CYCLE-SHADOW! in DEFUN
WARNING: redefining WOULDWORK::SEED-RECORDER-CYCLE-SHADOW! in DEFUN
WARNING: redefining WOULDWORK::RECORDER-CYCLE-STATE-CONSISTENT-P in DEFUN
WARNING: redefining WOULDWORK::NORMALIZE-RECORDER-CYCLE-SHADOW! in DEFUN
WARNING: redefining WOULDWORK::REMOVE-RECORDER-GHOST-STATE! in DEFUN
WARNING: redefining WOULDWORK::CLOSE-RECORDER-CYCLE-STATE! in DEFUN
WARNING: redefining WOULDWORK::PREPARE-RECORDER-CYCLE-STATE in DEFUN
WARNING: redefining WOULDWORK::REGISTER-RECORDER-FORK-CLAUSE in DEFUN
Installing RECORDER-CYCLE-BOUNDARY-SAFE query-fn...
WARNING: redefining WOULDWORK::INSTALL-START-RECORDER in DEFUN
Installing optional types...
Installing CANCEL-PLAYBACK action...
WARNING: redefining WOULDWORK::COPY-RECORDER-SUBGOAL-SEGMENT-DEEPLY in DEFUN
WARNING: redefining WOULDWORK::COPY-ACTIVE-RECORDER-SUBGOAL-CHAIN in DEFUN
WARNING: redefining WOULDWORK::RESTORE-RECORDER-SUBGOAL-CHAIN in DEFUN
WARNING: redefining WOULDWORK::RECORDER-STATE-RECORDING-OPEN-P in DEFUN
WARNING: redefining WOULDWORK::RECORDER-STATE-CYCLE-COUNT in DEFUN
WARNING: redefining WOULDWORK::RECORDER-SUBGOAL-CHAIN-ORIGIN in DEFUN
WARNING: redefining WOULDWORK::RECORDER-SUBGOAL-CHAIN-SEGMENTS in DEFUN
WARNING: redefining WOULDWORK::RECORDER-SUBGOAL-CHAIN-PATH in DEFUN
WARNING: redefining WOULDWORK::RECORDER-SUBGOAL-REPLAY-STATE-EQUAL-P in DEFUN
WARNING: redefining WOULDWORK::MAKE-RECORDER-SUBGOAL-CUMULATIVE-SOLUTION in DEFUN
WARNING: redefining WOULDWORK::VALIDATE-RECORDER-SUBGOAL-SEGMENT-REPLAYS in DEFUN
WARNING: redefining WOULDWORK::VALIDATE-RECORDER-SUBGOAL-CUMULATIVE-PATH in DEFUN
WARNING: redefining WOULDWORK::PRINT-RECORDER-SUBGOAL-STATUS in DEFUN
WARNING: redefining WOULDWORK::PRINT-RECORDER-SUBGOAL-CHAIN-REPORT in DEFUN
WARNING: redefining WOULDWORK::PRINT-RECORDER-CHECKPOINT-PHASES in DEFUN
WARNING: redefining WOULDWORK::INSTALL-RECORDER-SUBGOAL-BASELINE in DEFUN
WARNING: redefining WOULDWORK::VALIDATE-RECORDER-SUBGOAL-ORCHESTRATION in DEFUN
WARNING: redefining WOULDWORK::RUN-RECORDER-SUBGOAL-PLANNER in DEFUN
WARNING: redefining WOULDWORK::SNAPSHOT-RECORDER-GOAL-CHAIN-SETTINGS in DEFUN
WARNING: redefining WOULDWORK::CALL-WITH-RECORDER-GOAL-CHAIN-SETTINGS in DEFUN
WARNING: redefining WOULDWORK::RECORDER-GOAL-CHAIN-STATE-CONTEXT in DEFUN
WARNING: redefining WOULDWORK::SCREEN-RECORDER-CANDIDATE-STATE in DEFUN
WARNING: redefining WOULDWORK::ENSURE-RECORDER-CHAIN-FOR-GOAL-CHAIN-SESSION in DEFUN
WARNING: redefining WOULDWORK::RECORDER-PHASE-SOLUTION-TYPE in DEFUN
WARNING: redefining WOULDWORK::RECORDER-SEGMENTS-FROM-GOAL-CHAIN-PHASES in DEFUN
WARNING: redefining WOULDWORK::VALIDATE-RECORDER-GOAL-CHAIN-PREFIX in DEFUN
WARNING: redefining WOULDWORK::COMMIT-RECORDER-GOAL-CHAIN in DEFUN
WARNING: redefining WOULDWORK::SOLVE-RECORDER-SUBGOAL-FORM in DEFUN
WARNING: redefining WOULDWORK::SOLVE-RECORDER-FINAL in DEFUN
Installing STOP-RECORDER action...
Installing dynamic relations...
Installing UPDATE-PLATE-STATUS! update-fn...
Installing dynamic relations...
Creating initial propositional database...
Installing INITIALIZE-DERIVED-STATE init action...
Installing ADVANCE-CYCLE-TO-MIDDLE action...
Installing ADVANCE-CYCLE-TO-END action...
Installing goal...
Initializing...
Installing START-RECORDER action...
Deriving propagation driver: INITIALIZE-RECORDING-SWITCH-STATE! UPDATE-RECORDING-BLOWER-STATUS! UPDATE-PLATE-STATUS! UPDATE-RECORDING-PLATE-STATUS!
Installing PROPAGATE-CONSEQUENCES! update-fn...
Optimizing lambda expressions and compiling...
  CANCEL-PLAYBACK...
  STOP-RECORDER...
  ADVANCE-CYCLE-TO-MIDDLE...
  ADVANCE-CYCLE-TO-END...
  START-RECORDER...
  OBJECT-MANIPULATION-ALLOWED...
  SUPPORT-USE-ALLOWED...
  SUPPORT-OCCUPANCY-CONFLICT-P...
  CONNECTOR-PAIRING-ALLOWED...
  CONNECTOR-LOCATION-CONFLICT-P...
  RECORDING-SHADOW-OBJECT...
  RECORDING-SHADOW-OBJECT-PRESENT...
  RECORDING-SHADOW-TURNING...
  RECORDING-SHADOW-GATE-OPEN...
  LIVE-RECORDING-OBJECT...
  GHOST-RECORDING-OBJECT...
  RECORDING-SHADOW-VIEW-OBJECT...
  SAME-RECORDING-SIDE...
  RECORDER-CYCLE-COUNT...
  BEAM-REACHES-RECEIVER...
  RECORDING-SHADOW-BEAM-REACHES-RECEIVER...
  BEAM-LIVE-FOR-CUTTING...
  DIRECT-BEAM-REACHES-RECEIVER...
  RELAY-BEAM-REACHES-RECEIVER...
  RECORDING-SHADOW-DIRECT-BEAM-REACHES-RECEIVER...
  RECORDING-SHADOW-RELAY-BEAM-REACHES-RECEIVER...
  DIRECT-BEAM-LIVE-FOR-CUTTING...
  RELAY-BEAM-LIVE-FOR-CUTTING...
  BEAM-CUT...
  BEAM-CUT-IN...
  CURRENT-CROSSING-SET...
  FIXED-BEAM-CORRIDOR-CLEAR...
  FIXED-BEAM-CORRIDOR-CLEAR-FOR-OBJECT...
  COMPUTE-RELAY-LIGHTING...
  COMPUTE-RELAY-LIGHTING-FOR-OBJECT...
  BEAM-RELAY-SOURCE-DISTANCE...
  ENERGIZED...
  CONTROL-ON...
  SUPPORT-OCCUPIED...
  CLEARTOP...
  RECORDING-PLATE-OCCUPIED...
  RECORDING-CONTROLLER-ENERGIZED...
  RECORDING-CONTROL-ON...
  RECORDING-JAMMED...
  GATE-OPEN-FOR-OBJECT...
  MOBILITY-RESULTS...
  MOBILITY-LOCATIONS...
  TRAVERSABLE...
  RECORDING-AGENT-EMPTY-HANDED...
  RECORDER-CYCLE-ENDED...
  GHOST-STOPS-RECORDER...
  RECORDING-AGENT-CAN-CLOSE...
  RECORDING-AGENT-RETURN-ROUTE...
  RECORDING-AGENT-AT-RECORDER...
  RECORDER-CLOSED-GHOST-FREE...
  RECORDER-CYCLE-BOUNDARY-SAFE...
  PROPAGATE-CHANGES!...
  PROPAGATE-CONSEQUENCES!...
  UPDATE-RECEIVER-STATUS!...
  UPDATE-RECORDING-PLATE-STATUS!...
  UPDATE-RECORDING-RECEIVER-STATUS!...
  INITIALIZE-RECORDING-SWITCH-STATE!...
  UPDATE-RECORDING-GATE-STATUS!...
  UPDATE-RECORDING-BLOWER-STATUS!...
  UPDATE-PLATE-STATUS!...
  enum relation requires predicates...
  GOAL-FN...
Adding init-action propositions to initial database...
INITIALIZE-DERIVED-STATE...


Current parameter settings:
  *PROBLEM-NAME* => RECORDER-CYCLE-ORCHESTRATION-TEST
  *PROBLEM-TYPE* => PLANNING
  *ALGORITHM* => DEPTH-FIRST
  *TREE-OR-GRAPH* => GRAPH
  *SOLUTION-TYPE* => MIN-LENGTH
  *DEPTH-CUTOFF* => 4
  *THREADS* => 0
  *RANDOMIZE-SEARCH* => NIL
  *DEBUG* => 0
  *PROBE* => NIL
  *GOAL* => (AND (CYCLE-AT CYCLE-END) (GHOST-STOPS-RECORDER))
  *SYMMETRY-PRUNING* => NIL
  *MAX-RECORDER-CYCLES* => 1
  *RECORDER-PREFIX-PRUNING* => NIL
  *PROGRESS-REPORTING-INTERVAL* => 100,000
  *BRANCH* TO EXPLORE => ALL
  HEURISTIC? => NIL
  EXOGENOUS HAPPENINGS => NIL
  BOUNDING FUNCTION? => NIL
  MIN STEPS REMAINING? => NIL



Current parameter settings:
  *PROBLEM-NAME* => RECORDER-CYCLE-ORCHESTRATION-TEST
  *PROBLEM-TYPE* => PLANNING
  *ALGORITHM* => DEPTH-FIRST
  *TREE-OR-GRAPH* => GRAPH
  *SOLUTION-TYPE* => MIN-LENGTH
  *DEPTH-CUTOFF* => 4
  *THREADS* => 0
  *RANDOMIZE-SEARCH* => NIL
  *DEBUG* => 0
  *PROBE* => NIL
  *GOAL* => (AND (CYCLE-AT CYCLE-END) (GHOST-STOPS-RECORDER))
  *SYMMETRY-PRUNING* => NIL
  *MAX-RECORDER-CYCLES* => 1
  *RECORDER-PREFIX-PRUNING* => NIL
  *PROGRESS-REPORTING-INTERVAL* => 100,000
  *BRANCH* TO EXPLORE => ALL
  HEURISTIC? => NIL
  EXOGENOUS HAPPENINGS => NIL
  BOUNDING FUNCTION? => NIL
  MIN STEPS REMAINING? => NIL

Installing goal...
working...


New path to goal found at depth = 2

In problem RECORDER-CYCLE-ORCHESTRATION-TEST, performed GRAPH search for MIN-LENGTH solution.

DEPTH-FIRST search process completed normally.

Depth cutoff = 4

Maximum depth explored = 2

Program cycles = 2

Total states processed = 5

Repeated states pruned = 0, ie, 0.0 percent

Search-prefix validation pruned 0 states, 0.0% of 2 prefix validations.
  validate-recorder-cycle-boundary-prefix: 2 checks, 0 rejections.
  validate-recorder-recording-prefix: disabled.

Average branching factor = 2.0


Candidate solution validation:
  Nominal goal paths checked = 1
  Accepted = 1
  Rejected = 0

Start state:
((CYCLE-AT CYCLE-START) (HAS-LOCATION LIVE-AGENT RECORDER-SITE))

Goal:
(CYCLE-AT CYCLE-MIDDLE)



Total solution paths recorded = 1, of which 1 is/are unique solution paths
Check *solution-paths* and *unique-solution-states* for solution records.

Number of steps in a minimum path length solution = 2

A minimum length solution path from start state to goal state:
(0.0 (START-STATE))
((CYCLE-AT CYCLE-START) (HAS-LOCATION LIVE-AGENT RECORDER-SITE))

(1.0 (START-RECORDER > LIVE-AGENT starts the recorder))
((CYCLE-AT CYCLE-START) (HAS-LOCATION LIVE-AGENT RECORDER-SITE) (HAS-LOCATION GHOST-AGENT RECORDER-SITE) (RECORDER-CYCLES-USED 1)
 (RECORDING-IN-PROGRESS))

(3.0 (ADVANCE-CYCLE-TO-MIDDLE > GHOST-AGENT reaches the first embedded checkpoint))
((CYCLE-AT CYCLE-MIDDLE) (HAS-LOCATION LIVE-AGENT RECORDER-SITE) (HAS-LOCATION GHOST-AGENT RECORDER-SITE) (RECORDER-CYCLES-USED 1)
 (RECORDING-IN-PROGRESS))


Evaluation took:
  0.000 seconds of real time
  0.000000 seconds of total run time (0.000000 user, 0.000000 system)
  100.00% CPU
  2,322,077 processor cycles
  5,179,424 bytes consed
  

Subgoal checkpoint reached: (CYCLE-AT CYCLE-MIDDLE)
  Segment depth: 2
  Cumulative depth: 2
  Recorder cycle 1 remains open.
  Accumulated prefix replay: accepted.

Recorder phases accumulated through this checkpoint:

Setup phase:

Recording phase:
(1.0 (START-RECORDER > LIVE-AGENT starts the recorder))
(3.0 (ADVANCE-CYCLE-TO-MIDDLE > GHOST-AGENT reaches the first embedded checkpoint))
(STOP-RECORDER)

Playback phase:
Closure: synthesized.
Cycle metrics: depth 2, elapsed time 3.0, value change 7.0.
Complete solution totals: depth 2, elapsed time 3.0, value change 7.0.
Installing goal...
Exported 1 checkpoint and 2 actions to C:/Users/user/AppData/Local/Temp/wouldwork-standalone-checkpoint-test.txt.
  included technology: -physical-init-checks
  included technology: -location
  included technology: -holding
  included technology: -plate-types
  included technology: -position
  included technology: -interaction-policy
  included technology: -recording-shadow-policy
  included technology: -recorder-core
  included technology: -propagation
  included technology: -beam-substrate-init-checks
  included technology: -beam-substrate
  included technology: -apparatus-coordinates
  included technology: -switch
  included technology: -controls-init-checks
  included technology: -controls
  included technology: -support-occupancy
  included technology: -recorder-plate-shadow
  included technology: -recorder-receiver-shadow
  included technology: -recorder-switch-shadow
  included technology: -recorder-controls-shadow
  included technology: -recorder-jamming-shadow
  included technology: -gate
  included technology: -recorder-gate-shadow
  included technology: -recorder-blower-shadow
  included technology: -mobility
  included technology: -recorder-solution
  included technology: -recorder-cycle-boundary
  included technology: -recorder-fork-registry
  included technology: -recorder-session
  included technology: -recorder-cycle-chaining
  included technology: -recorder-init-checks
  included technology: recorder
  included technology: plate
Installing object types...
Installing object types...
Installing dynamic relations...
Installing object types...
Installing dynamic relations...
Installing optional types...
Installing object types...
Installing object types...
Installing static relations...
Installing OBJECT-MANIPULATION-ALLOWED query-fn...
Installing SUPPORT-USE-ALLOWED query-fn...
Installing SUPPORT-OCCUPANCY-CONFLICT-P query-fn...
Installing CONNECTOR-PAIRING-ALLOWED query-fn...
Installing CONNECTOR-LOCATION-CONFLICT-P query-fn...
Installing RECORDING-SHADOW-OBJECT query-fn...
Installing RECORDING-SHADOW-OBJECT-PRESENT query-fn...
Installing RECORDING-SHADOW-TURNING query-fn...
Installing RECORDING-SHADOW-GATE-OPEN query-fn...
Installing optional types...
Installing static relations...
WARNING: redefining WOULDWORK::DERIVE-RECORDING-COPY-LITERALS in DEFUN
Installing dynamic relations...
Installing LIVE-RECORDING-OBJECT query-fn...
Installing GHOST-RECORDING-OBJECT query-fn...
Installing RECORDING-SHADOW-VIEW-OBJECT query-fn...
Installing SAME-RECORDING-SIDE query-fn...
Installing RECORDER-CYCLE-COUNT query-fn...
Installing RECORDING-SHADOW-OBJECT query-fn...
Installing RECORDING-SHADOW-OBJECT-PRESENT query-fn...
Installing OBJECT-MANIPULATION-ALLOWED query-fn...
Installing SUPPORT-USE-ALLOWED query-fn...
Installing SUPPORT-OCCUPANCY-CONFLICT-P query-fn...
Installing CONNECTOR-PAIRING-ALLOWED query-fn...
Installing CONNECTOR-LOCATION-CONFLICT-P query-fn...
Installing PROPAGATE-CHANGES! update-fn...
Installing PROPAGATE-CONSEQUENCES! update-fn...
Installing optional types...
Installing object types...
Installing dynamic relations...
Installing static relations...
Installing UPDATE-RECEIVER-STATUS! update-fn...
Installing BEAM-REACHES-RECEIVER query-fn...
Installing RECORDING-SHADOW-BEAM-REACHES-RECEIVER query-fn...
Installing BEAM-LIVE-FOR-CUTTING query-fn...
Installing DIRECT-BEAM-REACHES-RECEIVER query-fn...
Installing RELAY-BEAM-REACHES-RECEIVER query-fn...
Installing RECORDING-SHADOW-DIRECT-BEAM-REACHES-RECEIVER query-fn...
Installing RECORDING-SHADOW-RELAY-BEAM-REACHES-RECEIVER query-fn...
Installing DIRECT-BEAM-LIVE-FOR-CUTTING query-fn...
Installing RELAY-BEAM-LIVE-FOR-CUTTING query-fn...
Installing BEAM-CUT query-fn...
Installing BEAM-CUT-IN query-fn...
Installing CURRENT-CROSSING-SET query-fn...
Installing FIXED-BEAM-CORRIDOR-CLEAR query-fn...
Installing FIXED-BEAM-CORRIDOR-CLEAR-FOR-OBJECT query-fn...
Installing COMPUTE-RELAY-LIGHTING query-fn...
Installing COMPUTE-RELAY-LIGHTING-FOR-OBJECT query-fn...
Installing BEAM-RELAY-SOURCE-DISTANCE query-fn...
Installing optional types...
Installing static relations...
Installing optional types...
Installing dynamic relations...
Installing optional types...
Installing object types...
Installing static relations...
Installing ENERGIZED query-fn...
Installing CONTROL-ON query-fn...
Installing object types...
Installing dynamic relations...
Installing SUPPORT-OCCUPIED query-fn...
Installing CLEARTOP query-fn...
Installing dynamic relations...
Installing RECORDING-PLATE-OCCUPIED query-fn...
Installing UPDATE-RECORDING-PLATE-STATUS! update-fn...
Installing dynamic relations...
Installing UPDATE-RECORDING-RECEIVER-STATUS! update-fn...
Installing dynamic relations...
Installing INITIALIZE-RECORDING-SWITCH-STATE! update-fn...
Installing RECORDING-CONTROLLER-ENERGIZED query-fn...
Installing RECORDING-CONTROL-ON query-fn...
Installing optional types...
Installing RECORDING-JAMMED query-fn...
Installing optional types...
Installing dynamic relations...
Installing GATE-OPEN-FOR-OBJECT query-fn...
Installing dynamic relations...
Installing RECORDING-SHADOW-GATE-OPEN query-fn...
Installing UPDATE-RECORDING-GATE-STATUS! update-fn...
Installing optional types...
Installing object types...
Installing dynamic relations...
Installing RECORDING-SHADOW-TURNING query-fn...
Installing UPDATE-RECORDING-BLOWER-STATUS! update-fn...
Installing MOBILITY-RESULTS query-fn...
Installing MOBILITY-LOCATIONS query-fn...
Installing TRAVERSABLE query-fn...
Installing RECORDING-AGENT-EMPTY-HANDED query-fn...
Installing RECORDER-CYCLE-ENDED query-fn...
Installing GHOST-STOPS-RECORDER query-fn...
Installing RECORDING-AGENT-CAN-CLOSE query-fn...
Installing RECORDING-AGENT-RETURN-ROUTE query-fn...
Installing RECORDING-AGENT-AT-RECORDER query-fn...
Installing RECORDER-CLOSED-GHOST-FREE query-fn...
Installing RECORDER-CYCLE-BOUNDARY-SAFE query-fn...
Installing optional types...
Installing CANCEL-PLAYBACK action...
Installing STOP-RECORDER action...
Installing dynamic relations...
Installing UPDATE-PLATE-STATUS! update-fn...
Installing dynamic relations...
Creating initial propositional database...
Installing INITIALIZE-DERIVED-STATE init action...
Installing ADVANCE-CYCLE-TO-MIDDLE action...
Installing ADVANCE-CYCLE-TO-END action...
Installing goal...
Initializing...
Installing START-RECORDER action...
Deriving propagation driver: INITIALIZE-RECORDING-SWITCH-STATE! UPDATE-RECORDING-BLOWER-STATUS! UPDATE-PLATE-STATUS! UPDATE-RECORDING-PLATE-STATUS!
Installing PROPAGATE-CONSEQUENCES! update-fn...
Optimizing lambda expressions and compiling...
  CANCEL-PLAYBACK...
  STOP-RECORDER...
  ADVANCE-CYCLE-TO-MIDDLE...
  ADVANCE-CYCLE-TO-END...
  START-RECORDER...
  OBJECT-MANIPULATION-ALLOWED...
  SUPPORT-USE-ALLOWED...
  SUPPORT-OCCUPANCY-CONFLICT-P...
  CONNECTOR-PAIRING-ALLOWED...
  CONNECTOR-LOCATION-CONFLICT-P...
  RECORDING-SHADOW-OBJECT...
  RECORDING-SHADOW-OBJECT-PRESENT...
  RECORDING-SHADOW-TURNING...
  RECORDING-SHADOW-GATE-OPEN...
  LIVE-RECORDING-OBJECT...
  GHOST-RECORDING-OBJECT...
  RECORDING-SHADOW-VIEW-OBJECT...
  SAME-RECORDING-SIDE...
  RECORDER-CYCLE-COUNT...
  BEAM-REACHES-RECEIVER...
  RECORDING-SHADOW-BEAM-REACHES-RECEIVER...
  BEAM-LIVE-FOR-CUTTING...
  DIRECT-BEAM-REACHES-RECEIVER...
  RELAY-BEAM-REACHES-RECEIVER...
  RECORDING-SHADOW-DIRECT-BEAM-REACHES-RECEIVER...
  RECORDING-SHADOW-RELAY-BEAM-REACHES-RECEIVER...
  DIRECT-BEAM-LIVE-FOR-CUTTING...
  RELAY-BEAM-LIVE-FOR-CUTTING...
  BEAM-CUT...
  BEAM-CUT-IN...
  CURRENT-CROSSING-SET...
  FIXED-BEAM-CORRIDOR-CLEAR...
  FIXED-BEAM-CORRIDOR-CLEAR-FOR-OBJECT...
  COMPUTE-RELAY-LIGHTING...
  COMPUTE-RELAY-LIGHTING-FOR-OBJECT...
  BEAM-RELAY-SOURCE-DISTANCE...
  ENERGIZED...
  CONTROL-ON...
  SUPPORT-OCCUPIED...
  CLEARTOP...
  RECORDING-PLATE-OCCUPIED...
  RECORDING-CONTROLLER-ENERGIZED...
  RECORDING-CONTROL-ON...
  RECORDING-JAMMED...
  GATE-OPEN-FOR-OBJECT...
  MOBILITY-RESULTS...
  MOBILITY-LOCATIONS...
  TRAVERSABLE...
  RECORDING-AGENT-EMPTY-HANDED...
  RECORDER-CYCLE-ENDED...
  GHOST-STOPS-RECORDER...
  RECORDING-AGENT-CAN-CLOSE...
  RECORDING-AGENT-RETURN-ROUTE...
  RECORDING-AGENT-AT-RECORDER...
  RECORDER-CLOSED-GHOST-FREE...
  RECORDER-CYCLE-BOUNDARY-SAFE...
  PROPAGATE-CHANGES!...
  PROPAGATE-CONSEQUENCES!...
  UPDATE-RECEIVER-STATUS!...
  UPDATE-RECORDING-PLATE-STATUS!...
  UPDATE-RECORDING-RECEIVER-STATUS!...
  INITIALIZE-RECORDING-SWITCH-STATE!...
  UPDATE-RECORDING-GATE-STATUS!...
  UPDATE-RECORDING-BLOWER-STATUS!...
  UPDATE-PLATE-STATUS!...
  enum relation requires predicates...
  GOAL-FN...
Adding init-action propositions to initial database...
INITIALIZE-DERIVED-STATE...


Current parameter settings:
  *PROBLEM-NAME* => RECORDER-CYCLE-ORCHESTRATION-TEST
  *PROBLEM-TYPE* => PLANNING
  *ALGORITHM* => DEPTH-FIRST
  *TREE-OR-GRAPH* => GRAPH
  *SOLUTION-TYPE* => MIN-LENGTH
  *DEPTH-CUTOFF* => 4
  *THREADS* => 0
  *RANDOMIZE-SEARCH* => NIL
  *DEBUG* => 0
  *PROBE* => NIL
  *GOAL* => (AND (CYCLE-AT CYCLE-END) (GHOST-STOPS-RECORDER))
  *SYMMETRY-PRUNING* => NIL
  *MAX-RECORDER-CYCLES* => 1
  *RECORDER-PREFIX-PRUNING* => NIL
  *PROGRESS-REPORTING-INTERVAL* => 100,000
  *BRANCH* TO EXPLORE => ALL
  HEURISTIC? => NIL
  EXOGENOUS HAPPENINGS => NIL
  BOUNDING FUNCTION? => NIL
  MIN STEPS REMAINING? => NIL

  included technology: -physical-init-checks
  included technology: -location
  included technology: -holding
  included technology: -plate-types
  included technology: -position
  included technology: -interaction-policy
  included technology: -recording-shadow-policy
  included technology: -recorder-core
  included technology: -propagation
  included technology: -beam-substrate-init-checks
  included technology: -beam-substrate
  included technology: -apparatus-coordinates
  included technology: -switch
  included technology: -controls-init-checks
  included technology: -controls
  included technology: -support-occupancy
  included technology: -recorder-plate-shadow
  included technology: -recorder-receiver-shadow
  included technology: -recorder-switch-shadow
  included technology: -recorder-controls-shadow
  included technology: -recorder-jamming-shadow
  included technology: -gate
  included technology: -recorder-gate-shadow
  included technology: -recorder-blower-shadow
  included technology: -mobility
  included technology: -recorder-solution
  included technology: -recorder-cycle-boundary
  included technology: -recorder-fork-registry
  included technology: -recorder-session
  included technology: -recorder-cycle-chaining
  included technology: -recorder-init-checks
  included technology: recorder
  included technology: plate
Installing object types...
Installing object types...
Installing dynamic relations...
Installing object types...
Installing dynamic relations...
Installing optional types...
Installing object types...
Installing object types...
Installing static relations...
Installing OBJECT-MANIPULATION-ALLOWED query-fn...
Installing SUPPORT-USE-ALLOWED query-fn...
Installing SUPPORT-OCCUPANCY-CONFLICT-P query-fn...
Installing CONNECTOR-PAIRING-ALLOWED query-fn...
Installing CONNECTOR-LOCATION-CONFLICT-P query-fn...
Installing RECORDING-SHADOW-OBJECT query-fn...
Installing RECORDING-SHADOW-OBJECT-PRESENT query-fn...
Installing RECORDING-SHADOW-TURNING query-fn...
Installing RECORDING-SHADOW-GATE-OPEN query-fn...
Installing optional types...
Installing static relations...
WARNING: redefining WOULDWORK::DERIVE-RECORDING-COPY-LITERALS in DEFUN
Installing dynamic relations...
Installing LIVE-RECORDING-OBJECT query-fn...
Installing GHOST-RECORDING-OBJECT query-fn...
Installing RECORDING-SHADOW-VIEW-OBJECT query-fn...
Installing SAME-RECORDING-SIDE query-fn...
Installing RECORDER-CYCLE-COUNT query-fn...
Installing RECORDING-SHADOW-OBJECT query-fn...
Installing RECORDING-SHADOW-OBJECT-PRESENT query-fn...
Installing OBJECT-MANIPULATION-ALLOWED query-fn...
Installing SUPPORT-USE-ALLOWED query-fn...
Installing SUPPORT-OCCUPANCY-CONFLICT-P query-fn...
Installing CONNECTOR-PAIRING-ALLOWED query-fn...
Installing CONNECTOR-LOCATION-CONFLICT-P query-fn...
Installing PROPAGATE-CHANGES! update-fn...
Installing PROPAGATE-CONSEQUENCES! update-fn...
Installing optional types...
Installing object types...
Installing dynamic relations...
Installing static relations...
Installing UPDATE-RECEIVER-STATUS! update-fn...
Installing BEAM-REACHES-RECEIVER query-fn...
Installing RECORDING-SHADOW-BEAM-REACHES-RECEIVER query-fn...
Installing BEAM-LIVE-FOR-CUTTING query-fn...
Installing DIRECT-BEAM-REACHES-RECEIVER query-fn...
Installing RELAY-BEAM-REACHES-RECEIVER query-fn...
Installing RECORDING-SHADOW-DIRECT-BEAM-REACHES-RECEIVER query-fn...
Installing RECORDING-SHADOW-RELAY-BEAM-REACHES-RECEIVER query-fn...
Installing DIRECT-BEAM-LIVE-FOR-CUTTING query-fn...
Installing RELAY-BEAM-LIVE-FOR-CUTTING query-fn...
Installing BEAM-CUT query-fn...
Installing BEAM-CUT-IN query-fn...
Installing CURRENT-CROSSING-SET query-fn...
Installing FIXED-BEAM-CORRIDOR-CLEAR query-fn...
Installing FIXED-BEAM-CORRIDOR-CLEAR-FOR-OBJECT query-fn...
Installing COMPUTE-RELAY-LIGHTING query-fn...
Installing COMPUTE-RELAY-LIGHTING-FOR-OBJECT query-fn...
Installing BEAM-RELAY-SOURCE-DISTANCE query-fn...
Installing optional types...
Installing static relations...
Installing optional types...
Installing dynamic relations...
Installing optional types...
Installing object types...
Installing static relations...
Installing ENERGIZED query-fn...
Installing CONTROL-ON query-fn...
Installing object types...
Installing dynamic relations...
Installing SUPPORT-OCCUPIED query-fn...
Installing CLEARTOP query-fn...
Installing dynamic relations...
Installing RECORDING-PLATE-OCCUPIED query-fn...
Installing UPDATE-RECORDING-PLATE-STATUS! update-fn...
Installing dynamic relations...
Installing UPDATE-RECORDING-RECEIVER-STATUS! update-fn...
Installing dynamic relations...
Installing INITIALIZE-RECORDING-SWITCH-STATE! update-fn...
Installing RECORDING-CONTROLLER-ENERGIZED query-fn...
Installing RECORDING-CONTROL-ON query-fn...
Installing optional types...
Installing RECORDING-JAMMED query-fn...
Installing optional types...
Installing dynamic relations...
Installing GATE-OPEN-FOR-OBJECT query-fn...
Installing dynamic relations...
Installing RECORDING-SHADOW-GATE-OPEN query-fn...
Installing UPDATE-RECORDING-GATE-STATUS! update-fn...
Installing optional types...
Installing object types...
Installing dynamic relations...
Installing RECORDING-SHADOW-TURNING query-fn...
Installing UPDATE-RECORDING-BLOWER-STATUS! update-fn...
Installing MOBILITY-RESULTS query-fn...
Installing MOBILITY-LOCATIONS query-fn...
Installing TRAVERSABLE query-fn...
Installing RECORDING-AGENT-EMPTY-HANDED query-fn...
Installing RECORDER-CYCLE-ENDED query-fn...
Installing GHOST-STOPS-RECORDER query-fn...
Installing RECORDING-AGENT-CAN-CLOSE query-fn...
Installing RECORDING-AGENT-RETURN-ROUTE query-fn...
Installing RECORDING-AGENT-AT-RECORDER query-fn...
Installing RECORDER-CLOSED-GHOST-FREE query-fn...
Installing RECORDER-CYCLE-BOUNDARY-SAFE query-fn...
Installing optional types...
Installing CANCEL-PLAYBACK action...
Installing STOP-RECORDER action...
Installing dynamic relations...
Installing UPDATE-PLATE-STATUS! update-fn...
Installing dynamic relations...
Creating initial propositional database...
Installing INITIALIZE-DERIVED-STATE init action...
Installing ADVANCE-CYCLE-TO-MIDDLE action...
Installing ADVANCE-CYCLE-TO-END action...
Installing goal...
Initializing...
Installing START-RECORDER action...
Deriving propagation driver: INITIALIZE-RECORDING-SWITCH-STATE! UPDATE-RECORDING-BLOWER-STATUS! UPDATE-PLATE-STATUS! UPDATE-RECORDING-PLATE-STATUS!
Installing PROPAGATE-CONSEQUENCES! update-fn...
Optimizing lambda expressions and compiling...
  CANCEL-PLAYBACK...
  STOP-RECORDER...
  ADVANCE-CYCLE-TO-MIDDLE...
  ADVANCE-CYCLE-TO-END...
  START-RECORDER...
  OBJECT-MANIPULATION-ALLOWED...
  SUPPORT-USE-ALLOWED...
  SUPPORT-OCCUPANCY-CONFLICT-P...
  CONNECTOR-PAIRING-ALLOWED...
  CONNECTOR-LOCATION-CONFLICT-P...
  RECORDING-SHADOW-OBJECT...
  RECORDING-SHADOW-OBJECT-PRESENT...
  RECORDING-SHADOW-TURNING...
  RECORDING-SHADOW-GATE-OPEN...
  LIVE-RECORDING-OBJECT...
  GHOST-RECORDING-OBJECT...
  RECORDING-SHADOW-VIEW-OBJECT...
  SAME-RECORDING-SIDE...
  RECORDER-CYCLE-COUNT...
  BEAM-REACHES-RECEIVER...
  RECORDING-SHADOW-BEAM-REACHES-RECEIVER...
  BEAM-LIVE-FOR-CUTTING...
  DIRECT-BEAM-REACHES-RECEIVER...
  RELAY-BEAM-REACHES-RECEIVER...
  RECORDING-SHADOW-DIRECT-BEAM-REACHES-RECEIVER...
  RECORDING-SHADOW-RELAY-BEAM-REACHES-RECEIVER...
  DIRECT-BEAM-LIVE-FOR-CUTTING...
  RELAY-BEAM-LIVE-FOR-CUTTING...
  BEAM-CUT...
  BEAM-CUT-IN...
  CURRENT-CROSSING-SET...
  FIXED-BEAM-CORRIDOR-CLEAR...
  FIXED-BEAM-CORRIDOR-CLEAR-FOR-OBJECT...
  COMPUTE-RELAY-LIGHTING...
  COMPUTE-RELAY-LIGHTING-FOR-OBJECT...
  BEAM-RELAY-SOURCE-DISTANCE...
  ENERGIZED...
  CONTROL-ON...
  SUPPORT-OCCUPIED...
  CLEARTOP...
  RECORDING-PLATE-OCCUPIED...
  RECORDING-CONTROLLER-ENERGIZED...
  RECORDING-CONTROL-ON...
  RECORDING-JAMMED...
  GATE-OPEN-FOR-OBJECT...
  MOBILITY-RESULTS...
  MOBILITY-LOCATIONS...
  TRAVERSABLE...
  RECORDING-AGENT-EMPTY-HANDED...
  RECORDER-CYCLE-ENDED...
  GHOST-STOPS-RECORDER...
  RECORDING-AGENT-CAN-CLOSE...
  RECORDING-AGENT-RETURN-ROUTE...
  RECORDING-AGENT-AT-RECORDER...
  RECORDER-CLOSED-GHOST-FREE...
  RECORDER-CYCLE-BOUNDARY-SAFE...
  PROPAGATE-CHANGES!...
  PROPAGATE-CONSEQUENCES!...
  UPDATE-RECEIVER-STATUS!...
  UPDATE-RECORDING-PLATE-STATUS!...
  UPDATE-RECORDING-RECEIVER-STATUS!...
  INITIALIZE-RECORDING-SWITCH-STATE!...
  UPDATE-RECORDING-GATE-STATUS!...
  UPDATE-RECORDING-BLOWER-STATUS!...
  UPDATE-PLATE-STATUS!...
  enum relation requires predicates...
  GOAL-FN...
Adding init-action propositions to initial database...
INITIALIZE-DERIVED-STATE...


Current parameter settings:
  *PROBLEM-NAME* => RECORDER-CYCLE-ORCHESTRATION-TEST
  *PROBLEM-TYPE* => PLANNING
  *ALGORITHM* => DEPTH-FIRST
  *TREE-OR-GRAPH* => GRAPH
  *SOLUTION-TYPE* => MIN-LENGTH
  *DEPTH-CUTOFF* => 4
  *THREADS* => 16
  *RANDOMIZE-SEARCH* => NIL
  *DEBUG* => 0
  *PROBE* => NIL
  *GOAL* => (AND (CYCLE-AT CYCLE-END) (GHOST-STOPS-RECORDER))
  *SYMMETRY-PRUNING* => NIL
  *MAX-RECORDER-CYCLES* => 1
  *RECORDER-PREFIX-PRUNING* => NIL
  *PROGRESS-REPORTING-INTERVAL* => 100,000
  *BRANCH* TO EXPLORE => ALL
  HEURISTIC? => NIL
  EXOGENOUS HAPPENINGS => NIL
  BOUNDING FUNCTION? => NIL
  MIN STEPS REMAINING? => NIL

  For parallel settings: (display-parallel-parameters)

Installing goal...
Restored 1 checkpoints, 2 actions by replay; no search.
Installing goal...
Installing goal...
working with 16 thread(s)...



========================================
Partitioned Parallel Search
========================================
  Threads: 16
  Mode: GRAPH / MIN-LENGTH
  Branch-and-bound: ENABLED
  Work donation: ENABLED
  Closed shards: 64
----------------------------------------

Generating tasks (split-depth-max=20)...
Generating tasks: target=256, safety-cap-depth=20
New path to goal found at depth = 1
Generated 0 tasks at depths 0-2
Search completed during task generation

Parallel Search Timing Breakdown:
  Task generation: 0 ms
  Worker search:   0 ms
  Finalization:    0 ms
  Total:           0 ms

Per-Worker Statistics:

  Worker  States     Cycles    Max-Depth  Solutions  Donated
  ------  ---------  ---------  ---------  ---------  --------
       0          0          0          0          0         0
       1          0          0          0          0         0
       2          0          0          0          0         0
       3          0          0          0          0         0
       4          0          0          0          0         0
       5          0          0          0          0         0
       6          0          0          0          0         0
       7          0          0          0          0         0
       8          0          0          0          0         0
       9          0          0          0          0         0
      10          0          0          0          0         0
      11          0          0          0          0         0
      12          0          0          0          0         0
      13          0          0          0          0         0
      14          0          0          0          0         0
      15          0          0          0          0         0


Closed Shard Distribution (64 shards):
  Total entries : 3
  Mean / shard  : 0.0
  Max / shard   : 1
  Min / shard   : 0
  Skew (max/min): INFINITE
  Top-5 shards  : #0(1) #44(1) #48(1) #1(0) #2(0)



In problem RECORDER-CYCLE-ORCHESTRATION-TEST, performed GRAPH search for MIN-LENGTH solution.

DEPTH-FIRST search process completed normally.

Depth cutoff = 4

Maximum depth explored = 0

Program cycles = 0

Total states processed = 4

Repeated states pruned = 0, ie, 0.0 percent

Search-prefix validation pruned 0 states, 0.0% of 2 prefix validations.
  validate-recorder-cycle-boundary-prefix: 2 checks, 0 rejections.
  validate-recorder-recording-prefix: disabled.

Average branching factor = 0.0


Candidate solution validation:
  Nominal goal paths checked = 1
  Accepted = 1
  Rejected = 0

Start state:
((CYCLE-AT CYCLE-MIDDLE) (HAS-LOCATION LIVE-AGENT RECORDER-SITE) (HAS-LOCATION GHOST-AGENT RECORDER-SITE) (RECORDER-CYCLES-USED 1)
 (RECORDING-IN-PROGRESS))

Goal:
(CYCLE-AT CYCLE-END)



Total solution paths recorded = 1, of which 1 is/are unique solution paths
Check *solution-paths* and *unique-solution-states* for solution records.

Number of steps in a minimum path length solution = 1

A minimum length solution path from start state to goal state:
(3.0 (START-STATE))
((CYCLE-AT CYCLE-MIDDLE) (HAS-LOCATION LIVE-AGENT RECORDER-SITE) (HAS-LOCATION GHOST-AGENT RECORDER-SITE) (RECORDER-CYCLES-USED 1)
 (RECORDING-IN-PROGRESS))

(6.0 (ADVANCE-CYCLE-TO-END > GHOST-AGENT reaches the second embedded checkpoint))
((CYCLE-AT CYCLE-END) (HAS-LOCATION LIVE-AGENT RECORDER-SITE) (HAS-LOCATION GHOST-AGENT RECORDER-SITE) (RECORDER-CYCLES-USED 1)
 (RECORDING-IN-PROGRESS))


Evaluation took:
  0.005 seconds of real time
  0.000000 seconds of total run time (0.000000 user, 0.000000 system)
  [ Real times consist of 0.004 seconds GC time, and 0.001 seconds non-GC time. ]
  0.00% CPU
  17,219,024 processor cycles
  10,251,504 bytes consed
  
Saved checkpoint 2; cumulative depth 3. Not independently replayed.
Exported 3 actions to C:/Users/user/AppData/Local/Temp/wouldwork-standalone-checkpoint-test.txt.
  included technology: -physical-init-checks
  included technology: -location
  included technology: -holding
  included technology: -plate-types
  included technology: -position
  included technology: -interaction-policy
  included technology: -recording-shadow-policy
  included technology: -recorder-core
  included technology: -propagation
  included technology: -beam-substrate-init-checks
  included technology: -beam-substrate
  included technology: -apparatus-coordinates
  included technology: -switch
  included technology: -controls-init-checks
  included technology: -controls
  included technology: -support-occupancy
  included technology: -recorder-plate-shadow
  included technology: -recorder-receiver-shadow
  included technology: -recorder-switch-shadow
  included technology: -recorder-controls-shadow
  included technology: -recorder-jamming-shadow
  included technology: -gate
  included technology: -recorder-gate-shadow
  included technology: -recorder-blower-shadow
  included technology: -mobility
  included technology: -recorder-solution
  included technology: -recorder-cycle-boundary
  included technology: -recorder-fork-registry
  included technology: -recorder-session
  included technology: -recorder-cycle-chaining
  included technology: -recorder-init-checks
  included technology: recorder
  included technology: plate
Installing object types...
Installing object types...
Installing dynamic relations...
Installing object types...
Installing dynamic relations...
Installing optional types...
Installing object types...
Installing object types...
Installing static relations...
Installing OBJECT-MANIPULATION-ALLOWED query-fn...
Installing SUPPORT-USE-ALLOWED query-fn...
Installing SUPPORT-OCCUPANCY-CONFLICT-P query-fn...
Installing CONNECTOR-PAIRING-ALLOWED query-fn...
Installing CONNECTOR-LOCATION-CONFLICT-P query-fn...
Installing RECORDING-SHADOW-OBJECT query-fn...
Installing RECORDING-SHADOW-OBJECT-PRESENT query-fn...
Installing RECORDING-SHADOW-TURNING query-fn...
Installing RECORDING-SHADOW-GATE-OPEN query-fn...
Installing optional types...
Installing static relations...
WARNING: redefining WOULDWORK::DERIVE-RECORDING-COPY-LITERALS in DEFUN
Installing dynamic relations...
Installing LIVE-RECORDING-OBJECT query-fn...
Installing GHOST-RECORDING-OBJECT query-fn...
Installing RECORDING-SHADOW-VIEW-OBJECT query-fn...
Installing SAME-RECORDING-SIDE query-fn...
Installing RECORDER-CYCLE-COUNT query-fn...
Installing RECORDING-SHADOW-OBJECT query-fn...
Installing RECORDING-SHADOW-OBJECT-PRESENT query-fn...
Installing OBJECT-MANIPULATION-ALLOWED query-fn...
Installing SUPPORT-USE-ALLOWED query-fn...
Installing SUPPORT-OCCUPANCY-CONFLICT-P query-fn...
Installing CONNECTOR-PAIRING-ALLOWED query-fn...
Installing CONNECTOR-LOCATION-CONFLICT-P query-fn...
Installing PROPAGATE-CHANGES! update-fn...
Installing PROPAGATE-CONSEQUENCES! update-fn...
Installing optional types...
Installing object types...
Installing dynamic relations...
Installing static relations...
Installing UPDATE-RECEIVER-STATUS! update-fn...
Installing BEAM-REACHES-RECEIVER query-fn...
Installing RECORDING-SHADOW-BEAM-REACHES-RECEIVER query-fn...
Installing BEAM-LIVE-FOR-CUTTING query-fn...
Installing DIRECT-BEAM-REACHES-RECEIVER query-fn...
Installing RELAY-BEAM-REACHES-RECEIVER query-fn...
Installing RECORDING-SHADOW-DIRECT-BEAM-REACHES-RECEIVER query-fn...
Installing RECORDING-SHADOW-RELAY-BEAM-REACHES-RECEIVER query-fn...
Installing DIRECT-BEAM-LIVE-FOR-CUTTING query-fn...
Installing RELAY-BEAM-LIVE-FOR-CUTTING query-fn...
Installing BEAM-CUT query-fn...
Installing BEAM-CUT-IN query-fn...
Installing CURRENT-CROSSING-SET query-fn...
Installing FIXED-BEAM-CORRIDOR-CLEAR query-fn...
Installing FIXED-BEAM-CORRIDOR-CLEAR-FOR-OBJECT query-fn...
Installing COMPUTE-RELAY-LIGHTING query-fn...
Installing COMPUTE-RELAY-LIGHTING-FOR-OBJECT query-fn...
Installing BEAM-RELAY-SOURCE-DISTANCE query-fn...
Installing optional types...
Installing static relations...
Installing optional types...
Installing dynamic relations...
Installing optional types...
Installing object types...
Installing static relations...
Installing ENERGIZED query-fn...
Installing CONTROL-ON query-fn...
Installing object types...
Installing dynamic relations...
Installing SUPPORT-OCCUPIED query-fn...
Installing CLEARTOP query-fn...
Installing dynamic relations...
Installing RECORDING-PLATE-OCCUPIED query-fn...
Installing UPDATE-RECORDING-PLATE-STATUS! update-fn...
Installing dynamic relations...
Installing UPDATE-RECORDING-RECEIVER-STATUS! update-fn...
Installing dynamic relations...
Installing INITIALIZE-RECORDING-SWITCH-STATE! update-fn...
Installing RECORDING-CONTROLLER-ENERGIZED query-fn...
Installing RECORDING-CONTROL-ON query-fn...
Installing optional types...
Installing RECORDING-JAMMED query-fn...
Installing optional types...
Installing dynamic relations...
Installing GATE-OPEN-FOR-OBJECT query-fn...
Installing dynamic relations...
Installing RECORDING-SHADOW-GATE-OPEN query-fn...
Installing UPDATE-RECORDING-GATE-STATUS! update-fn...
Installing optional types...
Installing object types...
Installing dynamic relations...
Installing RECORDING-SHADOW-TURNING query-fn...
Installing UPDATE-RECORDING-BLOWER-STATUS! update-fn...
Installing MOBILITY-RESULTS query-fn...
Installing MOBILITY-LOCATIONS query-fn...
Installing TRAVERSABLE query-fn...
Installing RECORDING-AGENT-EMPTY-HANDED query-fn...
Installing RECORDER-CYCLE-ENDED query-fn...
Installing GHOST-STOPS-RECORDER query-fn...
Installing RECORDING-AGENT-CAN-CLOSE query-fn...
Installing RECORDING-AGENT-RETURN-ROUTE query-fn...
Installing RECORDING-AGENT-AT-RECORDER query-fn...
Installing RECORDER-CLOSED-GHOST-FREE query-fn...
Installing RECORDER-CYCLE-BOUNDARY-SAFE query-fn...
Installing optional types...
Installing CANCEL-PLAYBACK action...
Installing STOP-RECORDER action...
Installing dynamic relations...
Installing UPDATE-PLATE-STATUS! update-fn...
Installing dynamic relations...
Creating initial propositional database...
Installing INITIALIZE-DERIVED-STATE init action...
Installing ADVANCE-CYCLE-TO-MIDDLE action...
Installing ADVANCE-CYCLE-TO-END action...
Installing goal...
Initializing...
Installing START-RECORDER action...
Deriving propagation driver: INITIALIZE-RECORDING-SWITCH-STATE! UPDATE-RECORDING-BLOWER-STATUS! UPDATE-PLATE-STATUS! UPDATE-RECORDING-PLATE-STATUS!
Installing PROPAGATE-CONSEQUENCES! update-fn...
Optimizing lambda expressions and compiling...
  CANCEL-PLAYBACK...
  STOP-RECORDER...
  ADVANCE-CYCLE-TO-MIDDLE...
  ADVANCE-CYCLE-TO-END...
  START-RECORDER...
  OBJECT-MANIPULATION-ALLOWED...
  SUPPORT-USE-ALLOWED...
  SUPPORT-OCCUPANCY-CONFLICT-P...
  CONNECTOR-PAIRING-ALLOWED...
  CONNECTOR-LOCATION-CONFLICT-P...
  RECORDING-SHADOW-OBJECT...
  RECORDING-SHADOW-OBJECT-PRESENT...
  RECORDING-SHADOW-TURNING...
  RECORDING-SHADOW-GATE-OPEN...
  LIVE-RECORDING-OBJECT...
  GHOST-RECORDING-OBJECT...
  RECORDING-SHADOW-VIEW-OBJECT...
  SAME-RECORDING-SIDE...
  RECORDER-CYCLE-COUNT...
  BEAM-REACHES-RECEIVER...
  RECORDING-SHADOW-BEAM-REACHES-RECEIVER...
  BEAM-LIVE-FOR-CUTTING...
  DIRECT-BEAM-REACHES-RECEIVER...
  RELAY-BEAM-REACHES-RECEIVER...
  RECORDING-SHADOW-DIRECT-BEAM-REACHES-RECEIVER...
  RECORDING-SHADOW-RELAY-BEAM-REACHES-RECEIVER...
  DIRECT-BEAM-LIVE-FOR-CUTTING...
  RELAY-BEAM-LIVE-FOR-CUTTING...
  BEAM-CUT...
  BEAM-CUT-IN...
  CURRENT-CROSSING-SET...
  FIXED-BEAM-CORRIDOR-CLEAR...
  FIXED-BEAM-CORRIDOR-CLEAR-FOR-OBJECT...
  COMPUTE-RELAY-LIGHTING...
  COMPUTE-RELAY-LIGHTING-FOR-OBJECT...
  BEAM-RELAY-SOURCE-DISTANCE...
  ENERGIZED...
  CONTROL-ON...
  SUPPORT-OCCUPIED...
  CLEARTOP...
  RECORDING-PLATE-OCCUPIED...
  RECORDING-CONTROLLER-ENERGIZED...
  RECORDING-CONTROL-ON...
  RECORDING-JAMMED...
  GATE-OPEN-FOR-OBJECT...
  MOBILITY-RESULTS...
  MOBILITY-LOCATIONS...
  TRAVERSABLE...
  RECORDING-AGENT-EMPTY-HANDED...
  RECORDER-CYCLE-ENDED...
  GHOST-STOPS-RECORDER...
  RECORDING-AGENT-CAN-CLOSE...
  RECORDING-AGENT-RETURN-ROUTE...
  RECORDING-AGENT-AT-RECORDER...
  RECORDER-CLOSED-GHOST-FREE...
  RECORDER-CYCLE-BOUNDARY-SAFE...
  PROPAGATE-CHANGES!...
  PROPAGATE-CONSEQUENCES!...
  UPDATE-RECEIVER-STATUS!...
  UPDATE-RECORDING-PLATE-STATUS!...
  UPDATE-RECORDING-RECEIVER-STATUS!...
  INITIALIZE-RECORDING-SWITCH-STATE!...
  UPDATE-RECORDING-GATE-STATUS!...
  UPDATE-RECORDING-BLOWER-STATUS!...
  UPDATE-PLATE-STATUS!...
  enum relation requires predicates...
  GOAL-FN...
Adding init-action propositions to initial database...
INITIALIZE-DERIVED-STATE...


Current parameter settings:
  *PROBLEM-NAME* => RECORDER-CYCLE-ORCHESTRATION-TEST
  *PROBLEM-TYPE* => PLANNING
  *ALGORITHM* => DEPTH-FIRST
  *TREE-OR-GRAPH* => GRAPH
  *SOLUTION-TYPE* => MIN-LENGTH
  *DEPTH-CUTOFF* => 4
  *THREADS* => 0
  *RANDOMIZE-SEARCH* => NIL
  *DEBUG* => 0
  *PROBE* => NIL
  *GOAL* => (AND (CYCLE-AT CYCLE-END) (GHOST-STOPS-RECORDER))
  *SYMMETRY-PRUNING* => NIL
  *MAX-RECORDER-CYCLES* => 1
  *RECORDER-PREFIX-PRUNING* => NIL
  *PROGRESS-REPORTING-INTERVAL* => 100,000
  *BRANCH* TO EXPLORE => ALL
  HEURISTIC? => NIL
  EXOGENOUS HAPPENINGS => NIL
  BOUNDING FUNCTION? => NIL
  MIN STEPS REMAINING? => NIL

  included technology: -physical-init-checks
  included technology: -location
  included technology: -holding
  included technology: -plate-types
  included technology: -position
  included technology: -interaction-policy
  included technology: -recording-shadow-policy
  included technology: -recorder-core
  included technology: -propagation
  included technology: -beam-substrate-init-checks
  included technology: -beam-substrate
  included technology: -apparatus-coordinates
  included technology: -switch
  included technology: -controls-init-checks
  included technology: -controls
  included technology: -support-occupancy
  included technology: -recorder-plate-shadow
  included technology: -recorder-receiver-shadow
  included technology: -recorder-switch-shadow
  included technology: -recorder-controls-shadow
  included technology: -recorder-jamming-shadow
  included technology: -gate
  included technology: -recorder-gate-shadow
  included technology: -recorder-blower-shadow
  included technology: -mobility
  included technology: -recorder-solution
  included technology: -recorder-cycle-boundary
  included technology: -recorder-fork-registry
  included technology: -recorder-session
  included technology: -recorder-cycle-chaining
  included technology: -recorder-init-checks
  included technology: recorder
  included technology: plate
Installing object types...
Installing object types...
Installing dynamic relations...
Installing object types...
Installing dynamic relations...
Installing optional types...
Installing object types...
Installing object types...
Installing static relations...
Installing OBJECT-MANIPULATION-ALLOWED query-fn...
Installing SUPPORT-USE-ALLOWED query-fn...
Installing SUPPORT-OCCUPANCY-CONFLICT-P query-fn...
Installing CONNECTOR-PAIRING-ALLOWED query-fn...
Installing CONNECTOR-LOCATION-CONFLICT-P query-fn...
Installing RECORDING-SHADOW-OBJECT query-fn...
Installing RECORDING-SHADOW-OBJECT-PRESENT query-fn...
Installing RECORDING-SHADOW-TURNING query-fn...
Installing RECORDING-SHADOW-GATE-OPEN query-fn...
Installing optional types...
Installing static relations...
WARNING: redefining WOULDWORK::DERIVE-RECORDING-COPY-LITERALS in DEFUN
Installing dynamic relations...
Installing LIVE-RECORDING-OBJECT query-fn...
Installing GHOST-RECORDING-OBJECT query-fn...
Installing RECORDING-SHADOW-VIEW-OBJECT query-fn...
Installing SAME-RECORDING-SIDE query-fn...
Installing RECORDER-CYCLE-COUNT query-fn...
Installing RECORDING-SHADOW-OBJECT query-fn...
Installing RECORDING-SHADOW-OBJECT-PRESENT query-fn...
Installing OBJECT-MANIPULATION-ALLOWED query-fn...
Installing SUPPORT-USE-ALLOWED query-fn...
Installing SUPPORT-OCCUPANCY-CONFLICT-P query-fn...
Installing CONNECTOR-PAIRING-ALLOWED query-fn...
Installing CONNECTOR-LOCATION-CONFLICT-P query-fn...
Installing PROPAGATE-CHANGES! update-fn...
Installing PROPAGATE-CONSEQUENCES! update-fn...
Installing optional types...
Installing object types...
Installing dynamic relations...
Installing static relations...
Installing UPDATE-RECEIVER-STATUS! update-fn...
Installing BEAM-REACHES-RECEIVER query-fn...
Installing RECORDING-SHADOW-BEAM-REACHES-RECEIVER query-fn...
Installing BEAM-LIVE-FOR-CUTTING query-fn...
Installing DIRECT-BEAM-REACHES-RECEIVER query-fn...
Installing RELAY-BEAM-REACHES-RECEIVER query-fn...
Installing RECORDING-SHADOW-DIRECT-BEAM-REACHES-RECEIVER query-fn...
Installing RECORDING-SHADOW-RELAY-BEAM-REACHES-RECEIVER query-fn...
Installing DIRECT-BEAM-LIVE-FOR-CUTTING query-fn...
Installing RELAY-BEAM-LIVE-FOR-CUTTING query-fn...
Installing BEAM-CUT query-fn...
Installing BEAM-CUT-IN query-fn...
Installing CURRENT-CROSSING-SET query-fn...
Installing FIXED-BEAM-CORRIDOR-CLEAR query-fn...
Installing FIXED-BEAM-CORRIDOR-CLEAR-FOR-OBJECT query-fn...
Installing COMPUTE-RELAY-LIGHTING query-fn...
Installing COMPUTE-RELAY-LIGHTING-FOR-OBJECT query-fn...
Installing BEAM-RELAY-SOURCE-DISTANCE query-fn...
Installing optional types...
Installing static relations...
Installing optional types...
Installing dynamic relations...
Installing optional types...
Installing object types...
Installing static relations...
Installing ENERGIZED query-fn...
Installing CONTROL-ON query-fn...
Installing object types...
Installing dynamic relations...
Installing SUPPORT-OCCUPIED query-fn...
Installing CLEARTOP query-fn...
Installing dynamic relations...
Installing RECORDING-PLATE-OCCUPIED query-fn...
Installing UPDATE-RECORDING-PLATE-STATUS! update-fn...
Installing dynamic relations...
Installing UPDATE-RECORDING-RECEIVER-STATUS! update-fn...
Installing dynamic relations...
Installing INITIALIZE-RECORDING-SWITCH-STATE! update-fn...
Installing RECORDING-CONTROLLER-ENERGIZED query-fn...
Installing RECORDING-CONTROL-ON query-fn...
Installing optional types...
Installing RECORDING-JAMMED query-fn...
Installing optional types...
Installing dynamic relations...
Installing GATE-OPEN-FOR-OBJECT query-fn...
Installing dynamic relations...
Installing RECORDING-SHADOW-GATE-OPEN query-fn...
Installing UPDATE-RECORDING-GATE-STATUS! update-fn...
Installing optional types...
Installing object types...
Installing dynamic relations...
Installing RECORDING-SHADOW-TURNING query-fn...
Installing UPDATE-RECORDING-BLOWER-STATUS! update-fn...
Installing MOBILITY-RESULTS query-fn...
Installing MOBILITY-LOCATIONS query-fn...
Installing TRAVERSABLE query-fn...
Installing RECORDING-AGENT-EMPTY-HANDED query-fn...
Installing RECORDER-CYCLE-ENDED query-fn...
Installing GHOST-STOPS-RECORDER query-fn...
Installing RECORDING-AGENT-CAN-CLOSE query-fn...
Installing RECORDING-AGENT-RETURN-ROUTE query-fn...
Installing RECORDING-AGENT-AT-RECORDER query-fn...
Installing RECORDER-CLOSED-GHOST-FREE query-fn...
Installing RECORDER-CYCLE-BOUNDARY-SAFE query-fn...
Installing optional types...
Installing CANCEL-PLAYBACK action...
Installing STOP-RECORDER action...
Installing dynamic relations...
Installing UPDATE-PLATE-STATUS! update-fn...
Installing dynamic relations...
Creating initial propositional database...
Installing INITIALIZE-DERIVED-STATE init action...
Installing ADVANCE-CYCLE-TO-MIDDLE action...
Installing ADVANCE-CYCLE-TO-END action...
Installing goal...
Initializing...
Installing START-RECORDER action...
Deriving propagation driver: INITIALIZE-RECORDING-SWITCH-STATE! UPDATE-RECORDING-BLOWER-STATUS! UPDATE-PLATE-STATUS! UPDATE-RECORDING-PLATE-STATUS!
Installing PROPAGATE-CONSEQUENCES! update-fn...
Optimizing lambda expressions and compiling...
  CANCEL-PLAYBACK...
  STOP-RECORDER...
  ADVANCE-CYCLE-TO-MIDDLE...
  ADVANCE-CYCLE-TO-END...
  START-RECORDER...
  OBJECT-MANIPULATION-ALLOWED...
  SUPPORT-USE-ALLOWED...
  SUPPORT-OCCUPANCY-CONFLICT-P...
  CONNECTOR-PAIRING-ALLOWED...
  CONNECTOR-LOCATION-CONFLICT-P...
  RECORDING-SHADOW-OBJECT...
  RECORDING-SHADOW-OBJECT-PRESENT...
  RECORDING-SHADOW-TURNING...
  RECORDING-SHADOW-GATE-OPEN...
  LIVE-RECORDING-OBJECT...
  GHOST-RECORDING-OBJECT...
  RECORDING-SHADOW-VIEW-OBJECT...
  SAME-RECORDING-SIDE...
  RECORDER-CYCLE-COUNT...
  BEAM-REACHES-RECEIVER...
  RECORDING-SHADOW-BEAM-REACHES-RECEIVER...
  BEAM-LIVE-FOR-CUTTING...
  DIRECT-BEAM-REACHES-RECEIVER...
  RELAY-BEAM-REACHES-RECEIVER...
  RECORDING-SHADOW-DIRECT-BEAM-REACHES-RECEIVER...
  RECORDING-SHADOW-RELAY-BEAM-REACHES-RECEIVER...
  DIRECT-BEAM-LIVE-FOR-CUTTING...
  RELAY-BEAM-LIVE-FOR-CUTTING...
  BEAM-CUT...
  BEAM-CUT-IN...
  CURRENT-CROSSING-SET...
  FIXED-BEAM-CORRIDOR-CLEAR...
  FIXED-BEAM-CORRIDOR-CLEAR-FOR-OBJECT...
  COMPUTE-RELAY-LIGHTING...
  COMPUTE-RELAY-LIGHTING-FOR-OBJECT...
  BEAM-RELAY-SOURCE-DISTANCE...
  ENERGIZED...
  CONTROL-ON...
  SUPPORT-OCCUPIED...
  CLEARTOP...
  RECORDING-PLATE-OCCUPIED...
  RECORDING-CONTROLLER-ENERGIZED...
  RECORDING-CONTROL-ON...
  RECORDING-JAMMED...
  GATE-OPEN-FOR-OBJECT...
  MOBILITY-RESULTS...
  MOBILITY-LOCATIONS...
  TRAVERSABLE...
  RECORDING-AGENT-EMPTY-HANDED...
  RECORDER-CYCLE-ENDED...
  GHOST-STOPS-RECORDER...
  RECORDING-AGENT-CAN-CLOSE...
  RECORDING-AGENT-RETURN-ROUTE...
  RECORDING-AGENT-AT-RECORDER...
  RECORDER-CLOSED-GHOST-FREE...
  RECORDER-CYCLE-BOUNDARY-SAFE...
  PROPAGATE-CHANGES!...
  PROPAGATE-CONSEQUENCES!...
  UPDATE-RECEIVER-STATUS!...
  UPDATE-RECORDING-PLATE-STATUS!...
  UPDATE-RECORDING-RECEIVER-STATUS!...
  INITIALIZE-RECORDING-SWITCH-STATE!...
  UPDATE-RECORDING-GATE-STATUS!...
  UPDATE-RECORDING-BLOWER-STATUS!...
  UPDATE-PLATE-STATUS!...
  enum relation requires predicates...
  GOAL-FN...
Adding init-action propositions to initial database...
INITIALIZE-DERIVED-STATE...


Current parameter settings:
  *PROBLEM-NAME* => RECORDER-CYCLE-ORCHESTRATION-TEST
  *PROBLEM-TYPE* => PLANNING
  *ALGORITHM* => DEPTH-FIRST
  *TREE-OR-GRAPH* => GRAPH
  *SOLUTION-TYPE* => MIN-LENGTH
  *DEPTH-CUTOFF* => 4
  *THREADS* => 16
  *RANDOMIZE-SEARCH* => NIL
  *DEBUG* => 0
  *PROBE* => NIL
  *GOAL* => (AND (CYCLE-AT CYCLE-END) (GHOST-STOPS-RECORDER))
  *SYMMETRY-PRUNING* => NIL
  *MAX-RECORDER-CYCLES* => 1
  *RECORDER-PREFIX-PRUNING* => NIL
  *PROGRESS-REPORTING-INTERVAL* => 100,000
  *BRANCH* TO EXPLORE => ALL
  HEURISTIC? => NIL
  EXOGENOUS HAPPENINGS => NIL
  BOUNDING FUNCTION? => NIL
  MIN STEPS REMAINING? => NIL

  For parallel settings: (display-parallel-parameters)

Installing goal...
Installing goal...
Restored 2 checkpoints, 3 actions by replay; no search.
Installing goal...
Installing goal...
working with 16 thread(s)...



========================================
Partitioned Parallel Search
========================================
  Threads: 16
  Mode: GRAPH / MIN-LENGTH
  Branch-and-bound: ENABLED
  Work donation: ENABLED
  Closed shards: 64
----------------------------------------

Generating tasks (split-depth-max=20)...
Generating tasks: target=256, safety-cap-depth=20
New path to goal found at depth = 1
Generated 0 tasks at depths 0-2
Search completed during task generation

Parallel Search Timing Breakdown:
  Task generation: 0 ms
  Worker search:   0 ms
  Finalization:    0 ms
  Total:           0 ms

Per-Worker Statistics:

  Worker  States     Cycles    Max-Depth  Solutions  Donated
  ------  ---------  ---------  ---------  ---------  --------
       0          0          0          0          0         0
       1          0          0          0          0         0
       2          0          0          0          0         0
       3          0          0          0          0         0
       4          0          0          0          0         0
       5          0          0          0          0         0
       6          0          0          0          0         0
       7          0          0          0          0         0
       8          0          0          0          0         0
       9          0          0          0          0         0
      10          0          0          0          0         0
      11          0          0          0          0         0
      12          0          0          0          0         0
      13          0          0          0          0         0
      14          0          0          0          0         0
      15          0          0          0          0         0


Closed Shard Distribution (64 shards):
  Total entries : 2
  Mean / shard  : 0.0
  Max / shard   : 1
  Min / shard   : 0
  Skew (max/min): INFINITE
  Top-5 shards  : #32(1) #60(1) #0(0) #1(0) #2(0)



In problem RECORDER-CYCLE-ORCHESTRATION-TEST, performed GRAPH search for MIN-LENGTH solution.

DEPTH-FIRST search process completed normally.

Depth cutoff = 4

Maximum depth explored = 0

Program cycles = 0

Total states processed = 3

Repeated states pruned = 0, ie, 0.0 percent

Search-prefix validation pruned 0 states, 0.0% of 2 prefix validations.
  validate-recorder-cycle-boundary-prefix: 2 checks, 0 rejections.
  validate-recorder-recording-prefix: disabled.

Average branching factor = 0.0


Candidate solution validation:
  Nominal goal paths checked = 1
  Accepted = 1
  Rejected = 0

Start state:
((CYCLE-AT CYCLE-END) (HAS-LOCATION LIVE-AGENT RECORDER-SITE) (HAS-LOCATION GHOST-AGENT RECORDER-SITE) (RECORDER-CYCLES-USED 1)
 (RECORDING-IN-PROGRESS))

Goal:
(AND (CYCLE-AT CYCLE-END) (GHOST-STOPS-RECORDER))



Total solution paths recorded = 1, of which 1 is/are unique solution paths
Check *solution-paths* and *unique-solution-states* for solution records.

Number of steps in a minimum path length solution = 1

A minimum length solution path from start state to goal state:
(6.0 (START-STATE))
((CYCLE-AT CYCLE-END) (HAS-LOCATION LIVE-AGENT RECORDER-SITE) (HAS-LOCATION GHOST-AGENT RECORDER-SITE) (RECORDER-CYCLES-USED 1)
 (RECORDING-IN-PROGRESS))

(7.0 (STOP-RECORDER > GHOST-AGENT stops the recorder))
((CYCLE-AT CYCLE-END) (HAS-LOCATION LIVE-AGENT RECORDER-SITE) (RECORDER-CYCLE-CLOSED) (RECORDER-CYCLE-STOPPED-BY-GHOST)
 (RECORDER-CYCLES-USED 1))


Evaluation took:
  0.001 seconds of real time
  0.000000 seconds of total run time (0.000000 user, 0.000000 system)
  0.00% CPU
  5,174,082 processor cycles
  10,295,344 bytes consed
  
Saved checkpoint 3; cumulative depth 4. Not independently replayed.
Installing goal...
Installing goal...
Exported 4 actions to C:/Users/user/AppData/Local/Temp/wouldwork-standalone-checkpoint-test.txt.
  included technology: -physical-init-checks
  included technology: -location
  included technology: -holding
  included technology: -plate-types
  included technology: -position
  included technology: -interaction-policy
  included technology: -recording-shadow-policy
  included technology: -recorder-core
  included technology: -propagation
  included technology: -beam-substrate-init-checks
  included technology: -beam-substrate
  included technology: -apparatus-coordinates
  included technology: -switch
  included technology: -controls-init-checks
  included technology: -controls
  included technology: -support-occupancy
  included technology: -recorder-plate-shadow
  included technology: -recorder-receiver-shadow
  included technology: -recorder-switch-shadow
  included technology: -recorder-controls-shadow
  included technology: -recorder-jamming-shadow
  included technology: -gate
  included technology: -recorder-gate-shadow
  included technology: -recorder-blower-shadow
  included technology: -mobility
  included technology: -recorder-solution
  included technology: -recorder-cycle-boundary
  included technology: -recorder-fork-registry
  included technology: -recorder-session
  included technology: -recorder-cycle-chaining
  included technology: -recorder-init-checks
  included technology: recorder
  included technology: plate
Installing object types...
Installing object types...
Installing dynamic relations...
Installing object types...
Installing dynamic relations...
Installing optional types...
Installing object types...
Installing object types...
Installing static relations...
Installing OBJECT-MANIPULATION-ALLOWED query-fn...
Installing SUPPORT-USE-ALLOWED query-fn...
Installing SUPPORT-OCCUPANCY-CONFLICT-P query-fn...
Installing CONNECTOR-PAIRING-ALLOWED query-fn...
Installing CONNECTOR-LOCATION-CONFLICT-P query-fn...
Installing RECORDING-SHADOW-OBJECT query-fn...
Installing RECORDING-SHADOW-OBJECT-PRESENT query-fn...
Installing RECORDING-SHADOW-TURNING query-fn...
Installing RECORDING-SHADOW-GATE-OPEN query-fn...
Installing optional types...
Installing static relations...
WARNING: redefining WOULDWORK::DERIVE-RECORDING-COPY-LITERALS in DEFUN
Installing dynamic relations...
Installing LIVE-RECORDING-OBJECT query-fn...
Installing GHOST-RECORDING-OBJECT query-fn...
Installing RECORDING-SHADOW-VIEW-OBJECT query-fn...
Installing SAME-RECORDING-SIDE query-fn...
Installing RECORDER-CYCLE-COUNT query-fn...
Installing RECORDING-SHADOW-OBJECT query-fn...
Installing RECORDING-SHADOW-OBJECT-PRESENT query-fn...
Installing OBJECT-MANIPULATION-ALLOWED query-fn...
Installing SUPPORT-USE-ALLOWED query-fn...
Installing SUPPORT-OCCUPANCY-CONFLICT-P query-fn...
Installing CONNECTOR-PAIRING-ALLOWED query-fn...
Installing CONNECTOR-LOCATION-CONFLICT-P query-fn...
Installing PROPAGATE-CHANGES! update-fn...
Installing PROPAGATE-CONSEQUENCES! update-fn...
Installing optional types...
Installing object types...
Installing dynamic relations...
Installing static relations...
Installing UPDATE-RECEIVER-STATUS! update-fn...
Installing BEAM-REACHES-RECEIVER query-fn...
Installing RECORDING-SHADOW-BEAM-REACHES-RECEIVER query-fn...
Installing BEAM-LIVE-FOR-CUTTING query-fn...
Installing DIRECT-BEAM-REACHES-RECEIVER query-fn...
Installing RELAY-BEAM-REACHES-RECEIVER query-fn...
Installing RECORDING-SHADOW-DIRECT-BEAM-REACHES-RECEIVER query-fn...
Installing RECORDING-SHADOW-RELAY-BEAM-REACHES-RECEIVER query-fn...
Installing DIRECT-BEAM-LIVE-FOR-CUTTING query-fn...
Installing RELAY-BEAM-LIVE-FOR-CUTTING query-fn...
Installing BEAM-CUT query-fn...
Installing BEAM-CUT-IN query-fn...
Installing CURRENT-CROSSING-SET query-fn...
Installing FIXED-BEAM-CORRIDOR-CLEAR query-fn...
Installing FIXED-BEAM-CORRIDOR-CLEAR-FOR-OBJECT query-fn...
Installing COMPUTE-RELAY-LIGHTING query-fn...
Installing COMPUTE-RELAY-LIGHTING-FOR-OBJECT query-fn...
Installing BEAM-RELAY-SOURCE-DISTANCE query-fn...
Installing optional types...
Installing static relations...
Installing optional types...
Installing dynamic relations...
Installing optional types...
Installing object types...
Installing static relations...
Installing ENERGIZED query-fn...
Installing CONTROL-ON query-fn...
Installing object types...
Installing dynamic relations...
Installing SUPPORT-OCCUPIED query-fn...
Installing CLEARTOP query-fn...
Installing dynamic relations...
Installing RECORDING-PLATE-OCCUPIED query-fn...
Installing UPDATE-RECORDING-PLATE-STATUS! update-fn...
Installing dynamic relations...
Installing UPDATE-RECORDING-RECEIVER-STATUS! update-fn...
Installing dynamic relations...
Installing INITIALIZE-RECORDING-SWITCH-STATE! update-fn...
Installing RECORDING-CONTROLLER-ENERGIZED query-fn...
Installing RECORDING-CONTROL-ON query-fn...
Installing optional types...
Installing RECORDING-JAMMED query-fn...
Installing optional types...
Installing dynamic relations...
Installing GATE-OPEN-FOR-OBJECT query-fn...
Installing dynamic relations...
Installing RECORDING-SHADOW-GATE-OPEN query-fn...
Installing UPDATE-RECORDING-GATE-STATUS! update-fn...
Installing optional types...
Installing object types...
Installing dynamic relations...
Installing RECORDING-SHADOW-TURNING query-fn...
Installing UPDATE-RECORDING-BLOWER-STATUS! update-fn...
Installing MOBILITY-RESULTS query-fn...
Installing MOBILITY-LOCATIONS query-fn...
Installing TRAVERSABLE query-fn...
Installing RECORDING-AGENT-EMPTY-HANDED query-fn...
Installing RECORDER-CYCLE-ENDED query-fn...
Installing GHOST-STOPS-RECORDER query-fn...
Installing RECORDING-AGENT-CAN-CLOSE query-fn...
Installing RECORDING-AGENT-RETURN-ROUTE query-fn...
Installing RECORDING-AGENT-AT-RECORDER query-fn...
Installing RECORDER-CLOSED-GHOST-FREE query-fn...
Installing RECORDER-CYCLE-BOUNDARY-SAFE query-fn...
Installing optional types...
Installing CANCEL-PLAYBACK action...
Installing STOP-RECORDER action...
Installing dynamic relations...
Installing UPDATE-PLATE-STATUS! update-fn...
Installing dynamic relations...
Creating initial propositional database...
Installing INITIALIZE-DERIVED-STATE init action...
Installing ADVANCE-CYCLE-TO-MIDDLE action...
Installing ADVANCE-CYCLE-TO-END action...
Installing goal...
Initializing...
Installing START-RECORDER action...
Deriving propagation driver: INITIALIZE-RECORDING-SWITCH-STATE! UPDATE-RECORDING-BLOWER-STATUS! UPDATE-PLATE-STATUS! UPDATE-RECORDING-PLATE-STATUS!
Installing PROPAGATE-CONSEQUENCES! update-fn...
Optimizing lambda expressions and compiling...
  CANCEL-PLAYBACK...
  STOP-RECORDER...
  ADVANCE-CYCLE-TO-MIDDLE...
  ADVANCE-CYCLE-TO-END...
  START-RECORDER...
  OBJECT-MANIPULATION-ALLOWED...
  SUPPORT-USE-ALLOWED...
  SUPPORT-OCCUPANCY-CONFLICT-P...
  CONNECTOR-PAIRING-ALLOWED...
  CONNECTOR-LOCATION-CONFLICT-P...
  RECORDING-SHADOW-OBJECT...
  RECORDING-SHADOW-OBJECT-PRESENT...
  RECORDING-SHADOW-TURNING...
  RECORDING-SHADOW-GATE-OPEN...
  LIVE-RECORDING-OBJECT...
  GHOST-RECORDING-OBJECT...
  RECORDING-SHADOW-VIEW-OBJECT...
  SAME-RECORDING-SIDE...
  RECORDER-CYCLE-COUNT...
  BEAM-REACHES-RECEIVER...
  RECORDING-SHADOW-BEAM-REACHES-RECEIVER...
  BEAM-LIVE-FOR-CUTTING...
  DIRECT-BEAM-REACHES-RECEIVER...
  RELAY-BEAM-REACHES-RECEIVER...
  RECORDING-SHADOW-DIRECT-BEAM-REACHES-RECEIVER...
  RECORDING-SHADOW-RELAY-BEAM-REACHES-RECEIVER...
  DIRECT-BEAM-LIVE-FOR-CUTTING...
  RELAY-BEAM-LIVE-FOR-CUTTING...
  BEAM-CUT...
  BEAM-CUT-IN...
  CURRENT-CROSSING-SET...
  FIXED-BEAM-CORRIDOR-CLEAR...
  FIXED-BEAM-CORRIDOR-CLEAR-FOR-OBJECT...
  COMPUTE-RELAY-LIGHTING...
  COMPUTE-RELAY-LIGHTING-FOR-OBJECT...
  BEAM-RELAY-SOURCE-DISTANCE...
  ENERGIZED...
  CONTROL-ON...
  SUPPORT-OCCUPIED...
  CLEARTOP...
  RECORDING-PLATE-OCCUPIED...
  RECORDING-CONTROLLER-ENERGIZED...
  RECORDING-CONTROL-ON...
  RECORDING-JAMMED...
  GATE-OPEN-FOR-OBJECT...
  MOBILITY-RESULTS...
  MOBILITY-LOCATIONS...
  TRAVERSABLE...
  RECORDING-AGENT-EMPTY-HANDED...
  RECORDER-CYCLE-ENDED...
  GHOST-STOPS-RECORDER...
  RECORDING-AGENT-CAN-CLOSE...
  RECORDING-AGENT-RETURN-ROUTE...
  RECORDING-AGENT-AT-RECORDER...
  RECORDER-CLOSED-GHOST-FREE...
  RECORDER-CYCLE-BOUNDARY-SAFE...
  PROPAGATE-CHANGES!...
  PROPAGATE-CONSEQUENCES!...
  UPDATE-RECEIVER-STATUS!...
  UPDATE-RECORDING-PLATE-STATUS!...
  UPDATE-RECORDING-RECEIVER-STATUS!...
  INITIALIZE-RECORDING-SWITCH-STATE!...
  UPDATE-RECORDING-GATE-STATUS!...
  UPDATE-RECORDING-BLOWER-STATUS!...
  UPDATE-PLATE-STATUS!...
  enum relation requires predicates...
  GOAL-FN...
Adding init-action propositions to initial database...
INITIALIZE-DERIVED-STATE...


Current parameter settings:
  *PROBLEM-NAME* => RECORDER-CYCLE-ORCHESTRATION-TEST
  *PROBLEM-TYPE* => PLANNING
  *ALGORITHM* => DEPTH-FIRST
  *TREE-OR-GRAPH* => GRAPH
  *SOLUTION-TYPE* => MIN-LENGTH
  *DEPTH-CUTOFF* => 4
  *THREADS* => 0
  *RANDOMIZE-SEARCH* => NIL
  *DEBUG* => 0
  *PROBE* => NIL
  *GOAL* => (AND (CYCLE-AT CYCLE-END) (GHOST-STOPS-RECORDER))
  *SYMMETRY-PRUNING* => NIL
  *MAX-RECORDER-CYCLES* => 1
  *RECORDER-PREFIX-PRUNING* => NIL
  *PROGRESS-REPORTING-INTERVAL* => 100,000
  *BRANCH* TO EXPLORE => ALL
  HEURISTIC? => NIL
  EXOGENOUS HAPPENINGS => NIL
  BOUNDING FUNCTION? => NIL
  MIN STEPS REMAINING? => NIL

  included technology: -physical-init-checks
  included technology: -location
  included technology: -holding
  included technology: -plate-types
  included technology: -position
  included technology: -interaction-policy
  included technology: -recording-shadow-policy
  included technology: -recorder-core
  included technology: -propagation
  included technology: -beam-substrate-init-checks
  included technology: -beam-substrate
  included technology: -apparatus-coordinates
  included technology: -switch
  included technology: -controls-init-checks
  included technology: -controls
  included technology: -support-occupancy
  included technology: -recorder-plate-shadow
  included technology: -recorder-receiver-shadow
  included technology: -recorder-switch-shadow
  included technology: -recorder-controls-shadow
  included technology: -recorder-jamming-shadow
  included technology: -gate
  included technology: -recorder-gate-shadow
  included technology: -recorder-blower-shadow
  included technology: -mobility
  included technology: -recorder-solution
  included technology: -recorder-cycle-boundary
  included technology: -recorder-fork-registry
  included technology: -recorder-session
  included technology: -recorder-cycle-chaining
  included technology: -recorder-init-checks
  included technology: recorder
  included technology: plate
Installing object types...
Installing object types...
Installing dynamic relations...
Installing object types...
Installing dynamic relations...
Installing optional types...
Installing object types...
Installing object types...
Installing static relations...
Installing OBJECT-MANIPULATION-ALLOWED query-fn...
Installing SUPPORT-USE-ALLOWED query-fn...
Installing SUPPORT-OCCUPANCY-CONFLICT-P query-fn...
Installing CONNECTOR-PAIRING-ALLOWED query-fn...
Installing CONNECTOR-LOCATION-CONFLICT-P query-fn...
Installing RECORDING-SHADOW-OBJECT query-fn...
Installing RECORDING-SHADOW-OBJECT-PRESENT query-fn...
Installing RECORDING-SHADOW-TURNING query-fn...
Installing RECORDING-SHADOW-GATE-OPEN query-fn...
Installing optional types...
Installing static relations...
WARNING: redefining WOULDWORK::DERIVE-RECORDING-COPY-LITERALS in DEFUN
Installing dynamic relations...
Installing LIVE-RECORDING-OBJECT query-fn...
Installing GHOST-RECORDING-OBJECT query-fn...
Installing RECORDING-SHADOW-VIEW-OBJECT query-fn...
Installing SAME-RECORDING-SIDE query-fn...
Installing RECORDER-CYCLE-COUNT query-fn...
Installing RECORDING-SHADOW-OBJECT query-fn...
Installing RECORDING-SHADOW-OBJECT-PRESENT query-fn...
Installing OBJECT-MANIPULATION-ALLOWED query-fn...
Installing SUPPORT-USE-ALLOWED query-fn...
Installing SUPPORT-OCCUPANCY-CONFLICT-P query-fn...
Installing CONNECTOR-PAIRING-ALLOWED query-fn...
Installing CONNECTOR-LOCATION-CONFLICT-P query-fn...
Installing PROPAGATE-CHANGES! update-fn...
Installing PROPAGATE-CONSEQUENCES! update-fn...
Installing optional types...
Installing object types...
Installing dynamic relations...
Installing static relations...
Installing UPDATE-RECEIVER-STATUS! update-fn...
Installing BEAM-REACHES-RECEIVER query-fn...
Installing RECORDING-SHADOW-BEAM-REACHES-RECEIVER query-fn...
Installing BEAM-LIVE-FOR-CUTTING query-fn...
Installing DIRECT-BEAM-REACHES-RECEIVER query-fn...
Installing RELAY-BEAM-REACHES-RECEIVER query-fn...
Installing RECORDING-SHADOW-DIRECT-BEAM-REACHES-RECEIVER query-fn...
Installing RECORDING-SHADOW-RELAY-BEAM-REACHES-RECEIVER query-fn...
Installing DIRECT-BEAM-LIVE-FOR-CUTTING query-fn...
Installing RELAY-BEAM-LIVE-FOR-CUTTING query-fn...
Installing BEAM-CUT query-fn...
Installing BEAM-CUT-IN query-fn...
Installing CURRENT-CROSSING-SET query-fn...
Installing FIXED-BEAM-CORRIDOR-CLEAR query-fn...
Installing FIXED-BEAM-CORRIDOR-CLEAR-FOR-OBJECT query-fn...
Installing COMPUTE-RELAY-LIGHTING query-fn...
Installing COMPUTE-RELAY-LIGHTING-FOR-OBJECT query-fn...
Installing BEAM-RELAY-SOURCE-DISTANCE query-fn...
Installing optional types...
Installing static relations...
Installing optional types...
Installing dynamic relations...
Installing optional types...
Installing object types...
Installing static relations...
Installing ENERGIZED query-fn...
Installing CONTROL-ON query-fn...
Installing object types...
Installing dynamic relations...
Installing SUPPORT-OCCUPIED query-fn...
Installing CLEARTOP query-fn...
Installing dynamic relations...
Installing RECORDING-PLATE-OCCUPIED query-fn...
Installing UPDATE-RECORDING-PLATE-STATUS! update-fn...
Installing dynamic relations...
Installing UPDATE-RECORDING-RECEIVER-STATUS! update-fn...
Installing dynamic relations...
Installing INITIALIZE-RECORDING-SWITCH-STATE! update-fn...
Installing RECORDING-CONTROLLER-ENERGIZED query-fn...
Installing RECORDING-CONTROL-ON query-fn...
Installing optional types...
Installing RECORDING-JAMMED query-fn...
Installing optional types...
Installing dynamic relations...
Installing GATE-OPEN-FOR-OBJECT query-fn...
Installing dynamic relations...
Installing RECORDING-SHADOW-GATE-OPEN query-fn...
Installing UPDATE-RECORDING-GATE-STATUS! update-fn...
Installing optional types...
Installing object types...
Installing dynamic relations...
Installing RECORDING-SHADOW-TURNING query-fn...
Installing UPDATE-RECORDING-BLOWER-STATUS! update-fn...
Installing MOBILITY-RESULTS query-fn...
Installing MOBILITY-LOCATIONS query-fn...
Installing TRAVERSABLE query-fn...
Installing RECORDING-AGENT-EMPTY-HANDED query-fn...
Installing RECORDER-CYCLE-ENDED query-fn...
Installing GHOST-STOPS-RECORDER query-fn...
Installing RECORDING-AGENT-CAN-CLOSE query-fn...
Installing RECORDING-AGENT-RETURN-ROUTE query-fn...
Installing RECORDING-AGENT-AT-RECORDER query-fn...
Installing RECORDER-CLOSED-GHOST-FREE query-fn...
Installing RECORDER-CYCLE-BOUNDARY-SAFE query-fn...
Installing optional types...
Installing CANCEL-PLAYBACK action...
Installing STOP-RECORDER action...
Installing dynamic relations...
Installing UPDATE-PLATE-STATUS! update-fn...
Installing dynamic relations...
Creating initial propositional database...
Installing INITIALIZE-DERIVED-STATE init action...
Installing ADVANCE-CYCLE-TO-MIDDLE action...
Installing ADVANCE-CYCLE-TO-END action...
Installing goal...
Initializing...
Installing START-RECORDER action...
Deriving propagation driver: INITIALIZE-RECORDING-SWITCH-STATE! UPDATE-RECORDING-BLOWER-STATUS! UPDATE-PLATE-STATUS! UPDATE-RECORDING-PLATE-STATUS!
Installing PROPAGATE-CONSEQUENCES! update-fn...
Optimizing lambda expressions and compiling...
  CANCEL-PLAYBACK...
  STOP-RECORDER...
  ADVANCE-CYCLE-TO-MIDDLE...
  ADVANCE-CYCLE-TO-END...
  START-RECORDER...
  OBJECT-MANIPULATION-ALLOWED...
  SUPPORT-USE-ALLOWED...
  SUPPORT-OCCUPANCY-CONFLICT-P...
  CONNECTOR-PAIRING-ALLOWED...
  CONNECTOR-LOCATION-CONFLICT-P...
  RECORDING-SHADOW-OBJECT...
  RECORDING-SHADOW-OBJECT-PRESENT...
  RECORDING-SHADOW-TURNING...
  RECORDING-SHADOW-GATE-OPEN...
  LIVE-RECORDING-OBJECT...
  GHOST-RECORDING-OBJECT...
  RECORDING-SHADOW-VIEW-OBJECT...
  SAME-RECORDING-SIDE...
  RECORDER-CYCLE-COUNT...
  BEAM-REACHES-RECEIVER...
  RECORDING-SHADOW-BEAM-REACHES-RECEIVER...
  BEAM-LIVE-FOR-CUTTING...
  DIRECT-BEAM-REACHES-RECEIVER...
  RELAY-BEAM-REACHES-RECEIVER...
  RECORDING-SHADOW-DIRECT-BEAM-REACHES-RECEIVER...
  RECORDING-SHADOW-RELAY-BEAM-REACHES-RECEIVER...
  DIRECT-BEAM-LIVE-FOR-CUTTING...
  RELAY-BEAM-LIVE-FOR-CUTTING...
  BEAM-CUT...
  BEAM-CUT-IN...
  CURRENT-CROSSING-SET...
  FIXED-BEAM-CORRIDOR-CLEAR...
  FIXED-BEAM-CORRIDOR-CLEAR-FOR-OBJECT...
  COMPUTE-RELAY-LIGHTING...
  COMPUTE-RELAY-LIGHTING-FOR-OBJECT...
  BEAM-RELAY-SOURCE-DISTANCE...
  ENERGIZED...
  CONTROL-ON...
  SUPPORT-OCCUPIED...
  CLEARTOP...
  RECORDING-PLATE-OCCUPIED...
  RECORDING-CONTROLLER-ENERGIZED...
  RECORDING-CONTROL-ON...
  RECORDING-JAMMED...
  GATE-OPEN-FOR-OBJECT...
  MOBILITY-RESULTS...
  MOBILITY-LOCATIONS...
  TRAVERSABLE...
  RECORDING-AGENT-EMPTY-HANDED...
  RECORDER-CYCLE-ENDED...
  GHOST-STOPS-RECORDER...
  RECORDING-AGENT-CAN-CLOSE...
  RECORDING-AGENT-RETURN-ROUTE...
  RECORDING-AGENT-AT-RECORDER...
  RECORDER-CLOSED-GHOST-FREE...
  RECORDER-CYCLE-BOUNDARY-SAFE...
  PROPAGATE-CHANGES!...
  PROPAGATE-CONSEQUENCES!...
  UPDATE-RECEIVER-STATUS!...
  UPDATE-RECORDING-PLATE-STATUS!...
  UPDATE-RECORDING-RECEIVER-STATUS!...
  INITIALIZE-RECORDING-SWITCH-STATE!...
  UPDATE-RECORDING-GATE-STATUS!...
  UPDATE-RECORDING-BLOWER-STATUS!...
  UPDATE-PLATE-STATUS!...
  enum relation requires predicates...
  GOAL-FN...
Adding init-action propositions to initial database...
INITIALIZE-DERIVED-STATE...


Current parameter settings:
  *PROBLEM-NAME* => RECORDER-CYCLE-ORCHESTRATION-TEST
  *PROBLEM-TYPE* => PLANNING
  *ALGORITHM* => DEPTH-FIRST
  *TREE-OR-GRAPH* => GRAPH
  *SOLUTION-TYPE* => MIN-LENGTH
  *DEPTH-CUTOFF* => 4
  *THREADS* => 16
  *RANDOMIZE-SEARCH* => NIL
  *DEBUG* => 0
  *PROBE* => NIL
  *GOAL* => (AND (CYCLE-AT CYCLE-END) (GHOST-STOPS-RECORDER))
  *SYMMETRY-PRUNING* => NIL
  *MAX-RECORDER-CYCLES* => 1
  *RECORDER-PREFIX-PRUNING* => NIL
  *PROGRESS-REPORTING-INTERVAL* => 100,000
  *BRANCH* TO EXPLORE => ALL
  HEURISTIC? => NIL
  EXOGENOUS HAPPENINGS => NIL
  BOUNDING FUNCTION? => NIL
  MIN STEPS REMAINING? => NIL

  For parallel settings: (display-parallel-parameters)

Installing goal...
Installing goal...
Installing goal...
Restored 3 checkpoints, 4 actions by replay; no search.
Installing goal...
Installing goal...
Installing goal...
Installing object types...
Installing dynamic relations...
Creating initial propositional database...
Installing CHOOSE-GOOD-A action...
Installing CHOOSE-BAD-A action...
Installing BAD-A-TO-SECOND-DEAD-B action...
Installing BAD-A-TO-FIRST-DEAD-B action...
Installing GOOD-A-TO-LIVE-B action...
Installing LIVE-B-TO-C action...
Installing goal...
Initializing...
Optimizing lambda expressions and compiling...
  CHOOSE-GOOD-A...
  CHOOSE-BAD-A...
  BAD-A-TO-SECOND-DEAD-B...
  BAD-A-TO-FIRST-DEAD-B...
  GOOD-A-TO-LIVE-B...
  LIVE-B-TO-C...
  enum relation requires predicates...
  GOAL-FN...


Current parameter settings:
  *PROBLEM-NAME* => GOAL-CHAIN-BACKTRACKING-TEST
  *PROBLEM-TYPE* => PLANNING
  *ALGORITHM* => DEPTH-FIRST
  *TREE-OR-GRAPH* => GRAPH
  *SOLUTION-TYPE* => FIRST
  *DEPTH-CUTOFF* => 1
  *THREADS* => 0
  *RANDOMIZE-SEARCH* => NIL
  *DEBUG* => 0
  *PROBE* => NIL
  *GOAL* => (BT-AT BT-A)
  *SYMMETRY-PRUNING* => NIL
  *PROGRESS-REPORTING-INTERVAL* => 100,000
  *BRANCH* TO EXPLORE => ALL
  HEURISTIC? => NIL
  EXOGENOUS HAPPENINGS => NIL
  BOUNDING FUNCTION? => NIL
  MIN STEPS REMAINING? => NIL



Current parameter settings:
  *PROBLEM-NAME* => GOAL-CHAIN-BACKTRACKING-TEST
  *PROBLEM-TYPE* => PLANNING
  *ALGORITHM* => DEPTH-FIRST
  *TREE-OR-GRAPH* => GRAPH
  *SOLUTION-TYPE* => FIRST
  *DEPTH-CUTOFF* => 1
  *THREADS* => 0
  *RANDOMIZE-SEARCH* => NIL
  *DEBUG* => 0
  *PROBE* => NIL
  *GOAL* => (BT-AT BT-A)
  *SYMMETRY-PRUNING* => NIL
  *PROGRESS-REPORTING-INTERVAL* => 100,000
  *BRANCH* TO EXPLORE => ALL
  HEURISTIC? => NIL
  EXOGENOUS HAPPENINGS => NIL
  BOUNDING FUNCTION? => NIL
  MIN STEPS REMAINING? => NIL

Installing goal...
Installing goal...
working...


New path to goal found at depth = 1

In problem GOAL-CHAIN-BACKTRACKING-TEST, performed GRAPH search for FIRST solution.

Search ended with first solution found.

Depth cutoff = 1

Maximum depth explored = 1

Program cycles = 0

Total states processed = 3

Repeated states pruned = 0, ie, 0.0 percent

Average branching factor = 0.0

Start state:
((BT-AT BT-START))

Goal:
(BT-AT BT-A)



Total solution paths recorded = 1, of which 1 is/are unique solution paths
Check *solution-paths* and *unique-solution-states* for solution records.

Number of steps in first solution found: = 1

Duration of first solution found = 1.0

Solution path of first solution found from start state to goal state:
(0.0 (START-STATE))
((BT-AT BT-START))

(1.0 (CHOOSE-BAD-A))
((BT-AT BT-A) (BT-CHOICE BT-BAD))


Evaluation took:
  0.000 seconds of real time
  0.000000 seconds of total run time (0.000000 user, 0.000000 system)
  100.00% CPU
  1,831,723 processor cycles
  5,081,472 bytes consed
  
Installing goal...
Milestone chain accepted through checkpoint 1.
Exported 1 checkpoint and 1 action to C:/Users/user/AppData/Local/Temp/wouldwork-bt-progress-round-trip-FILE679.txt.
Installing goal...
Installing goal...
Installing goal...
Milestone chain accepted through checkpoint 1.
Imported 1 checkpoint and 1 action from C:/Users/user/AppData/Local/Temp/wouldwork-bt-progress-round-trip-FILE679.txt.
Installing goal...
working...



In problem GOAL-CHAIN-BACKTRACKING-TEST, performed GRAPH search for FIRST solution.

DEPTH-FIRST search process completed normally.

Depth cutoff = 1

Maximum depth explored = 1

Program cycles = 3

Total states processed = 3

Repeated states pruned = 0, ie, 0.0 percent

Depth-cutoff hits = 2, ie, 66.7 percent

Average branching factor = 0.7

Start state:
((BT-AT BT-A) (BT-CHOICE BT-BAD))

Goal:
(AND (BT-AT BT-B) (BT-CHOICE BT-GOOD))

No solutions found.
Evaluation took:
  0.000 seconds of real time
  0.000000 seconds of total run time (0.000000 user, 0.000000 system)
  100.00% CPU
  1,418,729 processor cycles
  5,114,096 bytes consed
  
Milestone 2 has no remaining states for this continuation.
Checkpoint rejected for this continuation after exhaustive search.
Retrying milestone 1 from its preceding checkpoint.
Installing goal...
working...


New path to goal found at depth = 1

In problem GOAL-CHAIN-BACKTRACKING-TEST, performed GRAPH search for FIRST solution.

Search ended with first solution found.

Depth cutoff = 1

Maximum depth explored = 1

Program cycles = 0

Total states processed = 3

Repeated states pruned = 0, ie, 0.0 percent

Average branching factor = 0.0

Start state:
((BT-AT BT-START))

Goal:
(BT-AT BT-A)



Total solution paths recorded = 1, of which 1 is/are unique solution paths
Check *solution-paths* and *unique-solution-states* for solution records.

Number of steps in first solution found: = 1

Duration of first solution found = 1.0

Solution path of first solution found from start state to goal state:
(0.0 (START-STATE))
((BT-AT BT-START))

(1.0 (CHOOSE-GOOD-A))
((BT-AT BT-A) (BT-CHOICE BT-GOOD))


Evaluation took:
  0.000 seconds of real time
  0.000000 seconds of total run time (0.000000 user, 0.000000 system)
  100.00% CPU
  1,458,871 processor cycles
  5,048,720 bytes consed
  
Installing goal...
working...


New path to goal found at depth = 1

In problem GOAL-CHAIN-BACKTRACKING-TEST, performed GRAPH search for FIRST solution.

Search ended with first solution found.

Depth cutoff = 1

Maximum depth explored = 1

Program cycles = 0

Total states processed = 2

Repeated states pruned = 0, ie, 0.0 percent

Average branching factor = 0.0

Start state:
((BT-AT BT-A) (BT-CHOICE BT-GOOD))

Goal:
(AND (BT-AT BT-B) (BT-CHOICE BT-GOOD))



Total solution paths recorded = 1, of which 1 is/are unique solution paths
Check *solution-paths* and *unique-solution-states* for solution records.

Number of steps in first solution found: = 1

Duration of first solution found = 2.0

Solution path of first solution found from start state to goal state:
(1.0 (START-STATE))
((BT-AT BT-A) (BT-CHOICE BT-GOOD))

(2.0 (GOOD-A-TO-LIVE-B))
((BT-AT BT-B) (BT-BRANCH BT-LIVE) (BT-CHOICE BT-GOOD))


Evaluation took:
  0.000 seconds of real time
  0.000000 seconds of total run time (0.000000 user, 0.000000 system)
  100.00% CPU
  1,487,453 processor cycles
  5,081,056 bytes consed
  
Installing goal...
Milestone chain accepted through checkpoint 2.
Installing goal...
Reverted the last goal-chaining command.

Current State: 
#<PROBLEM-STATE <(CONTINUATION) NIL 1.0 0.0 0.0
  ((BT-AT BT-A) (BT-CHOICE BT-BAD))
  NIL>>
Current Goal: 
(BT-AT BT-A)

Installing goal...
Reverted the last goal-chaining command.

Current State: 
#<PROBLEM-STATE <(START) NIL 0.0 0.0 0.0
  ((BT-AT BT-START))
  NIL>>
Current Goal: 
(BT-AT BT-C)

Installing goal...
Installing goal...
working...


New path to goal found at depth = 1

In problem GOAL-CHAIN-BACKTRACKING-TEST, performed GRAPH search for FIRST solution.

Search ended with first solution found.

Depth cutoff = 1

Maximum depth explored = 1

Program cycles = 0

Total states processed = 3

Repeated states pruned = 0, ie, 0.0 percent

Average branching factor = 0.0

Start state:
((BT-AT BT-START))

Goal:
(BT-AT BT-A)



Total solution paths recorded = 1, of which 1 is/are unique solution paths
Check *solution-paths* and *unique-solution-states* for solution records.

Number of steps in first solution found: = 1

Duration of first solution found = 1.0

Solution path of first solution found from start state to goal state:
(0.0 (START-STATE))
((BT-AT BT-START))

(1.0 (CHOOSE-BAD-A))
((BT-AT BT-A) (BT-CHOICE BT-BAD))


Evaluation took:
  0.000 seconds of real time
  0.000000 seconds of total run time (0.000000 user, 0.000000 system)
  100.00% CPU
  1,586,766 processor cycles
  5,048,720 bytes consed
  
Installing goal...
Milestone chain accepted through checkpoint 1.
Exported 1 checkpoint and 1 action to C:/Users/user/AppData/Local/Temp/wouldwork-bt-progress-transaction-FILE681.txt.
Installing goal...
Installing goal...
Installing goal...  included technology: -physical-init-checks
  included technology: -location
  included technology: -holding
  included technology: -plate-types
  included technology: -position
  included technology: -interaction-policy
  included technology: -recording-shadow-policy
  included technology: -recorder-core
  included technology: -propagation
  included technology: -beam-substrate-init-checks
  included technology: -beam-substrate
  included technology: -apparatus-coordinates
  included technology: -switch
  included technology: -controls-init-checks
  included technology: -controls
  included technology: -support-occupancy
  included technology: -recorder-plate-shadow
  included technology: -recorder-receiver-shadow
  included technology: -recorder-switch-shadow
  included technology: -recorder-controls-shadow
  included technology: -recorder-jamming-shadow
  included technology: -gate
  included technology: -recorder-gate-shadow
  included technology: -recorder-blower-shadow
  included technology: -mobility
  included technology: -recorder-solution
  included technology: -recorder-cycle-boundary
  included technology: -recorder-fork-registry
  included technology: -recorder-session
  included technology: -recorder-cycle-chaining
  included technology: -recorder-init-checks
  included technology: recorder
  included technology: plate
Installing object types...
Installing object types...
Installing dynamic relations...
Installing object types...
Installing dynamic relations...
Installing optional types...
Installing object types...
Installing object types...
Installing static relations...
Installing OBJECT-MANIPULATION-ALLOWED query-fn...
Installing SUPPORT-USE-ALLOWED query-fn...
Installing SUPPORT-OCCUPANCY-CONFLICT-P query-fn...
Installing CONNECTOR-PAIRING-ALLOWED query-fn...
Installing CONNECTOR-LOCATION-CONFLICT-P query-fn...
Installing RECORDING-SHADOW-OBJECT query-fn...
Installing RECORDING-SHADOW-OBJECT-PRESENT query-fn...
Installing RECORDING-SHADOW-TURNING query-fn...
Installing RECORDING-SHADOW-GATE-OPEN query-fn...
Installing optional types...
Installing static relations...
WARNING: redefining WOULDWORK::DERIVE-RECORDING-COPY-LITERALS in DEFUN
Installing dynamic relations...
Installing LIVE-RECORDING-OBJECT query-fn...
Installing GHOST-RECORDING-OBJECT query-fn...
Installing RECORDING-SHADOW-VIEW-OBJECT query-fn...
Installing SAME-RECORDING-SIDE query-fn...
Installing RECORDER-CYCLE-COUNT query-fn...
Installing RECORDING-SHADOW-OBJECT query-fn...
Installing RECORDING-SHADOW-OBJECT-PRESENT query-fn...
Installing OBJECT-MANIPULATION-ALLOWED query-fn...
Installing SUPPORT-USE-ALLOWED query-fn...
Installing SUPPORT-OCCUPANCY-CONFLICT-P query-fn...
Installing CONNECTOR-PAIRING-ALLOWED query-fn...
Installing CONNECTOR-LOCATION-CONFLICT-P query-fn...
Installing PROPAGATE-CHANGES! update-fn...
Installing PROPAGATE-CONSEQUENCES! update-fn...
Installing optional types...
Installing object types...
Installing dynamic relations...
Installing static relations...
Installing UPDATE-RECEIVER-STATUS! update-fn...
Installing BEAM-REACHES-RECEIVER query-fn...
Installing RECORDING-SHADOW-BEAM-REACHES-RECEIVER query-fn...
Installing BEAM-LIVE-FOR-CUTTING query-fn...
Installing DIRECT-BEAM-REACHES-RECEIVER query-fn...
Installing RELAY-BEAM-REACHES-RECEIVER query-fn...
Installing RECORDING-SHADOW-DIRECT-BEAM-REACHES-RECEIVER query-fn...
Installing RECORDING-SHADOW-RELAY-BEAM-REACHES-RECEIVER query-fn...
Installing DIRECT-BEAM-LIVE-FOR-CUTTING query-fn...
Installing RELAY-BEAM-LIVE-FOR-CUTTING query-fn...
Installing BEAM-CUT query-fn...
Installing BEAM-CUT-IN query-fn...
Installing CURRENT-CROSSING-SET query-fn...
Installing FIXED-BEAM-CORRIDOR-CLEAR query-fn...
Installing FIXED-BEAM-CORRIDOR-CLEAR-FOR-OBJECT query-fn...
Installing COMPUTE-RELAY-LIGHTING query-fn...
Installing COMPUTE-RELAY-LIGHTING-FOR-OBJECT query-fn...
Installing BEAM-RELAY-SOURCE-DISTANCE query-fn...
Installing optional types...
Installing static relations...
Installing optional types...
Installing dynamic relations...
Installing optional types...
Installing object types...
Installing static relations...
Installing ENERGIZED query-fn...
Installing CONTROL-ON query-fn...
Installing object types...
Installing dynamic relations...
Installing SUPPORT-OCCUPIED query-fn...
Installing CLEARTOP query-fn...
Installing dynamic relations...
Installing RECORDING-PLATE-OCCUPIED query-fn...
Installing UPDATE-RECORDING-PLATE-STATUS! update-fn...
Installing dynamic relations...
Installing UPDATE-RECORDING-RECEIVER-STATUS! update-fn...
Installing dynamic relations...
Installing INITIALIZE-RECORDING-SWITCH-STATE! update-fn...
Installing RECORDING-CONTROLLER-ENERGIZED query-fn...
Installing RECORDING-CONTROL-ON query-fn...
Installing optional types...
Installing RECORDING-JAMMED query-fn...
Installing optional types...
Installing dynamic relations...
Installing GATE-OPEN-FOR-OBJECT query-fn...
Installing dynamic relations...
Installing RECORDING-SHADOW-GATE-OPEN query-fn...
Installing UPDATE-RECORDING-GATE-STATUS! update-fn...
Installing optional types...
Installing object types...
Installing dynamic relations...
Installing RECORDING-SHADOW-TURNING query-fn...
Installing UPDATE-RECORDING-BLOWER-STATUS! update-fn...
Installing MOBILITY-RESULTS query-fn...
Installing MOBILITY-LOCATIONS query-fn...
Installing TRAVERSABLE query-fn...
Installing RECORDING-AGENT-EMPTY-HANDED query-fn...
Installing RECORDER-CYCLE-ENDED query-fn...
Installing GHOST-STOPS-RECORDER query-fn...
Installing RECORDING-AGENT-CAN-CLOSE query-fn...
Installing RECORDING-AGENT-RETURN-ROUTE query-fn...
Installing RECORDING-AGENT-AT-RECORDER query-fn...
Installing RECORDER-CLOSED-GHOST-FREE query-fn...
Installing RECORDER-CYCLE-BOUNDARY-SAFE query-fn...
Installing optional types...
Installing CANCEL-PLAYBACK action...
Installing STOP-RECORDER action...
Installing dynamic relations...
Installing UPDATE-PLATE-STATUS! update-fn...
Installing dynamic relations...
Creating initial propositional database...
Installing INITIALIZE-DERIVED-STATE init action...
Installing ADVANCE-CYCLE-TO-MIDDLE action...
Installing ADVANCE-CYCLE-TO-END action...
Installing goal...
Initializing...
Installing START-RECORDER action...
Deriving propagation driver: INITIALIZE-RECORDING-SWITCH-STATE! UPDATE-RECORDING-BLOWER-STATUS! UPDATE-PLATE-STATUS! UPDATE-RECORDING-PLATE-STATUS!
Installing PROPAGATE-CONSEQUENCES! update-fn...
Optimizing lambda expressions and compiling...
  CANCEL-PLAYBACK...
  STOP-RECORDER...
  ADVANCE-CYCLE-TO-MIDDLE...
  ADVANCE-CYCLE-TO-END...
  START-RECORDER...
  OBJECT-MANIPULATION-ALLOWED...
  SUPPORT-USE-ALLOWED...
  SUPPORT-OCCUPANCY-CONFLICT-P...
  CONNECTOR-PAIRING-ALLOWED...
  CONNECTOR-LOCATION-CONFLICT-P...
  RECORDING-SHADOW-OBJECT...
  RECORDING-SHADOW-OBJECT-PRESENT...
  RECORDING-SHADOW-TURNING...
  RECORDING-SHADOW-GATE-OPEN...
  LIVE-RECORDING-OBJECT...
  GHOST-RECORDING-OBJECT...
  RECORDING-SHADOW-VIEW-OBJECT...
  SAME-RECORDING-SIDE...
  RECORDER-CYCLE-COUNT...
  BEAM-REACHES-RECEIVER...
  RECORDING-SHADOW-BEAM-REACHES-RECEIVER...
  BEAM-LIVE-FOR-CUTTING...
  DIRECT-BEAM-REACHES-RECEIVER...
  RELAY-BEAM-REACHES-RECEIVER...
  RECORDING-SHADOW-DIRECT-BEAM-REACHES-RECEIVER...
  RECORDING-SHADOW-RELAY-BEAM-REACHES-RECEIVER...
  DIRECT-BEAM-LIVE-FOR-CUTTING...
  RELAY-BEAM-LIVE-FOR-CUTTING...
  BEAM-CUT...
  BEAM-CUT-IN...
  CURRENT-CROSSING-SET...
  FIXED-BEAM-CORRIDOR-CLEAR...
  FIXED-BEAM-CORRIDOR-CLEAR-FOR-OBJECT...
  COMPUTE-RELAY-LIGHTING...
  COMPUTE-RELAY-LIGHTING-FOR-OBJECT...
  BEAM-RELAY-SOURCE-DISTANCE...
  ENERGIZED...
  CONTROL-ON...
  SUPPORT-OCCUPIED...
  CLEARTOP...
  RECORDING-PLATE-OCCUPIED...
  RECORDING-CONTROLLER-ENERGIZED...
  RECORDING-CONTROL-ON...
  RECORDING-JAMMED...
  GATE-OPEN-FOR-OBJECT...
  MOBILITY-RESULTS...
  MOBILITY-LOCATIONS...
  TRAVERSABLE...
  RECORDING-AGENT-EMPTY-HANDED...
  RECORDER-CYCLE-ENDED...
  GHOST-STOPS-RECORDER...
  RECORDING-AGENT-CAN-CLOSE...
  RECORDING-AGENT-RETURN-ROUTE...
  RECORDING-AGENT-AT-RECORDER...
  RECORDER-CLOSED-GHOST-FREE...
  RECORDER-CYCLE-BOUNDARY-SAFE...
  PROPAGATE-CHANGES!...
  PROPAGATE-CONSEQUENCES!...
  UPDATE-RECEIVER-STATUS!...
  UPDATE-RECORDING-PLATE-STATUS!...
  UPDATE-RECORDING-RECEIVER-STATUS!...
  INITIALIZE-RECORDING-SWITCH-STATE!...
  UPDATE-RECORDING-GATE-STATUS!...
  UPDATE-RECORDING-BLOWER-STATUS!...
  UPDATE-PLATE-STATUS!...
  enum relation requires predicates...
  GOAL-FN...
Adding init-action propositions to initial database...
INITIALIZE-DERIVED-STATE...


Current parameter settings:
  *PROBLEM-NAME* => RECORDER-CYCLE-ORCHESTRATION-TEST
  *PROBLEM-TYPE* => PLANNING
  *ALGORITHM* => DEPTH-FIRST
  *TREE-OR-GRAPH* => GRAPH
  *SOLUTION-TYPE* => MIN-LENGTH
  *DEPTH-CUTOFF* => 4
  *THREADS* => 0
  *RANDOMIZE-SEARCH* => NIL
  *DEBUG* => 0
  *PROBE* => NIL
  *GOAL* => (AND (CYCLE-AT CYCLE-END) (GHOST-STOPS-RECORDER))
  *SYMMETRY-PRUNING* => NIL
  *MAX-RECORDER-CYCLES* => 1
  *RECORDER-PREFIX-PRUNING* => NIL
  *PROGRESS-REPORTING-INTERVAL* => 100,000
  *BRANCH* TO EXPLORE => ALL
  HEURISTIC? => NIL
  EXOGENOUS HAPPENINGS => NIL
  BOUNDING FUNCTION? => NIL
  MIN STEPS REMAINING? => NIL



Current parameter settings:
  *PROBLEM-NAME* => RECORDER-CYCLE-ORCHESTRATION-TEST
  *PROBLEM-TYPE* => PLANNING
  *ALGORITHM* => DEPTH-FIRST
  *TREE-OR-GRAPH* => GRAPH
  *SOLUTION-TYPE* => MIN-LENGTH
  *DEPTH-CUTOFF* => 4
  *THREADS* => 0
  *RANDOMIZE-SEARCH* => NIL
  *DEBUG* => 0
  *PROBE* => NIL
  *GOAL* => (AND (CYCLE-AT CYCLE-END) (GHOST-STOPS-RECORDER))
  *SYMMETRY-PRUNING* => NIL
  *MAX-RECORDER-CYCLES* => 1
  *RECORDER-PREFIX-PRUNING* => NIL
  *PROGRESS-REPORTING-INTERVAL* => 100,000
  *BRANCH* TO EXPLORE => ALL
  HEURISTIC? => NIL
  EXOGENOUS HAPPENINGS => NIL
  BOUNDING FUNCTION? => NIL
  MIN STEPS REMAINING? => NIL

Installing goal...
Installing goal...
working...


New path to goal found at depth = 2

In problem RECORDER-CYCLE-ORCHESTRATION-TEST, performed GRAPH search for MIN-LENGTH solution.

DEPTH-FIRST search process completed normally.

Depth cutoff = 4

Maximum depth explored = 2

Program cycles = 2

Total states processed = 5

Repeated states pruned = 0, ie, 0.0 percent

Search-prefix validation pruned 0 states, 0.0% of 2 prefix validations.
  validate-recorder-cycle-boundary-prefix: 2 checks, 0 rejections.
  validate-recorder-recording-prefix: disabled.

Average branching factor = 2.0


Candidate solution validation:
  Nominal goal paths checked = 1
  Accepted = 1
  Rejected = 0

Start state:
((CYCLE-AT CYCLE-START) (HAS-LOCATION LIVE-AGENT RECORDER-SITE))

Goal:
(CYCLE-AT CYCLE-MIDDLE)



Total solution paths recorded = 1, of which 1 is/are unique solution paths
Check *solution-paths* and *unique-solution-states* for solution records.

Number of steps in a minimum path length solution = 2

A minimum length solution path from start state to goal state:
(0.0 (START-STATE))
((CYCLE-AT CYCLE-START) (HAS-LOCATION LIVE-AGENT RECORDER-SITE))

(1.0 (START-RECORDER > LIVE-AGENT starts the recorder))
((CYCLE-AT CYCLE-START) (HAS-LOCATION LIVE-AGENT RECORDER-SITE) (HAS-LOCATION GHOST-AGENT RECORDER-SITE) (RECORDER-CYCLES-USED 1)
 (RECORDING-IN-PROGRESS))

(3.0 (ADVANCE-CYCLE-TO-MIDDLE > GHOST-AGENT reaches the first embedded checkpoint))
((CYCLE-AT CYCLE-MIDDLE) (HAS-LOCATION LIVE-AGENT RECORDER-SITE) (HAS-LOCATION GHOST-AGENT RECORDER-SITE) (RECORDER-CYCLES-USED 1)
 (RECORDING-IN-PROGRESS))


Evaluation took:
  0.008 seconds of real time
  0.015625 seconds of total run time (0.015625 user, 0.000000 system)
  [ Real times consist of 0.007 seconds GC time, and 0.001 seconds non-GC time. ]
  [ Run times consist of 0.015 seconds GC time, and 0.001 seconds non-GC time. ]
  200.00% CPU
  26,095,639 processor cycles
  5,179,552 bytes consed
  

Subgoal checkpoint reached: (CYCLE-AT CYCLE-MIDDLE)
  Segment depth: 2
  Cumulative depth: 2
  Recorder cycle 1 remains open.
  Accumulated prefix replay: accepted.

Recorder phases accumulated through this checkpoint:

Setup phase:

Recording phase:
(1.0 (START-RECORDER > LIVE-AGENT starts the recorder))
(3.0 (ADVANCE-CYCLE-TO-MIDDLE > GHOST-AGENT reaches the first embedded checkpoint))
(STOP-RECORDER)

Playback phase:
Closure: synthesized.
Cycle metrics: depth 2, elapsed time 3.0, value change 7.0.
Complete solution totals: depth 2, elapsed time 3.0, value change 7.0.
Installing goal...
Exported 1 checkpoint and 2 actions to C:/Users/user/AppData/Local/Temp/wouldwork-recorder-progress-FILE699.txt.
Installing goal...
Installing goal...

Subgoal checkpoint reached: (CYCLE-AT CYCLE-MIDDLE)
  Segment depth: 2
  Cumulative depth: 2
  Recorder cycle 1 remains open.
  Accumulated prefix replay: accepted.

Recorder phases accumulated through this checkpoint:

Setup phase:

Recording phase:
(1.0 (START-RECORDER > LIVE-AGENT starts the recorder))
(3.0 (ADVANCE-CYCLE-TO-MIDDLE > GHOST-AGENT reaches the first embedded checkpoint))
(STOP-RECORDER)

Playback phase:
Closure: synthesized.
Cycle metrics: depth 2, elapsed time 3.0, value change 7.0.
Complete solution totals: depth 2, elapsed time 3.0, value change 7.0.
Installing goal...
Imported 1 checkpoint and 2 actions from C:/Users/user/AppData/Local/Temp/wouldwork-recorder-progress-FILE699.txt.
Installing goal...
working...


New path to goal found at depth = 1

In problem RECORDER-CYCLE-ORCHESTRATION-TEST, performed GRAPH search for MIN-LENGTH solution.

DEPTH-FIRST search process completed normally.

Depth cutoff = 4

Maximum depth explored = 1

Program cycles = 1

Total states processed = 4

Repeated states pruned = 0, ie, 0.0 percent

Search-prefix validation pruned 0 states, 0.0% of 2 prefix validations.
  validate-recorder-cycle-boundary-prefix: 2 checks, 0 rejections.
  validate-recorder-recording-prefix: disabled.

Average branching factor = 3.0


Candidate solution validation:
  Nominal goal paths checked = 1
  Accepted = 1
  Rejected = 0

Start state:
((CYCLE-AT CYCLE-MIDDLE) (HAS-LOCATION LIVE-AGENT RECORDER-SITE) (HAS-LOCATION GHOST-AGENT RECORDER-SITE) (RECORDER-CYCLES-USED 1)
 (RECORDING-IN-PROGRESS))

Goal:
(CYCLE-AT CYCLE-END)



Total solution paths recorded = 1, of which 1 is/are unique solution paths
Check *solution-paths* and *unique-solution-states* for solution records.

Number of steps in a minimum path length solution = 1

A minimum length solution path from start state to goal state:
(3.0 (START-STATE))
((CYCLE-AT CYCLE-MIDDLE) (HAS-LOCATION LIVE-AGENT RECORDER-SITE) (HAS-LOCATION GHOST-AGENT RECORDER-SITE) (RECORDER-CYCLES-USED 1)
 (RECORDING-IN-PROGRESS))

(6.0 (ADVANCE-CYCLE-TO-END > GHOST-AGENT reaches the second embedded checkpoint))
((CYCLE-AT CYCLE-END) (HAS-LOCATION LIVE-AGENT RECORDER-SITE) (HAS-LOCATION GHOST-AGENT RECORDER-SITE) (RECORDER-CYCLES-USED 1)
 (RECORDING-IN-PROGRESS))


Evaluation took:
  0.000 seconds of real time
  0.000000 seconds of total run time (0.000000 user, 0.000000 system)
  100.00% CPU
  1,824,887 processor cycles
  5,146,992 bytes consed
  

Subgoal checkpoint reached: (CYCLE-AT CYCLE-END)
  Segment depth: 1
  Cumulative depth: 3
  Recorder cycle 1 remains open.
  Accumulated prefix replay: accepted.

Recorder phases accumulated through this checkpoint:

Setup phase:

Recording phase:
(1.0 (START-RECORDER > LIVE-AGENT starts the recorder))
(3.0 (ADVANCE-CYCLE-TO-MIDDLE > GHOST-AGENT reaches the first embedded checkpoint))
(6.0 (ADVANCE-CYCLE-TO-END > GHOST-AGENT reaches the second embedded checkpoint))
(STOP-RECORDER)

Playback phase:
Closure: synthesized.
Cycle metrics: depth 3, elapsed time 6.0, value change 11.0.
Complete solution totals: depth 3, elapsed time 6.0, value change 11.0.
Installing goal...
Exported 2 checkpoints and 3 actions to C:/Users/user/AppData/Local/Temp/wouldwork-recorder-progress-FILE699.txt.
Installing goal...
Installing goal...
Installing goal...

Subgoal checkpoint reached: (CYCLE-AT CYCLE-END)
  Segment depth: 1
  Cumulative depth: 3
  Recorder cycle 1 remains open.
  Accumulated prefix replay: accepted.

Recorder phases accumulated through this checkpoint:

Setup phase:

Recording phase:
(1.0 (START-RECORDER > LIVE-AGENT starts the recorder))
(3.0 (ADVANCE-CYCLE-TO-MIDDLE > GHOST-AGENT reaches the first embedded checkpoint))
(6.0 (ADVANCE-CYCLE-TO-END > GHOST-AGENT reaches the second embedded checkpoint))
(STOP-RECORDER)

Playback phase:
Closure: synthesized.
Cycle metrics: depth 3, elapsed time 6.0, value change 11.0.
Complete solution totals: depth 3, elapsed time 6.0, value change 11.0.
Installing goal...
Imported 2 checkpoints and 3 actions from C:/Users/user/AppData/Local/Temp/wouldwork-recorder-progress-FILE699.txt.
Installing goal...
working...


New path to goal found at depth = 1

In problem RECORDER-CYCLE-ORCHESTRATION-TEST, performed GRAPH search for MIN-LENGTH solution.

DEPTH-FIRST search process completed normally.

Depth cutoff = 4

Maximum depth explored = 1

Program cycles = 1

Total states processed = 3

Repeated states pruned = 0, ie, 0.0 percent

Search-prefix validation pruned 0 states, 0.0% of 2 prefix validations.
  validate-recorder-cycle-boundary-prefix: 2 checks, 0 rejections.
  validate-recorder-recording-prefix: disabled.

Average branching factor = 2.0


Candidate solution validation:
  Nominal goal paths checked = 1
  Accepted = 1
  Rejected = 0

Start state:
((CYCLE-AT CYCLE-END) (HAS-LOCATION LIVE-AGENT RECORDER-SITE) (HAS-LOCATION GHOST-AGENT RECORDER-SITE) (RECORDER-CYCLES-USED 1)
 (RECORDING-IN-PROGRESS))

Goal:
(AND (CYCLE-AT CYCLE-END) (GHOST-STOPS-RECORDER))



Total solution paths recorded = 1, of which 1 is/are unique solution paths
Check *solution-paths* and *unique-solution-states* for solution records.

Number of steps in a minimum path length solution = 1

A minimum length solution path from start state to goal state:
(6.0 (START-STATE))
((CYCLE-AT CYCLE-END) (HAS-LOCATION LIVE-AGENT RECORDER-SITE) (HAS-LOCATION GHOST-AGENT RECORDER-SITE) (RECORDER-CYCLES-USED 1)
 (RECORDING-IN-PROGRESS))

(7.0 (STOP-RECORDER > GHOST-AGENT stops the recorder))
((CYCLE-AT CYCLE-END) (HAS-LOCATION LIVE-AGENT RECORDER-SITE) (RECORDER-CYCLE-CLOSED) (RECORDER-CYCLE-STOPPED-BY-GHOST)
 (RECORDER-CYCLES-USED 1))


Evaluation took:
  0.000 seconds of real time
  0.000000 seconds of total run time (0.000000 user, 0.000000 system)
  100.00% CPU
  2,007,548 processor cycles
  5,181,040 bytes consed
  

Final goal reached: (AND (CYCLE-AT CYCLE-END) (GHOST-STOPS-RECORDER))
  Segment depth: 1
  Cumulative depth: 4
  Recorder state is closed after cycle 1.
  Accumulated prefix replay: accepted.
Installing goal...

===== Recorder subgoal chain =====

Checkpoint 1
Goal: (CYCLE-AT CYCLE-MIDDLE)
Search policy: MIN-LENGTH
Segment depth: 2; cumulative depth: 2
Cumulative elapsed time: 3.0; value change: 7.0
Recorder: cycle 1, open

Checkpoint 2
Goal: (CYCLE-AT CYCLE-END)
Search policy: MIN-LENGTH
Segment depth: 1; cumulative depth: 3
Cumulative elapsed time: 6.0; value change: 11.0
Recorder: cycle 1, open

Checkpoint 3
Goal: (AND (CYCLE-AT CYCLE-END) (GHOST-STOPS-RECORDER))
Search policy: MIN-LENGTH
Segment depth: 1; cumulative depth: 4
Cumulative elapsed time: 7.0; value change: 11.0
Recorder: cycle 1, closed

Setup phase:

Recording phase:
(1.0 (START-RECORDER > LIVE-AGENT starts the recorder))
(3.0 (ADVANCE-CYCLE-TO-MIDDLE > GHOST-AGENT reaches the first embedded checkpoint))
(6.0 (ADVANCE-CYCLE-TO-END > GHOST-AGENT reaches the second embedded checkpoint))
(7.0 (STOP-RECORDER > GHOST-AGENT stops the recorder))

Playback phase:
Closure: explicit.
Cycle metrics: depth 4, elapsed time 7.0, value change 11.0.
Complete solution totals: depth 4, elapsed time 7.0, value change 11.0.
Installing goal...
SEARCH-CHECKPOINT-CHECKS PASSED: 34 assertions.
LEGACY-PERSISTENCE-CHECKS PASSED: 3 claims.
Cleaning up resources and shutting down threads...
Cleanup completed.
