To load "bordeaux-threads":
  Load 1 ASDF system:
    bordeaux-threads
; Loading "bordeaux-threads"

To load "usocket":
  Load 1 ASDF system:
    usocket
; Loading "usocket"

To load "cl-json":
  Load 1 ASDF system:
    cl-json
; Loading "cl-json"

To load "flexi-streams":
  Load 1 ASDF system:
    flexi-streams
; Loading "flexi-streams"

To load "wouldwork":
  Load 1 ASDF system:
    wouldwork
; Loading "wouldwork"
[package alexandria]..............................
[package alexandria-2]............................
[package iterate].................................
[package global-vars].............................
[package trivial-garbage].........................
[package bordeaux-threads]........................
[package bt2].....................................
[package lparallel.util]..........................
[package lparallel.thread-util]...................
[package lparallel.raw-queue].....................
[package lparallel.cons-queue]....................
[package lparallel.vector-queue]..................
[package lparallel.queue].........................
[package lparallel.counter].......................
[package lparallel.spin-queue]....................
[package lparallel.kernel]........................
[package lparallel.kernel-util]...................
[package lparallel.promise].......................
[package lparallel.ptree].........................
[package lparallel.slet]..........................
[package lparallel.defpun]........................
[package lparallel.cognate].......................
[package lparallel]...............................
[package utilities]...............................
[package hstack]..................................
[package wouldwork].......  included technology: -propagation
  included technology: -plate-types
  included technology: -beam-substrate-init-checks
  included technology: -beam-substrate
  included technology: -apparatus-coordinates
  included technology: -switch
  included technology: -controls-init-checks
  included technology: -controls
  included technology: -recording-shadow-policy
  included technology: -gate
  included technology: gate
  included technology: -interaction-policy
  included technology: -physical-init-checks
  included technology: -support-occupancy
  included technology: plate
  included technology: -height
  included technology: -location-coordinates
  included technology: -elevation
  included technology: elevation
  included technology: -segment-geometry
  included technology: -location
  included technology: -position
  included technology: -holding
  included technology: -vertical
  included technology: -support-motion
  included technology: -configuration-transition
  included technology: -support-settling
  included technology: -support-elevation
  included technology: -placement
  included technology: -reachability
  included technology: -pickup
  included technology: tray
  included technology: box
  included technology: -reachability-coordinates
  included technology: reachability
  included technology: switch
  included technology: -recorder-fork-registry
  included technology: -gears-fan
  included technology: -floor-blowing
  included technology: floor-blower
  included technology: -passability
  included technology: -threat
  included technology: -mobility
  included technology: -traversal
  included technology: -mobility-action
  included technology: ladder
  included technology: step
  included technology: jump
  included technology: -visibility
  included technology: -beam-relay-init-checks
  included technology: beam-relay
  included technology: -walkability-coordinates
  included technology: -terrain-consistency
  included technology: walkability
  included technology: -beam-los-coordinates
  included technology: -beam-interpolation
  included technology: -beam-occlusion
  included technology: visibility
  included technology: topo-lower-bound
  included technology: -recorder-core
  included technology: -recorder-plate-shadow
  included technology: -recorder-receiver-shadow
  included technology: -recorder-switch-shadow
  included technology: -recorder-controls-shadow
  included technology: -recorder-jamming-shadow
  included technology: -recorder-gate-shadow
  included technology: -recorder-blower-shadow
  included technology: -recorder-solution
  included technology: -recorder-cycle-boundary
  included technology: -recorder-session
  included technology: -recorder-cycle-chaining
  included technology: -recorder-init-checks
  included technology: recorder
........................
..................................................
..................................................
..............
Installing object types...
Installing PROPAGATE-CHANGES! update-fn...
Installing PROPAGATE-CONSEQUENCES! update-fn...
Installing optional types...
Installing object types...
Installing optional types...
Installing object types...
Installing dynamic relations...
Installing static relations...
Installing UPDATE-RECEIVER-STATUS! update-fn...
Installing BEAM-REACHES-RECEIVER query-fn...
Installing RECORDING-SHADOW-BEAM-REACHES-RECEIVER query-fn...
Installing BEAM-LIVE-FOR-CUTTING query-fn...
Installing DIRECT-BEAM-REACHES-RECEIVER query-fn...
Installing RELAY-BEAM-REACHES-RECEIVER query-fn...
Installing RECORDING-SHADOW-DIRECT-BEAM-REACHES-RECEIVER query-fn...
Installing RECORDING-SHADOW-RELAY-BEAM-REACHES-RECEIVER query-fn...
Installing DIRECT-BEAM-LIVE-FOR-CUTTING query-fn...
Installing RELAY-BEAM-LIVE-FOR-CUTTING query-fn...
Installing BEAM-CUT query-fn...
Installing BEAM-CUT-IN query-fn...
Installing CURRENT-CROSSING-SET query-fn...
Installing FIXED-BEAM-CORRIDOR-CLEAR query-fn...
Installing FIXED-BEAM-CORRIDOR-CLEAR-FOR-OBJECT query-fn...
Installing COMPUTE-RELAY-LIGHTING query-fn...
Installing COMPUTE-RELAY-LIGHTING-FOR-OBJECT query-fn...
Installing BEAM-RELAY-SOURCE-DISTANCE query-fn...
Installing optional types...
Installing static relations...
Installing optional types...
Installing dynamic relations...
Installing optional types...
Installing object types...
Installing static relations...
Installing ENERGIZED query-fn...
Installing CONTROL-ON query-fn...
Installing RECORDING-SHADOW-OBJECT query-fn...
Installing RECORDING-SHADOW-OBJECT-PRESENT query-fn...
Installing RECORDING-SHADOW-TURNING query-fn...
Installing RECORDING-SHADOW-GATE-OPEN query-fn...
Installing optional types...
Installing dynamic relations...
Installing GATE-OPEN-FOR-OBJECT query-fn...
Installing optional types...
Installing UPDATE-GATE-STATUS! update-fn...
Installing OBJECT-MANIPULATION-ALLOWED query-fn...
Installing SUPPORT-USE-ALLOWED query-fn...
Installing SUPPORT-OCCUPANCY-CONFLICT-P query-fn...
Installing CONNECTOR-PAIRING-ALLOWED query-fn...
Installing CONNECTOR-LOCATION-CONFLICT-P query-fn...
Installing object types...
Installing dynamic relations...
Installing SUPPORT-OCCUPIED query-fn...
Installing CLEARTOP query-fn...
Installing dynamic relations...
Installing UPDATE-PLATE-STATUS! update-fn...
Installing optional types...
Installing object types...
Installing static relations...
Installing static relations...
Installing optional types...
Installing object types...
Installing static relations...
Installing optional types...
Installing static relations...
Installing WALL-SEGMENT-RECORDS query-fn...
Installing EDGE-SEGMENT-RECORDS query-fn...
Installing GATE-SEGMENT-RECORDS query-fn...
Installing WINDOW-SEGMENT-RECORDS query-fn...
Installing SCREEN-SEGMENT-RECORDS query-fn...
Installing object types...
Installing dynamic relations...
Installing object types...
Installing static relations...
Installing object types...
Installing dynamic relations...
Installing optional types...
Installing object types...
Installing BASE query-fn...
Installing FIXED-BASE query-fn...
Installing LOCATION-ELEVATION query-fn...
Installing LOCATION-LEVEL query-fn...
Installing TOP query-fn...
Installing OBJECT-HEIGHT query-fn...
Installing optional types...
Installing PHYSICAL-SUPPORTS-AT query-fn...
Installing SUPPORT-DEPENDENT-P query-fn...
Installing SUPPORT-CHILDREN query-fn...
Installing SUPPORT-GROUP query-fn...
Installing RELOCATE-STACK! update-fn...
Installing LANDING-SUPPORT query-fn...
Installing LAND-ON-SUPPORT! update-fn...
Installing optional types...
Installing AGENT-CONFIGURATION query-fn...
Installing CONFIGURATION-TRANSITION-RESULTS query-fn...
Installing RELOCATE-TRAY-AND-RIDERS! update-fn...
Installing APPLY-AGENT-CONFIGURATION! update-fn...
Installing TRAY-RELEASE-RIDERS query-fn...
Installing SETTLING-SUPPORT query-fn...
Installing RELEASED-RIDER-GROUP query-fn...
Installing RELEASED-RIDER-LANDINGS query-fn...
Installing SETTLE-RELEASED-RIDERS! update-fn...
Installing optional types...
Installing WITHIN-AGENT-VERTICAL-REACH query-fn...
Installing WITHIN-AGENT-PLACEMENT-REACH query-fn...
Installing optional types...
Installing PLACEMENT-CHOICE-ALLOWED query-fn...
Installing PLACEMENT-OPTIONS query-fn...
Installing PLACEMENT-ELEVATION query-fn...
Installing PLACE-HELD-OBJECT! update-fn...
Installing optional types...
Installing object types...
Installing REACHABLE query-fn...
Installing PICKUP-CLEAR query-fn...
Installing optional types...
Installing PICKUP-TRAY action...
Installing PUT-TRAY action...
Installing optional types...
Installing PICKUP-BOX action...
Installing PUT-BOX action...
Installing static relations...
Installing REACHABILITY-COORDINATES-TARGET-POINTS query-fn...
Installing REACHABILITY-COORDINATES-SOLID-RECORDS query-fn...
Installing REACHABILITY-COORDINATES-GATE-RECORDS query-fn...
Installing REACHABILITY-COORDINATES-SCREEN-RECORDS query-fn...
Installing REACHABILITY-COORDINATES-AUTHORED query-fn...
Installing REACHABILITY-COORDINATES-EMITTABLE query-fn...
Installing REACHABILITY-COORDINATES-UNUSED-DISALLOWALS query-fn...
Installing DERIVE-REACH-FROM-SEGMENTS init action...
Installing REACHABLE query-fn...
Installing REACHABLE-CLEAR query-fn...
Installing optional types...
Installing object types...
Installing dynamic relations...
Installing static relations...
Installing BLOWER-DRIVE query-fn...
Installing BLOWER-PRESENT query-fn...
Installing BLOWER-ELEVATION query-fn...
Installing BLOWER-TURNING-FOR-OBJECT query-fn...
Installing BLOWER-ACTIVE-FOR-OBJECT query-fn...
Installing UPDATE-BLOWER-STATUS! update-fn...
Installing PICKUP-FAN action...skipped (no instances for type: FAN)
Installing PUT-FAN action...skipped (no instances for type: FAN)
Installing MOUNT-FAN action...skipped (no instances for type: FAN)
Installing LOCATION-LEVEL query-fn...
Installing UPDATE-FLOOR-BLOWING-STATUS! update-fn...
Installing BLOW-OCCUPANTS-AWAY! update-fn...
Installing DROP-OCCUPANTS! update-fn...
Installing optional types...
Installing ALL-CLEAR query-fn...
Installing OBSTACLE-CLEAR query-fn...
Installing STREAM-OBSTACLE-CLEAR query-fn...
Installing optional types...
Installing object types...
Installing static relations...
Installing dynamic relations...
Installing SAFE query-fn...
Installing ENFORCE-THREAT-SAFETY! update-fn...
Installing MOBILITY-RESULTS query-fn...
Installing MOBILITY-LOCATIONS query-fn...
Installing TRAVERSABLE query-fn...
Installing object types...
Installing static relations...
Installing TRAVERSAL-SEGMENTS query-fn...
Installing TRAVERSAL-SEGMENTS-FOR-SOURCE query-fn...
Installing MOVEMENT-RESULTS query-fn...
Installing MOVE action...
Installing optional types...
Installing USABLE-LADDER-AT-SOURCE query-fn...
Installing POSITIONED-LADDERS-FOR-MEANS query-fn...
Installing LADDER-CONFIGURATION-TRANSITIONS query-fn...
Installing optional types...
Installing object types...
Installing STEP-SOURCE-CAN-MOUNT query-fn...
Installing STEP-SOURCE-CAN-DISMOUNT query-fn...
Installing STEPPABLE-FIXTURE-AT query-fn...
Installing STEP-CONFIGURATION-TRANSITIONS query-fn...
Installing optional types...
Installing object types...
Installing JUMP-ELEVATION-REACHABLE query-fn...
Installing VAULTABLE-OBJECT-PASSABLE query-fn...
Installing JUMP-BARRIER-TOP-ELEVATION query-fn...
Installing VAULTABLE-OBJECT-LIST query-fn...
Installing JUMP-REQUIRED-CLEARANCE-HEIGHT query-fn...
Installing JUMP-PATH-CLEAR query-fn...
Installing JUMP-LANDING-SUPPORT-AT query-fn...
Installing JUMP-CONFIGURATION-TRANSITIONS query-fn...
Installing optional types...
Installing object types...
Installing VISIBLE query-fn...
Installing VISIBLE-FOR-OBJECT query-fn...
Installing POTENTIALLY-VISIBLE query-fn...
Installing BEAM-VISIBLE query-fn...
Installing BEAM-VISIBLE-FOR-OBJECT query-fn...
Installing ELEVATION-VISIBLE-FOR-OBJECT query-fn...
Installing object types...
Installing optional types...
Installing dynamic relations...
Installing PICKUP-CONNECTOR action...
Installing PICKUP-CONNECTOR-RETAINING-PAIRINGS action...
Installing PUT-CONNECTOR action...
Installing CONNECT-CONNECTOR action...
Installing UPDATE-RELAY-STATUS! update-fn...
Installing RELAY-BEAM-REACHES-RECEIVER query-fn...
Installing RECORDING-SHADOW-RELAY-BEAM-REACHES-RECEIVER query-fn...
Installing COMPUTE-RELAY-LIGHTING query-fn...
Installing COMPUTE-RELAY-LIGHTING-FOR-OBJECT query-fn...
Installing RELAY-ANCHOR query-fn...
Installing RELAY-LINKED query-fn...
Installing RELAY-LINK-CLEAR query-fn...
Installing RELAY-LINK-CLEAR-FOR-OBJECT query-fn...
Installing PAIRED-RELAY-VISIBLE query-fn...
Installing PAIRED-RELAY-VISIBLE-FOR-OBJECT query-fn...
Installing RELAY-BEAM-LIVE-FOR-CUTTING query-fn...
Installing BEAM-RELAY-SOURCE-DISTANCE query-fn...
Installing CONNECTABLE-LOCATION query-fn...
Installing CONNECTABLE-TERMINUS query-fn...
Installing WALKABILITY-COORDINATES-SUPPORTED-DOOR-SOLID-PAIRS query-fn...
Installing WALKABILITY-COORDINATES-LOCATION-COORDS query-fn...
Installing WALKABILITY-COORDINATES-STREAM-SPECS query-fn...
Installing TERRAIN-COMPLAINTS query-fn...
Installing DERIVE-WALKING-FROM-SEGMENTS init action...
Installing TERRAIN-COMPLAINTS query-fn...
Installing TERRAIN-LOCATION-LEVELS query-fn...
Installing TERRAIN-EDGE-SPANS query-fn...
Installing ONE-STEP-WALKABLE query-fn...
Installing optional types...
Installing object types...
Installing BEAM-COORDINATES-ENDPOINT-POSITIONS query-fn...
Installing BEAM-COORDINATES-ENDPOINT-XY query-fn...
Installing BEAM-COORDINATES-ELEVATION-AT query-fn...
Installing DERIVE-LOS-FROM-SEGMENTS init action...
Installing BEAM-ELEVATION-AT-LOCATION query-fn...
Installing object types...
Installing BEAM-BLOCKER-OCCLUDES-LOCATION query-fn...
Installing BEAM-BLOCKER-OCCLUDES-LOCATION-FOR-OBJECT query-fn...
Installing BEAM-BLOCKER-SPANS-ELEVATION query-fn...
Installing object types...
Installing static relations...
Installing LOS-CLEAR-FOR-OBJECT query-fn...
Installing LOS-CROSSINGS-CLEAR-FOR-OBJECT query-fn...
Installing LOS-OCCLUDERS-CLEAR-FOR-OBJECT query-fn...
Installing LOS-LOCATION-OCCLUDED query-fn...
Installing LOS-BARRIER-CROSSINGS query-fn...
Installing RECORDED-BARRIERS-CLEAR-FOR-OBJECT query-fn...
Installing BARRIER-CROSSING-CLEAR-FOR-OBJECT query-fn...
Installing BEAM-ELEVATION-AT-LOCATION query-fn...
Installing VISIBLE query-fn...
Installing VISIBLE-FOR-OBJECT query-fn...
Installing BEAM-VISIBLE query-fn...
Installing BEAM-VISIBLE-FOR-OBJECT query-fn...
Installing ELEVATION-VISIBLE-FOR-OBJECT query-fn...
Installing POTENTIALLY-VISIBLE query-fn...
Installing VISIBLE-CLEAR query-fn...
Installing TOPO-RELAXED-HMAX-BOUND query-fn...
Installing TOPO-RELAXED-LM-CUT-BOUND query-fn...
Installing TOPO-FINITE-RESOURCE-BOUND query-fn...
Installing TOPO-FINITE-BEAM-RESOURCE-BOUND query-fn...
Installing TOPO-LM-CUT-RESOURCE-BOUND query-fn...
Installing optional types...
Installing static relations...
Installing dynamic relations...
Installing LIVE-RECORDING-OBJECT query-fn...
Installing GHOST-RECORDING-OBJECT query-fn...
Installing RECORDING-SHADOW-VIEW-OBJECT query-fn...
Installing SAME-RECORDING-SIDE query-fn...
Installing RECORDER-CYCLE-COUNT query-fn...
Installing RECORDING-SHADOW-OBJECT query-fn...
Installing RECORDING-SHADOW-OBJECT-PRESENT query-fn...
Installing OBJECT-MANIPULATION-ALLOWED query-fn...
Installing SUPPORT-USE-ALLOWED query-fn...
Installing SUPPORT-OCCUPANCY-CONFLICT-P query-fn...
Installing CONNECTOR-PAIRING-ALLOWED query-fn...
Installing CONNECTOR-LOCATION-CONFLICT-P query-fn...
Installing dynamic relations...
Installing RECORDING-PLATE-OCCUPIED query-fn...
Installing UPDATE-RECORDING-PLATE-STATUS! update-fn...
Installing dynamic relations...
Installing UPDATE-RECORDING-RECEIVER-STATUS! update-fn...
Installing dynamic relations...
Installing INITIALIZE-RECORDING-SWITCH-STATE! update-fn...
Installing RECORDING-CONTROLLER-ENERGIZED query-fn...
Installing RECORDING-CONTROL-ON query-fn...
Installing optional types...
Installing RECORDING-JAMMED query-fn...
Installing dynamic relations...
Installing RECORDING-SHADOW-GATE-OPEN query-fn...
Installing UPDATE-RECORDING-GATE-STATUS! update-fn...
Installing optional types...
Installing object types...
Installing dynamic relations...
Installing RECORDING-SHADOW-TURNING query-fn...
Installing UPDATE-RECORDING-BLOWER-STATUS! update-fn...
Installing RECORDING-AGENT-EMPTY-HANDED query-fn...
Installing RECORDER-CYCLE-ENDED query-fn...
Installing GHOST-STOPS-RECORDER query-fn...
Installing RECORDING-AGENT-CAN-CLOSE query-fn...
Installing RECORDING-AGENT-RETURN-ROUTE query-fn...
Installing RECORDING-AGENT-AT-RECORDER query-fn...
Installing RECORDER-CLOSED-GHOST-FREE query-fn...
Installing RECORDER-CYCLE-BOUNDARY-SAFE query-fn...
Installing optional types...
Installing CANCEL-PLAYBACK action...
Installing STOP-RECORDER action...
Creating initial propositional database...
Installing INITIALIZE-DERIVED-STATE init action...
Installing goal.......................................
.......................
Initializing...
Installing TOGGLE-SWITCH action...
Installing START-RECORDER action...
Deriving propagation driver: UPDATE-PLATE-STATUS! UPDATE-RECORDING-PLATE-STATUS! UPDATE-GATE-STATUS! UPDATE-RECORDING-RECEIVER-STATUS! UPDATE-RECORDING-GATE-STATUS! UPDATE-RELAY-STATUS! UPDATE-RECEIVER-STATUS! UPDATE-BLOWER-STATUS! UPDATE-RECORDING-BLOWER-STATUS! UPDATE-FLOOR-BLOWING-STATUS! ENFORCE-THREAT-SAFETY! INITIALIZE-RECORDING-SWITCH-STATE!
Installing PROPAGATE-CONSEQUENCES! update-fn...
Optimizing lambda expressions and compiling...
  PICKUP-TRAY...
.
  PUT-TRAY...
  PICKUP-BOX...
.
  PUT-BOX...
  MOVE...
  PICKUP-CONNECTOR...
.
  PICKUP-CONNECTOR-RETAINING-PAIRINGS...
.
  PUT-CONNECTOR...
  CONNECT-CONNECTOR...
.
  CANCEL-PLAYBACK...
  STOP-RECORDER...
  TOGGLE-SWITCH...
.
  START-RECORDER...
..
  BEAM-REACHES-RECEIVER...
  RECORDING-SHADOW-BEAM-REACHES-RECEIVER...
  BEAM-LIVE-FOR-CUTTING...
  DIRECT-BEAM-REACHES-RECEIVER...
  RELAY-BEAM-REACHES-RECEIVER...
  RECORDING-SHADOW-DIRECT-BEAM-REACHES-RECEIVER...
  RECORDING-SHADOW-RELAY-BEAM-REACHES-RECEIVER...
.
  DIRECT-BEAM-LIVE-FOR-CUTTING...
  RELAY-BEAM-LIVE-FOR-CUTTING...
.
  BEAM-CUT...
  BEAM-CUT-IN...
  CURRENT-CROSSING-SET...
  FIXED-BEAM-CORRIDOR-CLEAR...
  FIXED-BEAM-CORRIDOR-CLEAR-FOR-OBJECT...
  COMPUTE-RELAY-LIGHTING...
  COMPUTE-RELAY-LIGHTING-FOR-OBJECT...
.
  BEAM-RELAY-SOURCE-DISTANCE...
  ENERGIZED...
  CONTROL-ON...
  RECORDING-SHADOW-OBJECT...
  RECORDING-SHADOW-OBJECT-PRESENT...
.
  RECORDING-SHADOW-TURNING...
  RECORDING-SHADOW-GATE-OPEN...
  GATE-OPEN-FOR-OBJECT...
  OBJECT-MANIPULATION-ALLOWED...
  SUPPORT-USE-ALLOWED...
  SUPPORT-OCCUPANCY-CONFLICT-P...
  CONNECTOR-PAIRING-ALLOWED...
  CONNECTOR-LOCATION-CONFLICT-P...
  SUPPORT-OCCUPIED...
.
  CLEARTOP...
  WALL-SEGMENT-RECORDS...
  EDGE-SEGMENT-RECORDS...
  GATE-SEGMENT-RECORDS...
  WINDOW-SEGMENT-RECORDS...
  SCREEN-SEGMENT-RECORDS...
.
  BASE...
  FIXED-BASE...
.
  LOCATION-ELEVATION...
  LOCATION-LEVEL...
.
  TOP...
  OBJECT-HEIGHT...
  PHYSICAL-SUPPORTS-AT...
  SUPPORT-DEPENDENT-P...
  SUPPORT-CHILDREN...
.
  SUPPORT-GROUP...
  LANDING-SUPPORT...
  AGENT-CONFIGURATION...
  CONFIGURATION-TRANSITION-RESULTS...
  TRAY-RELEASE-RIDERS...
  SETTLING-SUPPORT...
  RELEASED-RIDER-GROUP...
  RELEASED-RIDER-LANDINGS...
  WITHIN-AGENT-VERTICAL-REACH...
  WITHIN-AGENT-PLACEMENT-REACH...
  PLACEMENT-CHOICE-ALLOWED...
  PLACEMENT-OPTIONS...
  PLACEMENT-ELEVATION...
  REACHABLE...
.
  PICKUP-CLEAR...
  REACHABILITY-COORDINATES-TARGET-POINTS...
  REACHABILITY-COORDINATES-SOLID-RECORDS...
  REACHABILITY-COORDINATES-GATE-RECORDS...
.
  REACHABILITY-COORDINATES-SCREEN-RECORDS...
  REACHABILITY-COORDINATES-AUTHORED...
  REACHABILITY-COORDINATES-EMITTABLE...
.
  REACHABILITY-COORDINATES-UNUSED-DISALLOWALS...
  REACHABLE-CLEAR...
  BLOWER-DRIVE...
  BLOWER-PRESENT...
  BLOWER-ELEVATION...
  BLOWER-TURNING-FOR-OBJECT...
  BLOWER-ACTIVE-FOR-OBJECT...
  ALL-CLEAR...
  OBSTACLE-CLEAR...
.
  STREAM-OBSTACLE-CLEAR...
  SAFE...
  MOBILITY-RESULTS...
  MOBILITY-LOCATIONS...
  TRAVERSABLE...
  TRAVERSAL-SEGMENTS...
  TRAVERSAL-SEGMENTS-FOR-SOURCE...
  MOVEMENT-RESULTS...
  USABLE-LADDER-AT-SOURCE...
  POSITIONED-LADDERS-FOR-MEANS...
  LADDER-CONFIGURATION-TRANSITIONS...
  STEP-SOURCE-CAN-MOUNT...
  STEP-SOURCE-CAN-DISMOUNT...
  STEPPABLE-FIXTURE-AT...
.
  STEP-CONFIGURATION-TRANSITIONS...
  JUMP-ELEVATION-REACHABLE...
  VAULTABLE-OBJECT-PASSABLE...
  JUMP-BARRIER-TOP-ELEVATION...
  VAULTABLE-OBJECT-LIST...
  JUMP-REQUIRED-CLEARANCE-HEIGHT...
  JUMP-PATH-CLEAR...
  JUMP-LANDING-SUPPORT-AT...
  JUMP-CONFIGURATION-TRANSITIONS...
.
  VISIBLE...
  VISIBLE-FOR-OBJECT...
  POTENTIALLY-VISIBLE...
  BEAM-VISIBLE...
  BEAM-VISIBLE-FOR-OBJECT...
  ELEVATION-VISIBLE-FOR-OBJECT...
  RELAY-ANCHOR...
  RELAY-LINKED...
.
  RELAY-LINK-CLEAR...
  RELAY-LINK-CLEAR-FOR-OBJECT...
  PAIRED-RELAY-VISIBLE...
  PAIRED-RELAY-VISIBLE-FOR-OBJECT...
  CONNECTABLE-LOCATION...
  CONNECTABLE-TERMINUS...
  WALKABILITY-COORDINATES-SUPPORTED-DOOR-SOLID-PAIRS...
.
  WALKABILITY-COORDINATES-LOCATION-COORDS...
  WALKABILITY-COORDINATES-STREAM-SPECS...
  TERRAIN-COMPLAINTS...
  TERRAIN-LOCATION-LEVELS...
  TERRAIN-EDGE-SPANS...
  ONE-STEP-WALKABLE...
  BEAM-COORDINATES-ENDPOINT-POSITIONS...
  BEAM-COORDINATES-ENDPOINT-XY...
  BEAM-COORDINATES-ELEVATION-AT...
  BEAM-ELEVATION-AT-LOCATION...
  BEAM-BLOCKER-OCCLUDES-LOCATION...
.
  BEAM-BLOCKER-OCCLUDES-LOCATION-FOR-OBJECT...
  BEAM-BLOCKER-SPANS-ELEVATION...
  LOS-CLEAR-FOR-OBJECT...
  LOS-CROSSINGS-CLEAR-FOR-OBJECT...
  LOS-OCCLUDERS-CLEAR-FOR-OBJECT...
  LOS-LOCATION-OCCLUDED...
  LOS-BARRIER-CROSSINGS...
  RECORDED-BARRIERS-CLEAR-FOR-OBJECT...
  BARRIER-CROSSING-CLEAR-FOR-OBJECT...
  VISIBLE-CLEAR...
  TOPO-RELAXED-HMAX-BOUND...
  TOPO-RELAXED-LM-CUT-BOUND...
  TOPO-FINITE-RESOURCE-BOUND...
  TOPO-FINITE-BEAM-RESOURCE-BOUND...
  TOPO-LM-CUT-RESOURCE-BOUND...
  LIVE-RECORDING-OBJECT...
  GHOST-RECORDING-OBJECT...
  RECORDING-SHADOW-VIEW-OBJECT...
.
  SAME-RECORDING-SIDE...
  RECORDER-CYCLE-COUNT...
  RECORDING-PLATE-OCCUPIED...
  RECORDING-CONTROLLER-ENERGIZED...
  RECORDING-CONTROL-ON...
  RECORDING-JAMMED...
  RECORDING-AGENT-EMPTY-HANDED...
  RECORDER-CYCLE-ENDED...
  GHOST-STOPS-RECORDER...
  RECORDING-AGENT-CAN-CLOSE...
.
  RECORDING-AGENT-RETURN-ROUTE...
  RECORDING-AGENT-AT-RECORDER...
  RECORDER-CLOSED-GHOST-FREE...
  RECORDER-CYCLE-BOUNDARY-SAFE...
  PROPAGATE-CHANGES!...
  PROPAGATE-CONSEQUENCES!...
  UPDATE-RECEIVER-STATUS!...
  UPDATE-GATE-STATUS!...
  UPDATE-PLATE-STATUS!...
.
  RELOCATE-STACK!...
  LAND-ON-SUPPORT!...
  RELOCATE-TRAY-AND-RIDERS!...
  APPLY-AGENT-CONFIGURATION!...
  SETTLE-RELEASED-RIDERS!...
  PLACE-HELD-OBJECT!...
.
  UPDATE-BLOWER-STATUS!...
  UPDATE-FLOOR-BLOWING-STATUS!...
  BLOW-OCCUPANTS-AWAY!...
.
  DROP-OCCUPANTS!...
  ENFORCE-THREAT-SAFETY!...
  UPDATE-RELAY-STATUS!...
  UPDATE-RECORDING-PLATE-STATUS!...
.
  UPDATE-RECORDING-RECEIVER-STATUS!...
  INITIALIZE-RECORDING-SWITCH-STATE!...
  UPDATE-RECORDING-GATE-STATUS!...
  UPDATE-RECORDING-BLOWER-STATUS!...
  enum relation requires predicates...
  GOAL-FN...
Adding init-action propositions to initial database...
DERIVE-REACH-FROM-SEGMENTS...
.
DERIVE-WALKING-FROM-SEGMENTS...
.
DERIVE-LOS-FROM-SEGMENTS...
.
INITIALIZE-DERIVED-STATE...
Applying min-steps-remaining? to start state... = 0


Current parameter settings:
  *PROBLEM-NAME* => CRELAY-TOPO
  *PROBLEM-TYPE* => PLANNING
  *ALGORITHM* => DEPTH-FIRST
  *TREE-OR-GRAPH* => GRAPH
  *SOLUTION-TYPE* => MIN-LENGTH
  *DEPTH-CUTOFF* => 12
  *THREADS* => 16
  *RANDOMIZE-SEARCH* => NIL
  *DEBUG* => 0
  *PROBE* => NIL
  *GOAL* => (HAS-LOCATION AGENT1 LOCATION19)
  *SYMMETRY-PRUNING* => NIL
  *MAX-RECORDER-CYCLES* => UNLIMITED
  *RECORDER-PREFIX-PRUNING* => NIL
  *MAX-CONNECTOR-PAIRINGS* => 3
  *PROGRESS-REPORTING-INTERVAL* => 1,000,000
  *BRANCH* TO EXPLORE => ALL
  HEURISTIC? => NIL
  EXOGENOUS HAPPENINGS => NIL
  BOUNDING FUNCTION? => NIL
  MIN STEPS REMAINING? => YES

  For parallel settings: (display-parallel-parameters)


  included technology: -propagation
  included technology: -plate-types
  included technology: -beam-substrate-init-checks
  included technology: -beam-substrate
  included technology: -apparatus-coordinates
  included technology: -switch
  included technology: -controls-init-checks
  included technology: -controls
  included technology: -recording-shadow-policy
  included technology: -gate
  included technology: gate
  included technology: -interaction-policy
  included technology: -physical-init-checks
  included technology: -support-occupancy
  included technology: plate
  included technology: -height
  included technology: -location-coordinates
  included technology: -elevation
  included technology: elevation
  included technology: -segment-geometry
  included technology: -location
  included technology: -position
  included technology: -holding
  included technology: -vertical
  included technology: -support-motion
  included technology: -configuration-transition
  included technology: -support-settling
  included technology: -support-elevation
  included technology: -placement
  included technology: -reachability
  included technology: -pickup
  included technology: tray
  included technology: box
  included technology: -reachability-coordinates
  included technology: reachability
  included technology: switch
  included technology: -recorder-fork-registry
  included technology: -gears-fan
  included technology: -floor-blowing
  included technology: floor-blower
  included technology: -passability
  included technology: -threat
  included technology: -mobility
  included technology: -traversal
  included technology: -mobility-action
  included technology: ladder
  included technology: step
  included technology: jump
  included technology: -visibility
  included technology: -beam-relay-init-checks
  included technology: beam-relay
  included technology: -walkability-coordinates
  included technology: -terrain-consistency
  included technology: walkability
  included technology: -beam-los-coordinates
  included technology: -beam-interpolation
  included technology: -beam-occlusion
  included technology: visibility
  included technology: topo-lower-bound
  included technology: -recorder-core
  included technology: -recorder-plate-shadow
  included technology: -recorder-receiver-shadow
  included technology: -recorder-switch-shadow
  included technology: -recorder-controls-shadow
  included technology: -recorder-jamming-shadow
  included technology: -recorder-gate-shadow
  included technology: -recorder-blower-shadow
  included technology: -recorder-solution
  included technology: -recorder-cycle-boundary
  included technology: -recorder-session
  included technology: -recorder-cycle-chaining
  included technology: -recorder-init-checks
  included technology: recorder

; file: D:/quicklisp/dists/quicklisp/software/alexandria-20241012-git/alexandria-1/sequences.lisp
; in: DEFUN LENGTH=
;     (LENGTH FIRST)
; 
; note: unable to optimize due to type uncertainty: The first argument is a SEQUENCE, not a VECTOR.

; file: D:/quicklisp/dists/quicklisp/software/bordeaux-threads-v0.9.4/apiv2/atomics.lisp
; in: DEFUN ATOMIC-INTEGER-DECF
;     (BT2::ATOMIC-DECF (BT2::ATOMIC-INTEGER-CELL BT2:ATOMIC-INTEGER) BT2::DELTA)
; 
; note: forced to do -/UNSIGNED=>INTEGER (cost 8)
;       unable to do inline fixnum arithmetic (cost 2) because:
;       The first argument is a (UNSIGNED-BYTE 64), not a FIXNUM.
;       The second argument is a (UNSIGNED-BYTE 63), not a FIXNUM.
;       The result is a (VALUES (INTEGER -9223372036854775807 18446744073709551615) &OPTIONAL), not a (VALUES FIXNUM &OPTIONAL).

; in: DEFUN ATOMIC-INTEGER-INCF
;     (BT2::ATOMIC-INCF (BT2::ATOMIC-INTEGER-CELL BT2:ATOMIC-INTEGER) BT2::DELTA)
; 
; note: forced to do +/UNSIGNED=>INTEGER (cost 8)
;       unable to do inline fixnum arithmetic (cost 2) because:
;       The first argument is a (UNSIGNED-BYTE 64), not a FIXNUM.
;       The second argument is a (UNSIGNED-BYTE 63), not a FIXNUM.
;       The result is a (VALUES (MOD 27670116110564327423) &OPTIONAL), not a (VALUES FIXNUM &OPTIONAL).

; in: DEFUN ATOMIC-INTEGER-VALUE
;     (DEFUN BT2:ATOMIC-INTEGER-VALUE (BT2:ATOMIC-INTEGER)
;       "Returns the current value of `ATOMIC-INTEGER`."
;       (DECLARE (TYPE BT2:ATOMIC-INTEGER BT2:ATOMIC-INTEGER)
;                (OPTIMIZE (SAFETY 0) (SPEED 3)))
;       (PROGN (BT2::ATOMIC-INTEGER-CELL BT2:ATOMIC-INTEGER)))
; --> SB-IMPL::%DEFUN SB-IMPL::%DEFUN SB-INT:NAMED-LAMBDA 
; ==>
;   #'(SB-INT:NAMED-LAMBDA BT2:ATOMIC-INTEGER-VALUE
;         (BT2:ATOMIC-INTEGER)
;       (DECLARE (SB-C::TOP-LEVEL-FORM))
;       "Returns the current value of `ATOMIC-INTEGER`."
;       (DECLARE (TYPE BT2:ATOMIC-INTEGER BT2:ATOMIC-INTEGER)
;                (OPTIMIZE (SAFETY 0) (SPEED 3)))
;       (BLOCK BT2:ATOMIC-INTEGER-VALUE
;         (PROGN (BT2::ATOMIC-INTEGER-CELL BT2:ATOMIC-INTEGER))))
; 
; note: doing unsigned word to integer coercion (cost 20) to "<return value>"

; file: D:/quicklisp/dists/quicklisp/software/lparallel-20160825-git/src/cons-queue.lisp
; in: DEFUN %TRY-POP-CONS-QUEUE/NO-LOCK/TIMEOUT
;     (LPARALLEL.THREAD-UTIL::WITH-COUNTDOWN (LPARALLEL.CONS-QUEUE::TIMEOUT)
;       (LPARALLEL.CONS-QUEUE::WITH-CONS-QUEUE-SLOTS (LPARALLEL.CONS-QUEUE::IMPL
;                                                     LPARALLEL.CONS-QUEUE::LOCK
;                                                     LPARALLEL.CONS-QUEUE::CVAR)
;           LPARALLEL.CONS-QUEUE::QUEUE
;         (LOOP
;          (MULTIPLE-VALUE-BIND
;              (LPARALLEL.CONS-QUEUE::VALUE LPARALLEL.CONS-QUEUE::PRESENTP)
;              (LPARALLEL.RAW-QUEUE:POP-RAW-QUEUE LPARALLEL.CONS-QUEUE::IMPL)
;            (WHEN LPARALLEL.CONS-QUEUE::PRESENTP #)
;            (LET #
;              #)))))
; --> LET LPARALLEL.THREAD-UTIL::GET-REAL-TIME-IN-SECONDS BLOCK 
; ==>
;   (/ (GET-INTERNAL-REAL-TIME) INTERNAL-TIME-UNITS-PER-SECOND)
; 
; note: unable to
;   optimize
; due to type uncertainty:
;   The result is a (VALUES (RATIONAL 0 2305843009213693951/1000000) &OPTIONAL), not a (VALUES INTEGER &REST T).

;     (PLUSP LPARALLEL.THREAD-UTIL::TIME-REMAINING)
; 
; note: unable to open-code FLOAT to RATIONAL comparison due to type uncertainty: The first argument is a REAL, not a SINGLE-FLOAT.
; 
; note: unable to open-code FLOAT to RATIONAL comparison due to type uncertainty: The first argument is a REAL, not a DOUBLE-FLOAT.
; 
; note: forced to do GENERIC-> (cost 10)
;       unable to do inline fixnum comparison (cost 3) because:
;       The first argument is a REAL, not a FIXNUM.
;       unable to do inline fixnum comparison (cost 4) because:
;       The first argument is a REAL, not a FIXNUM.
;       etc.

; in: DEFUN TRY-POP-CONS-QUEUE
;     (PLUSP LPARALLEL.CONS-QUEUE::TIMEOUT)
; 
; note: unable to open-code FLOAT to RATIONAL comparison due to type uncertainty: The first argument is a REAL, not a SINGLE-FLOAT.
; 
; note: unable to open-code FLOAT to RATIONAL comparison due to type uncertainty: The first argument is a REAL, not a DOUBLE-FLOAT.
; 
; note: forced to do GENERIC-> (cost 10)
;       unable to do inline fixnum comparison (cost 3) because:
;       The first argument is a REAL, not a FIXNUM.
;       unable to do inline fixnum comparison (cost 4) because:
;       The first argument is a REAL, not a FIXNUM.
;       etc.

; in: DEFUN TRY-POP-CONS-QUEUE/NO-LOCK
;     (PLUSP LPARALLEL.CONS-QUEUE::TIMEOUT)
; 
; note: unable to open-code FLOAT to RATIONAL comparison due to type uncertainty: The first argument is a REAL, not a SINGLE-FLOAT.
; 
; note: unable to open-code FLOAT to RATIONAL comparison due to type uncertainty: The first argument is a REAL, not a DOUBLE-FLOAT.
; 
; note: forced to do GENERIC-> (cost 10)
;       unable to do inline fixnum comparison (cost 3) because:
;       The first argument is a REAL, not a FIXNUM.
;       unable to do inline fixnum comparison (cost 4) because:
;       The first argument is a REAL, not a FIXNUM.
;       etc.

; file: D:/quicklisp/dists/quicklisp/software/lparallel-20160825-git/src/vector-queue.lisp
; in: DEFUN %TRY-POP-VECTOR-QUEUE/NO-LOCK/TIMEOUT
;     (LPARALLEL.THREAD-UTIL::WITH-COUNTDOWN (LPARALLEL.VECTOR-QUEUE::TIMEOUT)
;       (LPARALLEL.VECTOR-QUEUE::WITH-VECTOR-QUEUE-SLOTS (LPARALLEL.VECTOR-QUEUE::IMPL
;                                                         LPARALLEL.VECTOR-QUEUE::LOCK
;                                                         LPARALLEL.VECTOR-QUEUE::NOTIFY-PUSH
;                                                         LPARALLEL.VECTOR-QUEUE::NOTIFY-POP)
;           LPARALLEL.VECTOR-QUEUE::QUEUE
;         (LOOP
;          (MULTIPLE-VALUE-BIND
;              (LPARALLEL.VECTOR-QUEUE::VALUE LPARALLEL.VECTOR-QUEUE::PRESENTP)
;              (LPARALLEL.VECTOR-QUEUE::POP-RAW-QUEUE LPARALLEL.VECTOR-QUEUE::IMPL)
;            (WHEN LPARALLEL.VECTOR-QUEUE::PRESENTP # #)
;            (LET #
;              #)))))
; --> LET LPARALLEL.THREAD-UTIL::GET-REAL-TIME-IN-SECONDS BLOCK 
; ==>
;   (/ (GET-INTERNAL-REAL-TIME) INTERNAL-TIME-UNITS-PER-SECOND)
; 
; note: unable to
;   optimize
; due to type uncertainty:
;   The result is a (VALUES (RATIONAL 0 2305843009213693951/1000000) &OPTIONAL), not a (VALUES INTEGER &REST T).

;     (PLUSP LPARALLEL.THREAD-UTIL::TIME-REMAINING)
; 
; note: unable to open-code FLOAT to RATIONAL comparison due to type uncertainty: The first argument is a REAL, not a SINGLE-FLOAT.
; 
; note: unable to open-code FLOAT to RATIONAL comparison due to type uncertainty: The first argument is a REAL, not a DOUBLE-FLOAT.
; 
; note: forced to do GENERIC-> (cost 10)
;       unable to do inline fixnum comparison (cost 3) because:
;       The first argument is a REAL, not a FIXNUM.
;       unable to do inline fixnum comparison (cost 4) because:
;       The first argument is a REAL, not a FIXNUM.
;       etc.

; in: DEFUN TRY-POP-VECTOR-QUEUE
;     (PLUSP LPARALLEL.VECTOR-QUEUE::TIMEOUT)
; 
; note: unable to open-code FLOAT to RATIONAL comparison due to type uncertainty: The first argument is a REAL, not a SINGLE-FLOAT.
; 
; note: unable to open-code FLOAT to RATIONAL comparison due to type uncertainty: The first argument is a REAL, not a DOUBLE-FLOAT.
; 
; note: forced to do GENERIC-> (cost 10)
;       unable to do inline fixnum comparison (cost 3) because:
;       The first argument is a REAL, not a FIXNUM.
;       unable to do inline fixnum comparison (cost 4) because:
;       The first argument is a REAL, not a FIXNUM.
;       etc.

; in: DEFUN TRY-POP-VECTOR-QUEUE/NO-LOCK
;     (PLUSP LPARALLEL.VECTOR-QUEUE::TIMEOUT)
; 
; note: unable to open-code FLOAT to RATIONAL comparison due to type uncertainty: The first argument is a REAL, not a SINGLE-FLOAT.
; 
; note: unable to open-code FLOAT to RATIONAL comparison due to type uncertainty: The first argument is a REAL, not a DOUBLE-FLOAT.
; 
; note: forced to do GENERIC-> (cost 10)
;       unable to do inline fixnum comparison (cost 3) because:
;       The first argument is a REAL, not a FIXNUM.
;       unable to do inline fixnum comparison (cost 4) because:
;       The first argument is a REAL, not a FIXNUM.
;       etc.

; file: D:/quicklisp/dists/quicklisp/software/lparallel-20160825-git/src/kernel/stealing-scheduler.lisp
; in: DEFUN/TYPE MAYBE-WAKE-A-WORKER
;     (INCF LPARALLEL.KERNEL::NOTIFY-COUNT)
; ==>
;   (+ 1 (LPARALLEL.KERNEL::%%%%.SCHEDULER.NOTIFY-COUNT #:INSTANCE02))
; 
; note: forced to do GENERIC-+ (cost 10)
;       unable to do inline fixnum arithmetic (cost 1) because:
;       The first argument is a UNSIGNED-BYTE, not a FIXNUM.
;       The result is a (VALUES (INTEGER 1) &OPTIONAL), not a (VALUES FIXNUM &OPTIONAL).
;       unable to do inline fixnum arithmetic (cost 2) because:
;       The first argument is a UNSIGNED-BYTE, not a FIXNUM.
;       The result is a (VALUES (INTEGER 1) &OPTIONAL), not a (VALUES FIXNUM &OPTIONAL).
;       etc.

; in: DEFUN/TYPE NEXT-TASK
;     (DECF LPARALLEL.KERNEL::NOTIFY-COUNT)
; --> SB-IMPL::XSUBTRACT BLOCK 
; ==>
;   (- SB-IMPL::B SB-IMPL::A)
; 
; note: forced to do GENERIC-- (cost 10)
;       unable to do inline fixnum arithmetic (cost 1) because:
;       The first argument is a UNSIGNED-BYTE, not a FIXNUM.
;       The result is a (VALUES UNSIGNED-BYTE &OPTIONAL), not a (VALUES FIXNUM &OPTIONAL).
;       unable to do inline fixnum arithmetic (cost 2) because:
;       The first argument is a UNSIGNED-BYTE, not a FIXNUM.
;       The result is a (VALUES UNSIGNED-BYTE &OPTIONAL), not a (VALUES FIXNUM &OPTIONAL).
;       etc.

; file: D:/quicklisp/dists/quicklisp/software/lparallel-20160825-git/src/kernel-util.lisp
; in: DEFUN RECEIVE-RESULTS
;     (LPARALLEL.UTIL:REPEAT COUNT
;       (LPARALLEL.KERNEL-UTIL::STEAL-UNTIL-RECEIVE-RESULT LPARALLEL.KERNEL:CHANNEL
;                                                          LPARALLEL.KERNEL-UTIL::WORKER
;                                                          LPARALLEL.KERNEL-UTIL::FN))
; --> BLOCK LET CEILING 
; ==>
;   1
; 
; note: unable to optimize due to type uncertainty: The first argument is a REAL, not a SINGLE-FLOAT.
; 
; note: unable to optimize due to type uncertainty: The first argument is a REAL, not a DOUBLE-FLOAT.
; 
; note: unable to optimize due to type uncertainty: The first argument is a REAL, not a INTEGER.
; 
; note: unable to optimize due to type uncertainty: The first argument is a REAL, not a RATIONAL.
; 
; note: unable to optimize due to type uncertainty: The first argument is a REAL, not a (UNSIGNED-BYTE 62).
; 
; note: unable to convert division by 2^k to shift due to type uncertainty: The first argument is a REAL, not a INTEGER.
; 
; note: unable to optimize due to type uncertainty: The first argument is a REAL, not a INTEGER.
; 
; note: unable to fold division by 1 due to type uncertainty: The first argument is a REAL, not a INTEGER.

;     (LPARALLEL.KERNEL:DO-FAST-RECEIVES (LPARALLEL.KERNEL-UTIL::RESULT
;                                         LPARALLEL.KERNEL:CHANNEL COUNT)
;       (LOCALLY
;        (DECLARE (TYPE FUNCTION LPARALLEL.KERNEL-UTIL::FN))
;        (FUNCALL LPARALLEL.KERNEL-UTIL::FN LPARALLEL.KERNEL-UTIL::RESULT)))
; --> LPARALLEL.UTIL:REPEAT LOOP BLOCK LET CEILING 
; ==>
;   1
; 
; note: unable to optimize due to type uncertainty: The first argument is a REAL, not a SINGLE-FLOAT.
; 
; note: unable to optimize due to type uncertainty: The first argument is a REAL, not a DOUBLE-FLOAT.
; 
; note: unable to optimize due to type uncertainty: The first argument is a REAL, not a INTEGER.
; 
; note: unable to optimize due to type uncertainty: The first argument is a REAL, not a RATIONAL.
; 
; note: unable to optimize due to type uncertainty: The first argument is a REAL, not a (UNSIGNED-BYTE 62).
; 
; note: unable to convert division by 2^k to shift due to type uncertainty: The first argument is a REAL, not a INTEGER.
; 
; note: unable to optimize due to type uncertainty: The first argument is a REAL, not a INTEGER.
; 
; note: unable to fold division by 1 due to type uncertainty: The first argument is a REAL, not a INTEGER.

;     (LPARALLEL.KERNEL:DO-FAST-RECEIVES (LPARALLEL.KERNEL-UTIL::RESULT
;                                         LPARALLEL.KERNEL:CHANNEL COUNT)
;       (DECLARE (IGNORE LPARALLEL.KERNEL-UTIL::RESULT)))
; --> LPARALLEL.UTIL:REPEAT LOOP BLOCK LET CEILING 
; ==>
;   1
; 
; note: unable to optimize due to type uncertainty: The first argument is a REAL, not a SINGLE-FLOAT.
; 
; note: unable to optimize due to type uncertainty: The first argument is a REAL, not a DOUBLE-FLOAT.
; 
; note: unable to optimize due to type uncertainty: The first argument is a REAL, not a INTEGER.
; 
; note: unable to optimize due to type uncertainty: The first argument is a REAL, not a RATIONAL.
; 
; note: unable to optimize due to type uncertainty: The first argument is a REAL, not a (UNSIGNED-BYTE 62).
; 
; note: unable to convert division by 2^k to shift due to type uncertainty: The first argument is a REAL, not a INTEGER.
; 
; note: unable to optimize due to type uncertainty: The first argument is a REAL, not a INTEGER.
; 
; note: unable to fold division by 1 due to type uncertainty: The first argument is a REAL, not a INTEGER.

;     (LPARALLEL.KERNEL:DO-FAST-RECEIVES (LPARALLEL.KERNEL-UTIL::RESULT
;                                         LPARALLEL.KERNEL:CHANNEL COUNT)
;       (LOCALLY
;        (DECLARE (TYPE FUNCTION LPARALLEL.KERNEL-UTIL::FN))
;        (FUNCALL LPARALLEL.KERNEL-UTIL::FN LPARALLEL.KERNEL-UTIL::RESULT)))
; --> LPARALLEL.UTIL:REPEAT LOOP BLOCK LET TAGBODY IF <= 
; ==>
;   1
; 
; note: forced to do >-INTEGER-FIXNUM (cost 8)
;       unable to do inline fixnum comparison (cost 3) because:
;       The first argument is a INTEGER, not a FIXNUM.

; --> LPARALLEL.UTIL:REPEAT LOOP BLOCK LET TAGBODY IF DECF SETQ THE 
; --> SB-IMPL::XSUBTRACT BLOCK 
; ==>
;   (- SB-IMPL::B SB-IMPL::A)
; 
; note: forced to do GENERIC-- (cost 10)
;       unable to do inline fixnum arithmetic (cost 1) because:
;       The first argument is a (INTEGER 1), not a FIXNUM.
;       The result is a (VALUES UNSIGNED-BYTE &OPTIONAL), not a (VALUES FIXNUM &OPTIONAL).
;       unable to do inline fixnum arithmetic (cost 2) because:
;       The first argument is a (INTEGER 1), not a FIXNUM.
;       The result is a (VALUES UNSIGNED-BYTE &OPTIONAL), not a (VALUES FIXNUM &OPTIONAL).
;       etc.

;     (LPARALLEL.KERNEL:DO-FAST-RECEIVES (LPARALLEL.KERNEL-UTIL::RESULT
;                                         LPARALLEL.KERNEL:CHANNEL COUNT)
;       (DECLARE (IGNORE LPARALLEL.KERNEL-UTIL::RESULT)))
; --> LPARALLEL.UTIL:REPEAT LOOP BLOCK LET TAGBODY IF <= 
; ==>
;   1
; 
; note: forced to do >-INTEGER-FIXNUM (cost 8)
;       unable to do inline fixnum comparison (cost 3) because:
;       The first argument is a INTEGER, not a FIXNUM.

; --> LPARALLEL.UTIL:REPEAT LOOP BLOCK LET TAGBODY IF DECF SETQ THE 
; --> SB-IMPL::XSUBTRACT BLOCK 
; ==>
;   (- SB-IMPL::B SB-IMPL::A)
; 
; note: forced to do GENERIC-- (cost 10)
;       unable to do inline fixnum arithmetic (cost 1) because:
;       The first argument is a (INTEGER 1), not a FIXNUM.
;       The result is a (VALUES UNSIGNED-BYTE &OPTIONAL), not a (VALUES FIXNUM &OPTIONAL).
;       unable to do inline fixnum arithmetic (cost 2) because:
;       The first argument is a (INTEGER 1), not a FIXNUM.
;       The result is a (VALUES UNSIGNED-BYTE &OPTIONAL), not a (VALUES FIXNUM &OPTIONAL).
;       etc.

;     (LPARALLEL.UTIL:REPEAT COUNT
;       (LPARALLEL.KERNEL-UTIL::STEAL-UNTIL-RECEIVE-RESULT LPARALLEL.KERNEL:CHANNEL
;                                                          LPARALLEL.KERNEL-UTIL::WORKER
;                                                          LPARALLEL.KERNEL-UTIL::FN))
; --> BLOCK LET TAGBODY IF <= 
; ==>
;   1
; 
; note: forced to do >-INTEGER-FIXNUM (cost 8)
;       unable to do inline fixnum comparison (cost 3) because:
;       The first argument is a INTEGER, not a FIXNUM.

; --> BLOCK LET TAGBODY IF DECF SETQ THE SB-IMPL::XSUBTRACT BLOCK 
; ==>
;   (- SB-IMPL::B SB-IMPL::A)
; 
; note: forced to do GENERIC-- (cost 10)
;       unable to do inline fixnum arithmetic (cost 1) because:
;       The first argument is a (INTEGER 1), not a FIXNUM.
;       The result is a (VALUES UNSIGNED-BYTE &OPTIONAL), not a (VALUES FIXNUM &OPTIONAL).
;       unable to do inline fixnum arithmetic (cost 2) because:
;       The first argument is a (INTEGER 1), not a FIXNUM.
;       The result is a (VALUES UNSIGNED-BYTE &OPTIONAL), not a (VALUES FIXNUM &OPTIONAL).
;       etc.

; file: D:/quicklisp/dists/quicklisp/software/lparallel-20160825-git/src/ptree.lisp
; in: DEFUN/TYPE COMPUTE-PTREE
;     (DECF LPARALLEL.PTREE::PENDING)
; --> SB-IMPL::XSUBTRACT BLOCK 
; ==>
;   (- SB-IMPL::B SB-IMPL::A)
; 
; note: forced to do GENERIC-- (cost 10)
;       unable to do inline fixnum arithmetic (cost 1) because:
;       The first argument is a INTEGER, not a FIXNUM.
;       The result is a (VALUES INTEGER &OPTIONAL), not a (VALUES FIXNUM &OPTIONAL).
;       unable to do inline fixnum arithmetic (cost 2) because:
;       The first argument is a INTEGER, not a FIXNUM.
;       The result is a (VALUES INTEGER &OPTIONAL), not a (VALUES FIXNUM &OPTIONAL).
;       etc.

;     (INCF LPARALLEL.PTREE::PENDING)
; ==>
;   (+ 1 (LPARALLEL.PTREE::%%%%.PTREE.PENDING #:INSTANCE03))
; 
; note: forced to do GENERIC-+ (cost 10)
;       unable to do inline fixnum arithmetic (cost 1) because:
;       The first argument is a INTEGER, not a FIXNUM.
;       The result is a (VALUES INTEGER &OPTIONAL), not a (VALUES FIXNUM &OPTIONAL).
;       unable to do inline fixnum arithmetic (cost 2) because:
;       The first argument is a INTEGER, not a FIXNUM.
;       The result is a (VALUES INTEGER &OPTIONAL), not a (VALUES FIXNUM &OPTIONAL).
;       etc.

; file: D:/quicklisp/dists/quicklisp/software/lparallel-20160825-git/src/cognate/util.lisp
; in: DEFUN ITEM-PREDICATE
;     (EQL LPARALLEL.COGNATE::ITEM LPARALLEL.COGNATE::X)
; 
; note: forced to do IF-EQL (cost 15)
;       unable to do inline float comparison (cost 4) because:
;       The first argument is a T, not a SINGLE-FLOAT.
;       The second argument is a T, not a SINGLE-FLOAT.
;       unable to do inline float comparison (cost 4) because:
;       The first argument is a T, not a DOUBLE-FLOAT.
;       The second argument is a T, not a DOUBLE-FLOAT.
;       etc.

; file: D:/quicklisp/dists/quicklisp/software/lparallel-20160825-git/src/cognate/pmap.lisp
; in: DEFUN MAP-ITERATE
;     (DEFUN LPARALLEL.COGNATE::MAP-ITERATE
;            (MAP LPARALLEL.COGNATE::SIZE LPARALLEL.COGNATE::FN
;             LPARALLEL.COGNATE::SEQS)
;       "A variation of (map nil ...)/mapc/mapl with size constrained.
;   Without a result to delineate sublist boundaries, we must enforce them
;   manually."
;       (CHECK-TYPE LPARALLEL.COGNATE::SIZE (INTEGER 0))
;       (LET ((LPARALLEL.COGNATE::FN
;              (ALEXANDRIA:ENSURE-FUNCTION LPARALLEL.COGNATE::FN))
;             (LPARALLEL.UTIL:INDEX 0))
;         (APPLY MAP
;                (LAMBDA (&REST LPARALLEL.COGNATE::ARGS)
;                  (DECLARE #)
;                  (DECLARE #)
;                  (WHEN # #)
;                  (APPLY LPARALLEL.COGNATE::FN LPARALLEL.COGNATE::ARGS)
;                  (INCF LPARALLEL.UTIL:INDEX))
;                LPARALLEL.COGNATE::SEQS)))
; --> SB-IMPL::%DEFUN SB-IMPL::%DEFUN SB-INT:NAMED-LAMBDA FUNCTION 
; ==>
;   (BLOCK LPARALLEL.COGNATE::MAP-ITERATE
;     (CHECK-TYPE LPARALLEL.COGNATE::SIZE (INTEGER 0))
;     (LET ((LPARALLEL.COGNATE::FN
;            (ALEXANDRIA:ENSURE-FUNCTION LPARALLEL.COGNATE::FN))
;           (LPARALLEL.UTIL:INDEX 0))
;       (APPLY MAP
;              (LAMBDA (&REST LPARALLEL.COGNATE::ARGS)
;                (DECLARE #)
;                (DECLARE #)
;                (WHEN # #)
;                (APPLY LPARALLEL.COGNATE::FN LPARALLEL.COGNATE::ARGS)
;                (INCF LPARALLEL.UTIL:INDEX))
;              LPARALLEL.COGNATE::SEQS)))
; 
; note: Allocating a value-cell at runtime for checking possibly out of extent exit via (RETURN-FROM MAP-ITERATE NIL). Use GO/RETURN-FROM with
; SAFETY 0, or declare the exit function DYNAMIC-EXTENT to avoid.

;     (INCF LPARALLEL.UTIL:INDEX)
; 
; note: forced to do GENERIC-+ (cost 10)
;       unable to do inline fixnum arithmetic (cost 1) because:
;       The first argument is a UNSIGNED-BYTE, not a FIXNUM.
;       The result is a (VALUES (INTEGER 1) &OPTIONAL), not a (VALUES FIXNUM &OPTIONAL).
;       unable to do inline fixnum arithmetic (cost 2) because:
;       The first argument is a UNSIGNED-BYTE, not a FIXNUM.
;       The result is a (VALUES (INTEGER 1) &OPTIONAL), not a (VALUES FIXNUM &OPTIONAL).
;       etc.
Installing object types...
Installing PROPAGATE-CHANGES! update-fn...
Installing PROPAGATE-CONSEQUENCES! update-fn...
Installing optional types...
Installing object types...
Installing optional types...
Installing object types...
Installing dynamic relations...
Installing static relations...
Installing UPDATE-RECEIVER-STATUS! update-fn...
Installing BEAM-REACHES-RECEIVER query-fn...
Installing RECORDING-SHADOW-BEAM-REACHES-RECEIVER query-fn...
Installing BEAM-LIVE-FOR-CUTTING query-fn...
Installing DIRECT-BEAM-REACHES-RECEIVER query-fn...
Installing RELAY-BEAM-REACHES-RECEIVER query-fn...
Installing RECORDING-SHADOW-DIRECT-BEAM-REACHES-RECEIVER query-fn...
Installing RECORDING-SHADOW-RELAY-BEAM-REACHES-RECEIVER query-fn...
Installing DIRECT-BEAM-LIVE-FOR-CUTTING query-fn...
Installing RELAY-BEAM-LIVE-FOR-CUTTING query-fn...
Installing BEAM-CUT query-fn...
Installing BEAM-CUT-IN query-fn...
Installing CURRENT-CROSSING-SET query-fn...
Installing FIXED-BEAM-CORRIDOR-CLEAR query-fn...
Installing FIXED-BEAM-CORRIDOR-CLEAR-FOR-OBJECT query-fn...
Installing COMPUTE-RELAY-LIGHTING query-fn...
Installing COMPUTE-RELAY-LIGHTING-FOR-OBJECT query-fn...
Installing BEAM-RELAY-SOURCE-DISTANCE query-fn...
Installing optional types...
Installing static relations...
Installing optional types...
Installing dynamic relations...
Installing optional types...
Installing object types...
Installing static relations...
Installing ENERGIZED query-fn...
Installing CONTROL-ON query-fn...
Installing RECORDING-SHADOW-OBJECT query-fn...
Installing RECORDING-SHADOW-OBJECT-PRESENT query-fn...
Installing RECORDING-SHADOW-TURNING query-fn...
Installing RECORDING-SHADOW-GATE-OPEN query-fn...
Installing optional types...
Installing dynamic relations...
Installing GATE-OPEN-FOR-OBJECT query-fn...
Installing optional types...
Installing UPDATE-GATE-STATUS! update-fn...
Installing OBJECT-MANIPULATION-ALLOWED query-fn...
Installing SUPPORT-USE-ALLOWED query-fn...
Installing SUPPORT-OCCUPANCY-CONFLICT-P query-fn...
Installing CONNECTOR-PAIRING-ALLOWED query-fn...
Installing CONNECTOR-LOCATION-CONFLICT-P query-fn...
Installing object types...
Installing dynamic relations...
Installing SUPPORT-OCCUPIED query-fn...
Installing CLEARTOP query-fn...
Installing dynamic relations...
Installing UPDATE-PLATE-STATUS! update-fn...
Installing optional types...
Installing object types...
Installing static relations...
Installing static relations...
Installing optional types...
Installing object types...
Installing static relations...
Installing optional types...
Installing static relations...
Installing WALL-SEGMENT-RECORDS query-fn...
Installing EDGE-SEGMENT-RECORDS query-fn...
Installing GATE-SEGMENT-RECORDS query-fn...
Installing WINDOW-SEGMENT-RECORDS query-fn...
Installing SCREEN-SEGMENT-RECORDS query-fn...
Installing object types...
Installing dynamic relations...
Installing object types...
Installing static relations...
Installing object types...
Installing dynamic relations...
Installing optional types...
Installing object types...
Installing BASE query-fn...
Installing FIXED-BASE query-fn...
Installing LOCATION-ELEVATION query-fn...
Installing LOCATION-LEVEL query-fn...
Installing TOP query-fn...
Installing OBJECT-HEIGHT query-fn...
Installing optional types...
Installing PHYSICAL-SUPPORTS-AT query-fn...
Installing SUPPORT-DEPENDENT-P query-fn...
Installing SUPPORT-CHILDREN query-fn...
Installing SUPPORT-GROUP query-fn...
Installing RELOCATE-STACK! update-fn...
Installing LANDING-SUPPORT query-fn...
Installing LAND-ON-SUPPORT! update-fn...
Installing optional types...
Installing AGENT-CONFIGURATION query-fn...
Installing CONFIGURATION-TRANSITION-RESULTS query-fn...
Installing RELOCATE-TRAY-AND-RIDERS! update-fn...
Installing APPLY-AGENT-CONFIGURATION! update-fn...
Installing TRAY-RELEASE-RIDERS query-fn...
Installing SETTLING-SUPPORT query-fn...
Installing RELEASED-RIDER-GROUP query-fn...
Installing RELEASED-RIDER-LANDINGS query-fn...
Installing SETTLE-RELEASED-RIDERS! update-fn...
Installing optional types...
Installing WITHIN-AGENT-VERTICAL-REACH query-fn...
Installing WITHIN-AGENT-PLACEMENT-REACH query-fn...
Installing optional types...
Installing PLACEMENT-CHOICE-ALLOWED query-fn...
Installing PLACEMENT-OPTIONS query-fn...
Installing PLACEMENT-ELEVATION query-fn...
Installing PLACE-HELD-OBJECT! update-fn...
Installing optional types...
Installing object types...
Installing REACHABLE query-fn...
Installing PICKUP-CLEAR query-fn...
Installing optional types...
Installing PICKUP-TRAY action...
Installing PUT-TRAY action...
Installing optional types...
Installing PICKUP-BOX action...
Installing PUT-BOX action...
Installing static relations...
Installing REACHABILITY-COORDINATES-TARGET-POINTS query-fn...
Installing REACHABILITY-COORDINATES-SOLID-RECORDS query-fn...
Installing REACHABILITY-COORDINATES-GATE-RECORDS query-fn...
Installing REACHABILITY-COORDINATES-SCREEN-RECORDS query-fn...
Installing REACHABILITY-COORDINATES-AUTHORED query-fn...
Installing REACHABILITY-COORDINATES-EMITTABLE query-fn...
Installing REACHABILITY-COORDINATES-UNUSED-DISALLOWALS query-fn...
Installing DERIVE-REACH-FROM-SEGMENTS init action...
Installing REACHABLE query-fn...
Installing REACHABLE-CLEAR query-fn...
Installing optional types...
Installing object types...
Installing dynamic relations...
Installing static relations...
Installing BLOWER-DRIVE query-fn...
Installing BLOWER-PRESENT query-fn...
Installing BLOWER-ELEVATION query-fn...
Installing BLOWER-TURNING-FOR-OBJECT query-fn...
Installing BLOWER-ACTIVE-FOR-OBJECT query-fn...
Installing UPDATE-BLOWER-STATUS! update-fn...
Installing PICKUP-FAN action...skipped (no instances for type: FAN)
Installing PUT-FAN action...skipped (no instances for type: FAN)
Installing MOUNT-FAN action...skipped (no instances for type: FAN)
Installing LOCATION-LEVEL query-fn...
Installing UPDATE-FLOOR-BLOWING-STATUS! update-fn...
Installing BLOW-OCCUPANTS-AWAY! update-fn...
Installing DROP-OCCUPANTS! update-fn...
Installing optional types...
Installing ALL-CLEAR query-fn...
Installing OBSTACLE-CLEAR query-fn...
Installing STREAM-OBSTACLE-CLEAR query-fn...
Installing optional types...
Installing object types...
Installing static relations...
Installing dynamic relations...
Installing SAFE query-fn...
Installing ENFORCE-THREAT-SAFETY! update-fn...
Installing MOBILITY-RESULTS query-fn...
Installing MOBILITY-LOCATIONS query-fn...
Installing TRAVERSABLE query-fn...
Installing object types...
Installing static relations...
Installing TRAVERSAL-SEGMENTS query-fn...
Installing TRAVERSAL-SEGMENTS-FOR-SOURCE query-fn...
Installing MOVEMENT-RESULTS query-fn...
Installing MOVE action...
Installing optional types...
Installing USABLE-LADDER-AT-SOURCE query-fn...
Installing POSITIONED-LADDERS-FOR-MEANS query-fn...
Installing LADDER-CONFIGURATION-TRANSITIONS query-fn...
Installing optional types...
Installing object types...
Installing STEP-SOURCE-CAN-MOUNT query-fn...
Installing STEP-SOURCE-CAN-DISMOUNT query-fn...
Installing STEPPABLE-FIXTURE-AT query-fn...
Installing STEP-CONFIGURATION-TRANSITIONS query-fn...
Installing optional types...
Installing object types...
Installing JUMP-ELEVATION-REACHABLE query-fn...
Installing VAULTABLE-OBJECT-PASSABLE query-fn...
Installing JUMP-BARRIER-TOP-ELEVATION query-fn...
Installing VAULTABLE-OBJECT-LIST query-fn...
Installing JUMP-REQUIRED-CLEARANCE-HEIGHT query-fn...
Installing JUMP-PATH-CLEAR query-fn...
Installing JUMP-LANDING-SUPPORT-AT query-fn...
Installing JUMP-CONFIGURATION-TRANSITIONS query-fn...
Installing optional types...
Installing object types...
Installing VISIBLE query-fn...
Installing VISIBLE-FOR-OBJECT query-fn...
Installing POTENTIALLY-VISIBLE query-fn...
Installing BEAM-VISIBLE query-fn...
Installing BEAM-VISIBLE-FOR-OBJECT query-fn...
Installing ELEVATION-VISIBLE-FOR-OBJECT query-fn...
Installing object types...
Installing optional types...
Installing dynamic relations...
Installing PICKUP-CONNECTOR action...
Installing PICKUP-CONNECTOR-RETAINING-PAIRINGS action...
Installing PUT-CONNECTOR action...
Installing CONNECT-CONNECTOR action...
Installing UPDATE-RELAY-STATUS! update-fn...
Installing RELAY-BEAM-REACHES-RECEIVER query-fn...
Installing RECORDING-SHADOW-RELAY-BEAM-REACHES-RECEIVER query-fn...
Installing COMPUTE-RELAY-LIGHTING query-fn...
Installing COMPUTE-RELAY-LIGHTING-FOR-OBJECT query-fn...
Installing RELAY-ANCHOR query-fn...
Installing RELAY-LINKED query-fn...
Installing RELAY-LINK-CLEAR query-fn...
Installing RELAY-LINK-CLEAR-FOR-OBJECT query-fn...
Installing PAIRED-RELAY-VISIBLE query-fn...
Installing PAIRED-RELAY-VISIBLE-FOR-OBJECT query-fn...
Installing RELAY-BEAM-LIVE-FOR-CUTTING query-fn...
Installing BEAM-RELAY-SOURCE-DISTANCE query-fn...
Installing CONNECTABLE-LOCATION query-fn...
Installing CONNECTABLE-TERMINUS query-fn...
Installing WALKABILITY-COORDINATES-SUPPORTED-DOOR-SOLID-PAIRS query-fn...
Installing WALKABILITY-COORDINATES-LOCATION-COORDS query-fn...
Installing WALKABILITY-COORDINATES-STREAM-SPECS query-fn...
Installing TERRAIN-COMPLAINTS query-fn...
Installing DERIVE-WALKING-FROM-SEGMENTS init action...
Installing TERRAIN-COMPLAINTS query-fn...
Installing TERRAIN-LOCATION-LEVELS query-fn...
Installing TERRAIN-EDGE-SPANS query-fn...
Installing ONE-STEP-WALKABLE query-fn...
Installing optional types...
Installing object types...
Installing BEAM-COORDINATES-ENDPOINT-POSITIONS query-fn...
Installing BEAM-COORDINATES-ENDPOINT-XY query-fn...
Installing BEAM-COORDINATES-ELEVATION-AT query-fn...
Installing DERIVE-LOS-FROM-SEGMENTS init action...
Installing BEAM-ELEVATION-AT-LOCATION query-fn...
Installing object types...
Installing BEAM-BLOCKER-OCCLUDES-LOCATION query-fn...
Installing BEAM-BLOCKER-OCCLUDES-LOCATION-FOR-OBJECT query-fn...
Installing BEAM-BLOCKER-SPANS-ELEVATION query-fn...
Installing object types...
Installing static relations...
Installing LOS-CLEAR-FOR-OBJECT query-fn...
Installing LOS-CROSSINGS-CLEAR-FOR-OBJECT query-fn...
Installing LOS-OCCLUDERS-CLEAR-FOR-OBJECT query-fn...
Installing LOS-LOCATION-OCCLUDED query-fn...
Installing LOS-BARRIER-CROSSINGS query-fn...
Installing RECORDED-BARRIERS-CLEAR-FOR-OBJECT query-fn...
Installing BARRIER-CROSSING-CLEAR-FOR-OBJECT query-fn...
Installing BEAM-ELEVATION-AT-LOCATION query-fn...
Installing VISIBLE query-fn...
Installing VISIBLE-FOR-OBJECT query-fn...
Installing BEAM-VISIBLE query-fn...
Installing BEAM-VISIBLE-FOR-OBJECT query-fn...
Installing ELEVATION-VISIBLE-FOR-OBJECT query-fn...
Installing POTENTIALLY-VISIBLE query-fn...
Installing VISIBLE-CLEAR query-fn...
Installing TOPO-RELAXED-HMAX-BOUND query-fn...
Installing TOPO-RELAXED-LM-CUT-BOUND query-fn...
Installing TOPO-FINITE-RESOURCE-BOUND query-fn...
Installing TOPO-FINITE-BEAM-RESOURCE-BOUND query-fn...
Installing TOPO-LM-CUT-RESOURCE-BOUND query-fn...
Installing optional types...
Installing static relations...
WARNING: redefining WOULDWORK::DERIVE-RECORDING-COPY-LITERALS in DEFUN
Installing dynamic relations...
Installing LIVE-RECORDING-OBJECT query-fn...
Installing GHOST-RECORDING-OBJECT query-fn...
Installing RECORDING-SHADOW-VIEW-OBJECT query-fn...
Installing SAME-RECORDING-SIDE query-fn...
Installing RECORDER-CYCLE-COUNT query-fn...
Installing RECORDING-SHADOW-OBJECT query-fn...
Installing RECORDING-SHADOW-OBJECT-PRESENT query-fn...
Installing OBJECT-MANIPULATION-ALLOWED query-fn...
Installing SUPPORT-USE-ALLOWED query-fn...
Installing SUPPORT-OCCUPANCY-CONFLICT-P query-fn...
Installing CONNECTOR-PAIRING-ALLOWED query-fn...
Installing CONNECTOR-LOCATION-CONFLICT-P query-fn...
Installing dynamic relations...
Installing RECORDING-PLATE-OCCUPIED query-fn...
Installing UPDATE-RECORDING-PLATE-STATUS! update-fn...
Installing dynamic relations...
Installing UPDATE-RECORDING-RECEIVER-STATUS! update-fn...
Installing dynamic relations...
Installing INITIALIZE-RECORDING-SWITCH-STATE! update-fn...
Installing RECORDING-CONTROLLER-ENERGIZED query-fn...
Installing RECORDING-CONTROL-ON query-fn...
Installing optional types...
Installing RECORDING-JAMMED query-fn...
Installing dynamic relations...
Installing RECORDING-SHADOW-GATE-OPEN query-fn...
Installing UPDATE-RECORDING-GATE-STATUS! update-fn...
Installing optional types...
Installing object types...
Installing dynamic relations...
Installing RECORDING-SHADOW-TURNING query-fn...
Installing UPDATE-RECORDING-BLOWER-STATUS! update-fn...
Installing RECORDING-AGENT-EMPTY-HANDED query-fn...
Installing RECORDER-CYCLE-ENDED query-fn...
Installing GHOST-STOPS-RECORDER query-fn...
Installing RECORDING-AGENT-CAN-CLOSE query-fn...
Installing RECORDING-AGENT-RETURN-ROUTE query-fn...
Installing RECORDING-AGENT-AT-RECORDER query-fn...
Installing RECORDER-CLOSED-GHOST-FREE query-fn...
Installing RECORDER-CYCLE-BOUNDARY-SAFE query-fn...
Installing optional types...
Installing CANCEL-PLAYBACK action...
Installing STOP-RECORDER action...
Creating initial propositional database...
Installing INITIALIZE-DERIVED-STATE init action...
Installing goal...
Initializing...
Installing TOGGLE-SWITCH action...
Installing START-RECORDER action...
Deriving propagation driver: UPDATE-PLATE-STATUS! UPDATE-RECORDING-PLATE-STATUS! UPDATE-GATE-STATUS! UPDATE-RECORDING-RECEIVER-STATUS! UPDATE-RECORDING-GATE-STATUS! UPDATE-RELAY-STATUS! UPDATE-RECEIVER-STATUS! UPDATE-BLOWER-STATUS! UPDATE-RECORDING-BLOWER-STATUS! UPDATE-FLOOR-BLOWING-STATUS! ENFORCE-THREAT-SAFETY! INITIALIZE-RECORDING-SWITCH-STATE!
Installing PROPAGATE-CONSEQUENCES! update-fn...
Optimizing lambda expressions and compiling...
  PICKUP-TRAY...
  PUT-TRAY...
  PICKUP-BOX...
  PUT-BOX...
  MOVE...
  PICKUP-CONNECTOR...
  PICKUP-CONNECTOR-RETAINING-PAIRINGS...
  PUT-CONNECTOR...
  CONNECT-CONNECTOR...
  CANCEL-PLAYBACK...
  STOP-RECORDER...
  TOGGLE-SWITCH...
  START-RECORDER...
  BEAM-REACHES-RECEIVER...
  RECORDING-SHADOW-BEAM-REACHES-RECEIVER...
  BEAM-LIVE-FOR-CUTTING...
  DIRECT-BEAM-REACHES-RECEIVER...
  RELAY-BEAM-REACHES-RECEIVER...
  RECORDING-SHADOW-DIRECT-BEAM-REACHES-RECEIVER...
  RECORDING-SHADOW-RELAY-BEAM-REACHES-RECEIVER...
  DIRECT-BEAM-LIVE-FOR-CUTTING...
  RELAY-BEAM-LIVE-FOR-CUTTING...
  BEAM-CUT...
  BEAM-CUT-IN...
  CURRENT-CROSSING-SET...
  FIXED-BEAM-CORRIDOR-CLEAR...
  FIXED-BEAM-CORRIDOR-CLEAR-FOR-OBJECT...
  COMPUTE-RELAY-LIGHTING...
  COMPUTE-RELAY-LIGHTING-FOR-OBJECT...
  BEAM-RELAY-SOURCE-DISTANCE...
  ENERGIZED...
  CONTROL-ON...
  RECORDING-SHADOW-OBJECT...
  RECORDING-SHADOW-OBJECT-PRESENT...
  RECORDING-SHADOW-TURNING...
  RECORDING-SHADOW-GATE-OPEN...
  GATE-OPEN-FOR-OBJECT...
  OBJECT-MANIPULATION-ALLOWED...
  SUPPORT-USE-ALLOWED...
  SUPPORT-OCCUPANCY-CONFLICT-P...
  CONNECTOR-PAIRING-ALLOWED...
  CONNECTOR-LOCATION-CONFLICT-P...
  SUPPORT-OCCUPIED...
  CLEARTOP...
  WALL-SEGMENT-RECORDS...
  EDGE-SEGMENT-RECORDS...
  GATE-SEGMENT-RECORDS...
  WINDOW-SEGMENT-RECORDS...
  SCREEN-SEGMENT-RECORDS...
  BASE...
  FIXED-BASE...
  LOCATION-ELEVATION...
  LOCATION-LEVEL...
  TOP...
  OBJECT-HEIGHT...
  PHYSICAL-SUPPORTS-AT...
  SUPPORT-DEPENDENT-P...
  SUPPORT-CHILDREN...
  SUPPORT-GROUP...
  LANDING-SUPPORT...
  AGENT-CONFIGURATION...
  CONFIGURATION-TRANSITION-RESULTS...
  TRAY-RELEASE-RIDERS...
  SETTLING-SUPPORT...
  RELEASED-RIDER-GROUP...
  RELEASED-RIDER-LANDINGS...
  WITHIN-AGENT-VERTICAL-REACH...
  WITHIN-AGENT-PLACEMENT-REACH...
  PLACEMENT-CHOICE-ALLOWED...
  PLACEMENT-OPTIONS...
  PLACEMENT-ELEVATION...
  REACHABLE...
  PICKUP-CLEAR...
  REACHABILITY-COORDINATES-TARGET-POINTS...
  REACHABILITY-COORDINATES-SOLID-RECORDS...
  REACHABILITY-COORDINATES-GATE-RECORDS...
  REACHABILITY-COORDINATES-SCREEN-RECORDS...
  REACHABILITY-COORDINATES-AUTHORED...
  REACHABILITY-COORDINATES-EMITTABLE...
  REACHABILITY-COORDINATES-UNUSED-DISALLOWALS...
  REACHABLE-CLEAR...
  BLOWER-DRIVE...
  BLOWER-PRESENT...
  BLOWER-ELEVATION...
  BLOWER-TURNING-FOR-OBJECT...
  BLOWER-ACTIVE-FOR-OBJECT...
  ALL-CLEAR...
  OBSTACLE-CLEAR...
  STREAM-OBSTACLE-CLEAR...
  SAFE...
  MOBILITY-RESULTS...
  MOBILITY-LOCATIONS...
  TRAVERSABLE...
  TRAVERSAL-SEGMENTS...
  TRAVERSAL-SEGMENTS-FOR-SOURCE...
  MOVEMENT-RESULTS...
  USABLE-LADDER-AT-SOURCE...
  POSITIONED-LADDERS-FOR-MEANS...
  LADDER-CONFIGURATION-TRANSITIONS...
  STEP-SOURCE-CAN-MOUNT...
  STEP-SOURCE-CAN-DISMOUNT...
  STEPPABLE-FIXTURE-AT...
  STEP-CONFIGURATION-TRANSITIONS...
  JUMP-ELEVATION-REACHABLE...
  VAULTABLE-OBJECT-PASSABLE...
  JUMP-BARRIER-TOP-ELEVATION...
  VAULTABLE-OBJECT-LIST...
  JUMP-REQUIRED-CLEARANCE-HEIGHT...
  JUMP-PATH-CLEAR...
  JUMP-LANDING-SUPPORT-AT...
  JUMP-CONFIGURATION-TRANSITIONS...
  VISIBLE...
  VISIBLE-FOR-OBJECT...
  POTENTIALLY-VISIBLE...
  BEAM-VISIBLE...
  BEAM-VISIBLE-FOR-OBJECT...
  ELEVATION-VISIBLE-FOR-OBJECT...
  RELAY-ANCHOR...
  RELAY-LINKED...
  RELAY-LINK-CLEAR...
  RELAY-LINK-CLEAR-FOR-OBJECT...
  PAIRED-RELAY-VISIBLE...
  PAIRED-RELAY-VISIBLE-FOR-OBJECT...
  CONNECTABLE-LOCATION...
  CONNECTABLE-TERMINUS...
  WALKABILITY-COORDINATES-SUPPORTED-DOOR-SOLID-PAIRS...
  WALKABILITY-COORDINATES-LOCATION-COORDS...
  WALKABILITY-COORDINATES-STREAM-SPECS...
  TERRAIN-COMPLAINTS...
  TERRAIN-LOCATION-LEVELS...
  TERRAIN-EDGE-SPANS...
  ONE-STEP-WALKABLE...
  BEAM-COORDINATES-ENDPOINT-POSITIONS...
  BEAM-COORDINATES-ENDPOINT-XY...
  BEAM-COORDINATES-ELEVATION-AT...
  BEAM-ELEVATION-AT-LOCATION...
  BEAM-BLOCKER-OCCLUDES-LOCATION...
  BEAM-BLOCKER-OCCLUDES-LOCATION-FOR-OBJECT...
  BEAM-BLOCKER-SPANS-ELEVATION...
  LOS-CLEAR-FOR-OBJECT...
  LOS-CROSSINGS-CLEAR-FOR-OBJECT...
  LOS-OCCLUDERS-CLEAR-FOR-OBJECT...
  LOS-LOCATION-OCCLUDED...
  LOS-BARRIER-CROSSINGS...
  RECORDED-BARRIERS-CLEAR-FOR-OBJECT...
  BARRIER-CROSSING-CLEAR-FOR-OBJECT...
  VISIBLE-CLEAR...
  TOPO-RELAXED-HMAX-BOUND...
  TOPO-RELAXED-LM-CUT-BOUND...
  TOPO-FINITE-RESOURCE-BOUND...
  TOPO-FINITE-BEAM-RESOURCE-BOUND...
  TOPO-LM-CUT-RESOURCE-BOUND...
  LIVE-RECORDING-OBJECT...
  GHOST-RECORDING-OBJECT...
  RECORDING-SHADOW-VIEW-OBJECT...
  SAME-RECORDING-SIDE...
  RECORDER-CYCLE-COUNT...
  RECORDING-PLATE-OCCUPIED...
  RECORDING-CONTROLLER-ENERGIZED...
  RECORDING-CONTROL-ON...
  RECORDING-JAMMED...
  RECORDING-AGENT-EMPTY-HANDED...
  RECORDER-CYCLE-ENDED...
  GHOST-STOPS-RECORDER...
  RECORDING-AGENT-CAN-CLOSE...
  RECORDING-AGENT-RETURN-ROUTE...
  RECORDING-AGENT-AT-RECORDER...
  RECORDER-CLOSED-GHOST-FREE...
  RECORDER-CYCLE-BOUNDARY-SAFE...
  PROPAGATE-CHANGES!...
  PROPAGATE-CONSEQUENCES!...
  UPDATE-RECEIVER-STATUS!...
  UPDATE-GATE-STATUS!...
  UPDATE-PLATE-STATUS!...
  RELOCATE-STACK!...
  LAND-ON-SUPPORT!...
  RELOCATE-TRAY-AND-RIDERS!...
  APPLY-AGENT-CONFIGURATION!...
  SETTLE-RELEASED-RIDERS!...
  PLACE-HELD-OBJECT!...
  UPDATE-BLOWER-STATUS!...
  UPDATE-FLOOR-BLOWING-STATUS!...
  BLOW-OCCUPANTS-AWAY!...
  DROP-OCCUPANTS!...
  ENFORCE-THREAT-SAFETY!...
  UPDATE-RELAY-STATUS!...
  UPDATE-RECORDING-PLATE-STATUS!...
  UPDATE-RECORDING-RECEIVER-STATUS!...
  INITIALIZE-RECORDING-SWITCH-STATE!...
  UPDATE-RECORDING-GATE-STATUS!...
  UPDATE-RECORDING-BLOWER-STATUS!...
  enum relation requires predicates...
  GOAL-FN...
Adding init-action propositions to initial database...
DERIVE-REACH-FROM-SEGMENTS...
DERIVE-WALKING-FROM-SEGMENTS...
DERIVE-LOS-FROM-SEGMENTS...
INITIALIZE-DERIVED-STATE...
Applying min-steps-remaining? to start state... = 0


Current parameter settings:
  *PROBLEM-NAME* => CRELAY-TOPO
  *PROBLEM-TYPE* => PLANNING
  *ALGORITHM* => DEPTH-FIRST
  *TREE-OR-GRAPH* => GRAPH
  *SOLUTION-TYPE* => MIN-LENGTH
  *DEPTH-CUTOFF* => 15
  *THREADS* => 0
  *RANDOMIZE-SEARCH* => NIL
  *DEBUG* => 0
  *PROBE* => NIL
  *GOAL* => (HAS-LOCATION AGENT1 LOCATION19)
  *SYMMETRY-PRUNING* => NIL
  *MAX-RECORDER-CYCLES* => UNLIMITED
  *RECORDER-PREFIX-PRUNING* => NIL
  *MAX-CONNECTOR-PAIRINGS* => 3
  *PROGRESS-REPORTING-INTERVAL* => 1,000,000
  *BRANCH* TO EXPLORE => ALL
  HEURISTIC? => NIL
  EXOGENOUS HAPPENINGS => NIL
  BOUNDING FUNCTION? => NIL
  MIN STEPS REMAINING? => YES

; 
; compilation unit finished
;   printed 61 notes

; file: D:/quicklisp/dists/quicklisp/software/alexandria-20241012-git/alexandria-1/sequences.lisp
; in: DEFUN LENGTH=
;     (LENGTH FIRST)
; 
; note: unable to optimize due to type uncertainty: The first argument is a SEQUENCE, not a VECTOR.

; file: D:/quicklisp/dists/quicklisp/software/bordeaux-threads-v0.9.4/apiv2/atomics.lisp
; in: DEFUN ATOMIC-INTEGER-DECF
;     (BT2::ATOMIC-DECF (BT2::ATOMIC-INTEGER-CELL BT2:ATOMIC-INTEGER) BT2::DELTA)
; 
; note: forced to do -/UNSIGNED=>INTEGER (cost 8)
;       unable to do inline fixnum arithmetic (cost 2) because:
;       The first argument is a (UNSIGNED-BYTE 64), not a FIXNUM.
;       The second argument is a (UNSIGNED-BYTE 63), not a FIXNUM.
;       The result is a (VALUES (INTEGER -9223372036854775807 18446744073709551615) &OPTIONAL), not a (VALUES FIXNUM &OPTIONAL).

; in: DEFUN ATOMIC-INTEGER-INCF
;     (BT2::ATOMIC-INCF (BT2::ATOMIC-INTEGER-CELL BT2:ATOMIC-INTEGER) BT2::DELTA)
; 
; note: forced to do +/UNSIGNED=>INTEGER (cost 8)
;       unable to do inline fixnum arithmetic (cost 2) because:
;       The first argument is a (UNSIGNED-BYTE 64), not a FIXNUM.
;       The second argument is a (UNSIGNED-BYTE 63), not a FIXNUM.
;       The result is a (VALUES (MOD 27670116110564327423) &OPTIONAL), not a (VALUES FIXNUM &OPTIONAL).

; in: DEFUN ATOMIC-INTEGER-VALUE
;     (DEFUN BT2:ATOMIC-INTEGER-VALUE (BT2:ATOMIC-INTEGER)
;       "Returns the current value of `ATOMIC-INTEGER`."
;       (DECLARE (TYPE BT2:ATOMIC-INTEGER BT2:ATOMIC-INTEGER)
;                (OPTIMIZE (SAFETY 0) (SPEED 3)))
;       (PROGN (BT2::ATOMIC-INTEGER-CELL BT2:ATOMIC-INTEGER)))
; --> SB-IMPL::%DEFUN SB-IMPL::%DEFUN SB-INT:NAMED-LAMBDA 
; ==>
;   #'(SB-INT:NAMED-LAMBDA BT2:ATOMIC-INTEGER-VALUE
;         (BT2:ATOMIC-INTEGER)
;       (DECLARE (SB-C::TOP-LEVEL-FORM))
;       "Returns the current value of `ATOMIC-INTEGER`."
;       (DECLARE (TYPE BT2:ATOMIC-INTEGER BT2:ATOMIC-INTEGER)
;                (OPTIMIZE (SAFETY 0) (SPEED 3)))
;       (BLOCK BT2:ATOMIC-INTEGER-VALUE
;         (PROGN (BT2::ATOMIC-INTEGER-CELL BT2:ATOMIC-INTEGER))))
; 
; note: doing unsigned word to integer coercion (cost 20) to "<return value>"

; file: D:/quicklisp/dists/quicklisp/software/lparallel-20160825-git/src/cons-queue.lisp
; in: DEFUN %TRY-POP-CONS-QUEUE/NO-LOCK/TIMEOUT
;     (LPARALLEL.THREAD-UTIL::WITH-COUNTDOWN (LPARALLEL.CONS-QUEUE::TIMEOUT)
;       (LPARALLEL.CONS-QUEUE::WITH-CONS-QUEUE-SLOTS (LPARALLEL.CONS-QUEUE::IMPL
;                                                     LPARALLEL.CONS-QUEUE::LOCK
;                                                     LPARALLEL.CONS-QUEUE::CVAR)
;           LPARALLEL.CONS-QUEUE::QUEUE
;         (LOOP
;          (MULTIPLE-VALUE-BIND
;              (LPARALLEL.CONS-QUEUE::VALUE LPARALLEL.CONS-QUEUE::PRESENTP)
;              (LPARALLEL.RAW-QUEUE:POP-RAW-QUEUE LPARALLEL.CONS-QUEUE::IMPL)
;            (WHEN LPARALLEL.CONS-QUEUE::PRESENTP #)
;            (LET #
;              #)))))
; --> LET LPARALLEL.THREAD-UTIL::GET-REAL-TIME-IN-SECONDS BLOCK 
; ==>
;   (/ (GET-INTERNAL-REAL-TIME) INTERNAL-TIME-UNITS-PER-SECOND)
; 
; note: unable to
;   optimize
; due to type uncertainty:
;   The result is a (VALUES (RATIONAL 0 2305843009213693951/1000000) &OPTIONAL), not a (VALUES INTEGER &REST T).

;     (PLUSP LPARALLEL.THREAD-UTIL::TIME-REMAINING)
; 
; note: unable to open-code FLOAT to RATIONAL comparison due to type uncertainty: The first argument is a REAL, not a SINGLE-FLOAT.
; 
; note: unable to open-code FLOAT to RATIONAL comparison due to type uncertainty: The first argument is a REAL, not a DOUBLE-FLOAT.
; 
; note: forced to do GENERIC-> (cost 10)
;       unable to do inline fixnum comparison (cost 3) because:
;       The first argument is a REAL, not a FIXNUM.
;       unable to do inline fixnum comparison (cost 4) because:
;       The first argument is a REAL, not a FIXNUM.
;       etc.

; in: DEFUN TRY-POP-CONS-QUEUE
;     (PLUSP LPARALLEL.CONS-QUEUE::TIMEOUT)
; 
; note: unable to open-code FLOAT to RATIONAL comparison due to type uncertainty: The first argument is a REAL, not a SINGLE-FLOAT.
; 
; note: unable to open-code FLOAT to RATIONAL comparison due to type uncertainty: The first argument is a REAL, not a DOUBLE-FLOAT.
; 
; note: forced to do GENERIC-> (cost 10)
;       unable to do inline fixnum comparison (cost 3) because:
;       The first argument is a REAL, not a FIXNUM.
;       unable to do inline fixnum comparison (cost 4) because:
;       The first argument is a REAL, not a FIXNUM.
;       etc.

; in: DEFUN TRY-POP-CONS-QUEUE/NO-LOCK
;     (PLUSP LPARALLEL.CONS-QUEUE::TIMEOUT)
; 
; note: unable to open-code FLOAT to RATIONAL comparison due to type uncertainty: The first argument is a REAL, not a SINGLE-FLOAT.
; 
; note: unable to open-code FLOAT to RATIONAL comparison due to type uncertainty: The first argument is a REAL, not a DOUBLE-FLOAT.
; 
; note: forced to do GENERIC-> (cost 10)
;       unable to do inline fixnum comparison (cost 3) because:
;       The first argument is a REAL, not a FIXNUM.
;       unable to do inline fixnum comparison (cost 4) because:
;       The first argument is a REAL, not a FIXNUM.
;       etc.

; file: D:/quicklisp/dists/quicklisp/software/lparallel-20160825-git/src/vector-queue.lisp
; in: DEFUN %TRY-POP-VECTOR-QUEUE/NO-LOCK/TIMEOUT
;     (LPARALLEL.THREAD-UTIL::WITH-COUNTDOWN (LPARALLEL.VECTOR-QUEUE::TIMEOUT)
;       (LPARALLEL.VECTOR-QUEUE::WITH-VECTOR-QUEUE-SLOTS (LPARALLEL.VECTOR-QUEUE::IMPL
;                                                         LPARALLEL.VECTOR-QUEUE::LOCK
;                                                         LPARALLEL.VECTOR-QUEUE::NOTIFY-PUSH
;                                                         LPARALLEL.VECTOR-QUEUE::NOTIFY-POP)
;           LPARALLEL.VECTOR-QUEUE::QUEUE
;         (LOOP
;          (MULTIPLE-VALUE-BIND
;              (LPARALLEL.VECTOR-QUEUE::VALUE LPARALLEL.VECTOR-QUEUE::PRESENTP)
;              (LPARALLEL.VECTOR-QUEUE::POP-RAW-QUEUE LPARALLEL.VECTOR-QUEUE::IMPL)
;            (WHEN LPARALLEL.VECTOR-QUEUE::PRESENTP # #)
;            (LET #
;              #)))))
; --> LET LPARALLEL.THREAD-UTIL::GET-REAL-TIME-IN-SECONDS BLOCK 
; ==>
;   (/ (GET-INTERNAL-REAL-TIME) INTERNAL-TIME-UNITS-PER-SECOND)
; 
; note: unable to
;   optimize
; due to type uncertainty:
;   The result is a (VALUES (RATIONAL 0 2305843009213693951/1000000) &OPTIONAL), not a (VALUES INTEGER &REST T).

;     (PLUSP LPARALLEL.THREAD-UTIL::TIME-REMAINING)
; 
; note: unable to open-code FLOAT to RATIONAL comparison due to type uncertainty: The first argument is a REAL, not a SINGLE-FLOAT.
; 
; note: unable to open-code FLOAT to RATIONAL comparison due to type uncertainty: The first argument is a REAL, not a DOUBLE-FLOAT.
; 
; note: forced to do GENERIC-> (cost 10)
;       unable to do inline fixnum comparison (cost 3) because:
;       The first argument is a REAL, not a FIXNUM.
;       unable to do inline fixnum comparison (cost 4) because:
;       The first argument is a REAL, not a FIXNUM.
;       etc.

; in: DEFUN TRY-POP-VECTOR-QUEUE
;     (PLUSP LPARALLEL.VECTOR-QUEUE::TIMEOUT)
; 
; note: unable to open-code FLOAT to RATIONAL comparison due to type uncertainty: The first argument is a REAL, not a SINGLE-FLOAT.
; 
; note: unable to open-code FLOAT to RATIONAL comparison due to type uncertainty: The first argument is a REAL, not a DOUBLE-FLOAT.
; 
; note: forced to do GENERIC-> (cost 10)
;       unable to do inline fixnum comparison (cost 3) because:
;       The first argument is a REAL, not a FIXNUM.
;       unable to do inline fixnum comparison (cost 4) because:
;       The first argument is a REAL, not a FIXNUM.
;       etc.

; in: DEFUN TRY-POP-VECTOR-QUEUE/NO-LOCK
;     (PLUSP LPARALLEL.VECTOR-QUEUE::TIMEOUT)
; 
; note: unable to open-code FLOAT to RATIONAL comparison due to type uncertainty: The first argument is a REAL, not a SINGLE-FLOAT.
; 
; note: unable to open-code FLOAT to RATIONAL comparison due to type uncertainty: The first argument is a REAL, not a DOUBLE-FLOAT.
; 
; note: forced to do GENERIC-> (cost 10)
;       unable to do inline fixnum comparison (cost 3) because:
;       The first argument is a REAL, not a FIXNUM.
;       unable to do inline fixnum comparison (cost 4) because:
;       The first argument is a REAL, not a FIXNUM.
;       etc.

; file: D:/quicklisp/dists/quicklisp/software/lparallel-20160825-git/src/kernel/stealing-scheduler.lisp
; in: DEFUN/TYPE MAYBE-WAKE-A-WORKER
;     (INCF LPARALLEL.KERNEL::NOTIFY-COUNT)
; ==>
;   (+ 1 (LPARALLEL.KERNEL::%%%%.SCHEDULER.NOTIFY-COUNT #:INSTANCE02))
; 
; note: forced to do GENERIC-+ (cost 10)
;       unable to do inline fixnum arithmetic (cost 1) because:
;       The first argument is a UNSIGNED-BYTE, not a FIXNUM.
;       The result is a (VALUES (INTEGER 1) &OPTIONAL), not a (VALUES FIXNUM &OPTIONAL).
;       unable to do inline fixnum arithmetic (cost 2) because:
;       The first argument is a UNSIGNED-BYTE, not a FIXNUM.
;       The result is a (VALUES (INTEGER 1) &OPTIONAL), not a (VALUES FIXNUM &OPTIONAL).
;       etc.

; in: DEFUN/TYPE NEXT-TASK
;     (DECF LPARALLEL.KERNEL::NOTIFY-COUNT)
; --> SB-IMPL::XSUBTRACT BLOCK 
; ==>
;   (- SB-IMPL::B SB-IMPL::A)
; 
; note: forced to do GENERIC-- (cost 10)
;       unable to do inline fixnum arithmetic (cost 1) because:
;       The first argument is a UNSIGNED-BYTE, not a FIXNUM.
;       The result is a (VALUES UNSIGNED-BYTE &OPTIONAL), not a (VALUES FIXNUM &OPTIONAL).
;       unable to do inline fixnum arithmetic (cost 2) because:
;       The first argument is a UNSIGNED-BYTE, not a FIXNUM.
;       The result is a (VALUES UNSIGNED-BYTE &OPTIONAL), not a (VALUES FIXNUM &OPTIONAL).
;       etc.

; file: D:/quicklisp/dists/quicklisp/software/lparallel-20160825-git/src/kernel-util.lisp
; in: DEFUN RECEIVE-RESULTS
;     (LPARALLEL.UTIL:REPEAT COUNT
;       (LPARALLEL.KERNEL-UTIL::STEAL-UNTIL-RECEIVE-RESULT LPARALLEL.KERNEL:CHANNEL
;                                                          LPARALLEL.KERNEL-UTIL::WORKER
;                                                          LPARALLEL.KERNEL-UTIL::FN))
; --> BLOCK LET CEILING 
; ==>
;   1
; 
; note: unable to optimize due to type uncertainty: The first argument is a REAL, not a SINGLE-FLOAT.
; 
; note: unable to optimize due to type uncertainty: The first argument is a REAL, not a DOUBLE-FLOAT.
; 
; note: unable to optimize due to type uncertainty: The first argument is a REAL, not a INTEGER.
; 
; note: unable to optimize due to type uncertainty: The first argument is a REAL, not a RATIONAL.
; 
; note: unable to optimize due to type uncertainty: The first argument is a REAL, not a (UNSIGNED-BYTE 62).
; 
; note: unable to convert division by 2^k to shift due to type uncertainty: The first argument is a REAL, not a INTEGER.
; 
; note: unable to optimize due to type uncertainty: The first argument is a REAL, not a INTEGER.
; 
; note: unable to fold division by 1 due to type uncertainty: The first argument is a REAL, not a INTEGER.

;     (LPARALLEL.KERNEL:DO-FAST-RECEIVES (LPARALLEL.KERNEL-UTIL::RESULT
;                                         LPARALLEL.KERNEL:CHANNEL COUNT)
;       (LOCALLY
;        (DECLARE (TYPE FUNCTION LPARALLEL.KERNEL-UTIL::FN))
;        (FUNCALL LPARALLEL.KERNEL-UTIL::FN LPARALLEL.KERNEL-UTIL::RESULT)))
; --> LPARALLEL.UTIL:REPEAT LOOP BLOCK LET CEILING 
; ==>
;   1
; 
; note: unable to optimize due to type uncertainty: The first argument is a REAL, not a SINGLE-FLOAT.
; 
; note: unable to optimize due to type uncertainty: The first argument is a REAL, not a DOUBLE-FLOAT.
; 
; note: unable to optimize due to type uncertainty: The first argument is a REAL, not a INTEGER.
; 
; note: unable to optimize due to type uncertainty: The first argument is a REAL, not a RATIONAL.
; 
; note: unable to optimize due to type uncertainty: The first argument is a REAL, not a (UNSIGNED-BYTE 62).
; 
; note: unable to convert division by 2^k to shift due to type uncertainty: The first argument is a REAL, not a INTEGER.
; 
; note: unable to optimize due to type uncertainty: The first argument is a REAL, not a INTEGER.
; 
; note: unable to fold division by 1 due to type uncertainty: The first argument is a REAL, not a INTEGER.

;     (LPARALLEL.KERNEL:DO-FAST-RECEIVES (LPARALLEL.KERNEL-UTIL::RESULT
;                                         LPARALLEL.KERNEL:CHANNEL COUNT)
;       (DECLARE (IGNORE LPARALLEL.KERNEL-UTIL::RESULT)))
; --> LPARALLEL.UTIL:REPEAT LOOP BLOCK LET CEILING 
; ==>
;   1
; 
; note: unable to optimize due to type uncertainty: The first argument is a REAL, not a SINGLE-FLOAT.
; 
; note: unable to optimize due to type uncertainty: The first argument is a REAL, not a DOUBLE-FLOAT.
; 
; note: unable to optimize due to type uncertainty: The first argument is a REAL, not a INTEGER.
; 
; note: unable to optimize due to type uncertainty: The first argument is a REAL, not a RATIONAL.
; 
; note: unable to optimize due to type uncertainty: The first argument is a REAL, not a (UNSIGNED-BYTE 62).
; 
; note: unable to convert division by 2^k to shift due to type uncertainty: The first argument is a REAL, not a INTEGER.
; 
; note: unable to optimize due to type uncertainty: The first argument is a REAL, not a INTEGER.
; 
; note: unable to fold division by 1 due to type uncertainty: The first argument is a REAL, not a INTEGER.

;     (LPARALLEL.KERNEL:DO-FAST-RECEIVES (LPARALLEL.KERNEL-UTIL::RESULT
;                                         LPARALLEL.KERNEL:CHANNEL COUNT)
;       (LOCALLY
;        (DECLARE (TYPE FUNCTION LPARALLEL.KERNEL-UTIL::FN))
;        (FUNCALL LPARALLEL.KERNEL-UTIL::FN LPARALLEL.KERNEL-UTIL::RESULT)))
; --> LPARALLEL.UTIL:REPEAT LOOP BLOCK LET TAGBODY IF <= 
; ==>
;   1
; 
; note: forced to do >-INTEGER-FIXNUM (cost 8)
;       unable to do inline fixnum comparison (cost 3) because:
;       The first argument is a INTEGER, not a FIXNUM.

; --> LPARALLEL.UTIL:REPEAT LOOP BLOCK LET TAGBODY IF DECF SETQ THE 
; --> SB-IMPL::XSUBTRACT BLOCK 
; ==>
;   (- SB-IMPL::B SB-IMPL::A)
; 
; note: forced to do GENERIC-- (cost 10)
;       unable to do inline fixnum arithmetic (cost 1) because:
;       The first argument is a (INTEGER 1), not a FIXNUM.
;       The result is a (VALUES UNSIGNED-BYTE &OPTIONAL), not a (VALUES FIXNUM &OPTIONAL).
;       unable to do inline fixnum arithmetic (cost 2) because:
;       The first argument is a (INTEGER 1), not a FIXNUM.
;       The result is a (VALUES UNSIGNED-BYTE &OPTIONAL), not a (VALUES FIXNUM &OPTIONAL).
;       etc.

;     (LPARALLEL.KERNEL:DO-FAST-RECEIVES (LPARALLEL.KERNEL-UTIL::RESULT
;                                         LPARALLEL.KERNEL:CHANNEL COUNT)
;       (DECLARE (IGNORE LPARALLEL.KERNEL-UTIL::RESULT)))
; --> LPARALLEL.UTIL:REPEAT LOOP BLOCK LET TAGBODY IF <= 
; ==>
;   1
; 
; note: forced to do >-INTEGER-FIXNUM (cost 8)
;       unable to do inline fixnum comparison (cost 3) because:
;       The first argument is a INTEGER, not a FIXNUM.

; --> LPARALLEL.UTIL:REPEAT LOOP BLOCK LET TAGBODY IF DECF SETQ THE 
; --> SB-IMPL::XSUBTRACT BLOCK 
; ==>
;   (- SB-IMPL::B SB-IMPL::A)
; 
; note: forced to do GENERIC-- (cost 10)
;       unable to do inline fixnum arithmetic (cost 1) because:
;       The first argument is a (INTEGER 1), not a FIXNUM.
;       The result is a (VALUES UNSIGNED-BYTE &OPTIONAL), not a (VALUES FIXNUM &OPTIONAL).
;       unable to do inline fixnum arithmetic (cost 2) because:
;       The first argument is a (INTEGER 1), not a FIXNUM.
;       The result is a (VALUES UNSIGNED-BYTE &OPTIONAL), not a (VALUES FIXNUM &OPTIONAL).
;       etc.

;     (LPARALLEL.UTIL:REPEAT COUNT
;       (LPARALLEL.KERNEL-UTIL::STEAL-UNTIL-RECEIVE-RESULT LPARALLEL.KERNEL:CHANNEL
;                                                          LPARALLEL.KERNEL-UTIL::WORKER
;                                                          LPARALLEL.KERNEL-UTIL::FN))
; --> BLOCK LET TAGBODY IF <= 
; ==>
;   1
; 
; note: forced to do >-INTEGER-FIXNUM (cost 8)
;       unable to do inline fixnum comparison (cost 3) because:
;       The first argument is a INTEGER, not a FIXNUM.

; --> BLOCK LET TAGBODY IF DECF SETQ THE SB-IMPL::XSUBTRACT BLOCK 
; ==>
;   (- SB-IMPL::B SB-IMPL::A)
; 
; note: forced to do GENERIC-- (cost 10)
;       unable to do inline fixnum arithmetic (cost 1) because:
;       The first argument is a (INTEGER 1), not a FIXNUM.
;       The result is a (VALUES UNSIGNED-BYTE &OPTIONAL), not a (VALUES FIXNUM &OPTIONAL).
;       unable to do inline fixnum arithmetic (cost 2) because:
;       The first argument is a (INTEGER 1), not a FIXNUM.
;       The result is a (VALUES UNSIGNED-BYTE &OPTIONAL), not a (VALUES FIXNUM &OPTIONAL).
;       etc.

; file: D:/quicklisp/dists/quicklisp/software/lparallel-20160825-git/src/ptree.lisp
; in: DEFUN/TYPE COMPUTE-PTREE
;     (DECF LPARALLEL.PTREE::PENDING)
; --> SB-IMPL::XSUBTRACT BLOCK 
; ==>
;   (- SB-IMPL::B SB-IMPL::A)
; 
; note: forced to do GENERIC-- (cost 10)
;       unable to do inline fixnum arithmetic (cost 1) because:
;       The first argument is a INTEGER, not a FIXNUM.
;       The result is a (VALUES INTEGER &OPTIONAL), not a (VALUES FIXNUM &OPTIONAL).
;       unable to do inline fixnum arithmetic (cost 2) because:
;       The first argument is a INTEGER, not a FIXNUM.
;       The result is a (VALUES INTEGER &OPTIONAL), not a (VALUES FIXNUM &OPTIONAL).
;       etc.

;     (INCF LPARALLEL.PTREE::PENDING)
; ==>
;   (+ 1 (LPARALLEL.PTREE::%%%%.PTREE.PENDING #:INSTANCE03))
; 
; note: forced to do GENERIC-+ (cost 10)
;       unable to do inline fixnum arithmetic (cost 1) because:
;       The first argument is a INTEGER, not a FIXNUM.
;       The result is a (VALUES INTEGER &OPTIONAL), not a (VALUES FIXNUM &OPTIONAL).
;       unable to do inline fixnum arithmetic (cost 2) because:
;       The first argument is a INTEGER, not a FIXNUM.
;       The result is a (VALUES INTEGER &OPTIONAL), not a (VALUES FIXNUM &OPTIONAL).
;       etc.

; file: D:/quicklisp/dists/quicklisp/software/lparallel-20160825-git/src/cognate/util.lisp
; in: DEFUN ITEM-PREDICATE
;     (EQL LPARALLEL.COGNATE::ITEM LPARALLEL.COGNATE::X)
; 
; note: forced to do IF-EQL (cost 15)
;       unable to do inline float comparison (cost 4) because:
;       The first argument is a T, not a SINGLE-FLOAT.
;       The second argument is a T, not a SINGLE-FLOAT.
;       unable to do inline float comparison (cost 4) because:
;       The first argument is a T, not a DOUBLE-FLOAT.
;       The second argument is a T, not a DOUBLE-FLOAT.
;       etc.

; file: D:/quicklisp/dists/quicklisp/software/lparallel-20160825-git/src/cognate/pmap.lisp
; in: DEFUN MAP-ITERATE
;     (DEFUN LPARALLEL.COGNATE::MAP-ITERATE
;            (MAP LPARALLEL.COGNATE::SIZE LPARALLEL.COGNATE::FN
;             LPARALLEL.COGNATE::SEQS)
;       "A variation of (map nil ...)/mapc/mapl with size constrained.
;   Without a result to delineate sublist boundaries, we must enforce them
;   manually."
;       (CHECK-TYPE LPARALLEL.COGNATE::SIZE (INTEGER 0))
;       (LET ((LPARALLEL.COGNATE::FN
;              (ALEXANDRIA:ENSURE-FUNCTION LPARALLEL.COGNATE::FN))
;             (LPARALLEL.UTIL:INDEX 0))
;         (APPLY MAP
;                (LAMBDA (&REST LPARALLEL.COGNATE::ARGS)
;                  (DECLARE #)
;                  (DECLARE #)
;                  (WHEN # #)
;                  (APPLY LPARALLEL.COGNATE::FN LPARALLEL.COGNATE::ARGS)
;                  (INCF LPARALLEL.UTIL:INDEX))
;                LPARALLEL.COGNATE::SEQS)))
; --> SB-IMPL::%DEFUN SB-IMPL::%DEFUN SB-INT:NAMED-LAMBDA FUNCTION 
; ==>
;   (BLOCK LPARALLEL.COGNATE::MAP-ITERATE
;     (CHECK-TYPE LPARALLEL.COGNATE::SIZE (INTEGER 0))
;     (LET ((LPARALLEL.COGNATE::FN
;            (ALEXANDRIA:ENSURE-FUNCTION LPARALLEL.COGNATE::FN))
;           (LPARALLEL.UTIL:INDEX 0))
;       (APPLY MAP
;              (LAMBDA (&REST LPARALLEL.COGNATE::ARGS)
;                (DECLARE #)
;                (DECLARE #)
;                (WHEN # #)
;                (APPLY LPARALLEL.COGNATE::FN LPARALLEL.COGNATE::ARGS)
;                (INCF LPARALLEL.UTIL:INDEX))
;              LPARALLEL.COGNATE::SEQS)))
; 
; note: Allocating a value-cell at runtime for checking possibly out of extent exit via (RETURN-FROM MAP-ITERATE NIL). Use GO/RETURN-FROM with
; SAFETY 0, or declare the exit function DYNAMIC-EXTENT to avoid.

;     (INCF LPARALLEL.UTIL:INDEX)
; 
; note: forced to do GENERIC-+ (cost 10)
;       unable to do inline fixnum arithmetic (cost 1) because:
;       The first argument is a UNSIGNED-BYTE, not a FIXNUM.
;       The result is a (VALUES (INTEGER 1) &OPTIONAL), not a (VALUES FIXNUM &OPTIONAL).
;       unable to do inline fixnum arithmetic (cost 2) because:
;       The first argument is a UNSIGNED-BYTE, not a FIXNUM.
;       The result is a (VALUES (INTEGER 1) &OPTIONAL), not a (VALUES FIXNUM &OPTIONAL).
;       etc.
  included technology: -propagation
  included technology: -plate-types
  included technology: -beam-substrate-init-checks
  included technology: -beam-substrate
  included technology: -apparatus-coordinates
  included technology: -switch
  included technology: -controls-init-checks
  included technology: -controls
  included technology: -recording-shadow-policy
  included technology: -gate
  included technology: gate
  included technology: -interaction-policy
  included technology: -physical-init-checks
  included technology: -support-occupancy
  included technology: plate
  included technology: -height
  included technology: -location-coordinates
  included technology: -elevation
  included technology: elevation
  included technology: -segment-geometry
  included technology: -location
  included technology: -position
  included technology: -holding
  included technology: -vertical
  included technology: -support-motion
  included technology: -configuration-transition
  included technology: -support-settling
  included technology: -support-elevation
  included technology: -placement
  included technology: -reachability
  included technology: -pickup
  included technology: tray
  included technology: box
  included technology: -reachability-coordinates
  included technology: reachability
  included technology: switch
  included technology: -recorder-fork-registry
  included technology: -gears-fan
  included technology: -floor-blowing
  included technology: floor-blower
  included technology: -passability
  included technology: -threat
  included technology: -mobility
  included technology: -traversal
  included technology: -mobility-action
  included technology: ladder
  included technology: step
  included technology: jump
  included technology: -visibility
  included technology: -beam-relay-init-checks
  included technology: beam-relay
  included technology: -walkability-coordinates
  included technology: -terrain-consistency
  included technology: walkability
  included technology: -beam-los-coordinates
  included technology: -beam-interpolation
  included technology: -beam-occlusion
  included technology: visibility
  included technology: topo-lower-bound
  included technology: -recorder-core
  included technology: -recorder-plate-shadow
  included technology: -recorder-receiver-shadow
  included technology: -recorder-switch-shadow
  included technology: -recorder-controls-shadow
  included technology: -recorder-jamming-shadow
  included technology: -recorder-gate-shadow
  included technology: -recorder-blower-shadow
  included technology: -recorder-solution
  included technology: -recorder-cycle-boundary
  included technology: -recorder-session
  included technology: -recorder-cycle-chaining
  included technology: -recorder-init-checks
  included technology: recorder
Installing object types...
Installing PROPAGATE-CHANGES! update-fn...
Installing PROPAGATE-CONSEQUENCES! update-fn...
Installing optional types...
Installing object types...
Installing optional types...
Installing object types...
Installing dynamic relations...
Installing static relations...
Installing UPDATE-RECEIVER-STATUS! update-fn...
Installing BEAM-REACHES-RECEIVER query-fn...
Installing RECORDING-SHADOW-BEAM-REACHES-RECEIVER query-fn...
Installing BEAM-LIVE-FOR-CUTTING query-fn...
Installing DIRECT-BEAM-REACHES-RECEIVER query-fn...
Installing RELAY-BEAM-REACHES-RECEIVER query-fn...
Installing RECORDING-SHADOW-DIRECT-BEAM-REACHES-RECEIVER query-fn...
Installing RECORDING-SHADOW-RELAY-BEAM-REACHES-RECEIVER query-fn...
Installing DIRECT-BEAM-LIVE-FOR-CUTTING query-fn...
Installing RELAY-BEAM-LIVE-FOR-CUTTING query-fn...
Installing BEAM-CUT query-fn...
Installing BEAM-CUT-IN query-fn...
Installing CURRENT-CROSSING-SET query-fn...
Installing FIXED-BEAM-CORRIDOR-CLEAR query-fn...
Installing FIXED-BEAM-CORRIDOR-CLEAR-FOR-OBJECT query-fn...
Installing COMPUTE-RELAY-LIGHTING query-fn...
Installing COMPUTE-RELAY-LIGHTING-FOR-OBJECT query-fn...
Installing BEAM-RELAY-SOURCE-DISTANCE query-fn...
Installing optional types...
Installing static relations...
Installing optional types...
Installing dynamic relations...
Installing optional types...
Installing object types...
Installing static relations...
Installing ENERGIZED query-fn...
Installing CONTROL-ON query-fn...
Installing RECORDING-SHADOW-OBJECT query-fn...
Installing RECORDING-SHADOW-OBJECT-PRESENT query-fn...
Installing RECORDING-SHADOW-TURNING query-fn...
Installing RECORDING-SHADOW-GATE-OPEN query-fn...
Installing optional types...
Installing dynamic relations...
Installing GATE-OPEN-FOR-OBJECT query-fn...
Installing optional types...
Installing UPDATE-GATE-STATUS! update-fn...
Installing OBJECT-MANIPULATION-ALLOWED query-fn...
Installing SUPPORT-USE-ALLOWED query-fn...
Installing SUPPORT-OCCUPANCY-CONFLICT-P query-fn...
Installing CONNECTOR-PAIRING-ALLOWED query-fn...
Installing CONNECTOR-LOCATION-CONFLICT-P query-fn...
Installing object types...
Installing dynamic relations...
Installing SUPPORT-OCCUPIED query-fn...
Installing CLEARTOP query-fn...
Installing dynamic relations...
Installing UPDATE-PLATE-STATUS! update-fn...
Installing optional types...
Installing object types...
Installing static relations...
Installing static relations...
Installing optional types...
Installing object types...
Installing static relations...
Installing optional types...
Installing static relations...
Installing WALL-SEGMENT-RECORDS query-fn...
Installing EDGE-SEGMENT-RECORDS query-fn...
Installing GATE-SEGMENT-RECORDS query-fn...
Installing WINDOW-SEGMENT-RECORDS query-fn...
Installing SCREEN-SEGMENT-RECORDS query-fn...
Installing object types...
Installing dynamic relations...
Installing object types...
Installing static relations...
Installing object types...
Installing dynamic relations...
Installing optional types...
Installing object types...
Installing BASE query-fn...
Installing FIXED-BASE query-fn...
Installing LOCATION-ELEVATION query-fn...
Installing LOCATION-LEVEL query-fn...
Installing TOP query-fn...
Installing OBJECT-HEIGHT query-fn...
Installing optional types...
Installing PHYSICAL-SUPPORTS-AT query-fn...
Installing SUPPORT-DEPENDENT-P query-fn...
Installing SUPPORT-CHILDREN query-fn...
Installing SUPPORT-GROUP query-fn...
Installing RELOCATE-STACK! update-fn...
Installing LANDING-SUPPORT query-fn...
Installing LAND-ON-SUPPORT! update-fn...
Installing optional types...
Installing AGENT-CONFIGURATION query-fn...
Installing CONFIGURATION-TRANSITION-RESULTS query-fn...
Installing RELOCATE-TRAY-AND-RIDERS! update-fn...
Installing APPLY-AGENT-CONFIGURATION! update-fn...
Installing TRAY-RELEASE-RIDERS query-fn...
Installing SETTLING-SUPPORT query-fn...
Installing RELEASED-RIDER-GROUP query-fn...
Installing RELEASED-RIDER-LANDINGS query-fn...
Installing SETTLE-RELEASED-RIDERS! update-fn...
Installing optional types...
Installing WITHIN-AGENT-VERTICAL-REACH query-fn...
Installing WITHIN-AGENT-PLACEMENT-REACH query-fn...
Installing optional types...
Installing PLACEMENT-CHOICE-ALLOWED query-fn...
Installing PLACEMENT-OPTIONS query-fn...
Installing PLACEMENT-ELEVATION query-fn...
Installing PLACE-HELD-OBJECT! update-fn...
Installing optional types...
Installing object types...
Installing REACHABLE query-fn...
Installing PICKUP-CLEAR query-fn...
Installing optional types...
Installing PICKUP-TRAY action...
Installing PUT-TRAY action...
Installing optional types...
Installing PICKUP-BOX action...
Installing PUT-BOX action...
Installing static relations...
Installing REACHABILITY-COORDINATES-TARGET-POINTS query-fn...
Installing REACHABILITY-COORDINATES-SOLID-RECORDS query-fn...
Installing REACHABILITY-COORDINATES-GATE-RECORDS query-fn...
Installing REACHABILITY-COORDINATES-SCREEN-RECORDS query-fn...
Installing REACHABILITY-COORDINATES-AUTHORED query-fn...
Installing REACHABILITY-COORDINATES-EMITTABLE query-fn...
Installing REACHABILITY-COORDINATES-UNUSED-DISALLOWALS query-fn...
Installing DERIVE-REACH-FROM-SEGMENTS init action...
Installing REACHABLE query-fn...
Installing REACHABLE-CLEAR query-fn...
Installing optional types...
Installing object types...
Installing dynamic relations...
Installing static relations...
Installing BLOWER-DRIVE query-fn...
Installing BLOWER-PRESENT query-fn...
Installing BLOWER-ELEVATION query-fn...
Installing BLOWER-TURNING-FOR-OBJECT query-fn...
Installing BLOWER-ACTIVE-FOR-OBJECT query-fn...
Installing UPDATE-BLOWER-STATUS! update-fn...
Installing PICKUP-FAN action...skipped (no instances for type: FAN)
Installing PUT-FAN action...skipped (no instances for type: FAN)
Installing MOUNT-FAN action...skipped (no instances for type: FAN)
Installing LOCATION-LEVEL query-fn...
Installing UPDATE-FLOOR-BLOWING-STATUS! update-fn...
Installing BLOW-OCCUPANTS-AWAY! update-fn...
Installing DROP-OCCUPANTS! update-fn...
Installing optional types...
Installing ALL-CLEAR query-fn...
Installing OBSTACLE-CLEAR query-fn...
Installing STREAM-OBSTACLE-CLEAR query-fn...
Installing optional types...
Installing object types...
Installing static relations...
Installing dynamic relations...
Installing SAFE query-fn...
Installing ENFORCE-THREAT-SAFETY! update-fn...
Installing MOBILITY-RESULTS query-fn...
Installing MOBILITY-LOCATIONS query-fn...
Installing TRAVERSABLE query-fn...
Installing object types...
Installing static relations...
Installing TRAVERSAL-SEGMENTS query-fn...
Installing TRAVERSAL-SEGMENTS-FOR-SOURCE query-fn...
Installing MOVEMENT-RESULTS query-fn...
Installing MOVE action...
Installing optional types...
Installing USABLE-LADDER-AT-SOURCE query-fn...
Installing POSITIONED-LADDERS-FOR-MEANS query-fn...
Installing LADDER-CONFIGURATION-TRANSITIONS query-fn...
Installing optional types...
Installing object types...
Installing STEP-SOURCE-CAN-MOUNT query-fn...
Installing STEP-SOURCE-CAN-DISMOUNT query-fn...
Installing STEPPABLE-FIXTURE-AT query-fn...
Installing STEP-CONFIGURATION-TRANSITIONS query-fn...
Installing optional types...
Installing object types...
Installing JUMP-ELEVATION-REACHABLE query-fn...
Installing VAULTABLE-OBJECT-PASSABLE query-fn...
Installing JUMP-BARRIER-TOP-ELEVATION query-fn...
Installing VAULTABLE-OBJECT-LIST query-fn...
Installing JUMP-REQUIRED-CLEARANCE-HEIGHT query-fn...
Installing JUMP-PATH-CLEAR query-fn...
Installing JUMP-LANDING-SUPPORT-AT query-fn...
Installing JUMP-CONFIGURATION-TRANSITIONS query-fn...
Installing optional types...
Installing object types...
Installing VISIBLE query-fn...
Installing VISIBLE-FOR-OBJECT query-fn...
Installing POTENTIALLY-VISIBLE query-fn...
Installing BEAM-VISIBLE query-fn...
Installing BEAM-VISIBLE-FOR-OBJECT query-fn...
Installing ELEVATION-VISIBLE-FOR-OBJECT query-fn...
Installing object types...
Installing optional types...
Installing dynamic relations...
Installing PICKUP-CONNECTOR action...
Installing PICKUP-CONNECTOR-RETAINING-PAIRINGS action...
Installing PUT-CONNECTOR action...
Installing CONNECT-CONNECTOR action...
Installing UPDATE-RELAY-STATUS! update-fn...
Installing RELAY-BEAM-REACHES-RECEIVER query-fn...
Installing RECORDING-SHADOW-RELAY-BEAM-REACHES-RECEIVER query-fn...
Installing COMPUTE-RELAY-LIGHTING query-fn...
Installing COMPUTE-RELAY-LIGHTING-FOR-OBJECT query-fn...
Installing RELAY-ANCHOR query-fn...
Installing RELAY-LINKED query-fn...
Installing RELAY-LINK-CLEAR query-fn...
Installing RELAY-LINK-CLEAR-FOR-OBJECT query-fn...
Installing PAIRED-RELAY-VISIBLE query-fn...
Installing PAIRED-RELAY-VISIBLE-FOR-OBJECT query-fn...
Installing RELAY-BEAM-LIVE-FOR-CUTTING query-fn...
Installing BEAM-RELAY-SOURCE-DISTANCE query-fn...
Installing CONNECTABLE-LOCATION query-fn...
Installing CONNECTABLE-TERMINUS query-fn...
Installing WALKABILITY-COORDINATES-SUPPORTED-DOOR-SOLID-PAIRS query-fn...
Installing WALKABILITY-COORDINATES-LOCATION-COORDS query-fn...
Installing WALKABILITY-COORDINATES-STREAM-SPECS query-fn...
Installing TERRAIN-COMPLAINTS query-fn...
Installing DERIVE-WALKING-FROM-SEGMENTS init action...
Installing TERRAIN-COMPLAINTS query-fn...
Installing TERRAIN-LOCATION-LEVELS query-fn...
Installing TERRAIN-EDGE-SPANS query-fn...
Installing ONE-STEP-WALKABLE query-fn...
Installing optional types...
Installing object types...
Installing BEAM-COORDINATES-ENDPOINT-POSITIONS query-fn...
Installing BEAM-COORDINATES-ENDPOINT-XY query-fn...
Installing BEAM-COORDINATES-ELEVATION-AT query-fn...
Installing DERIVE-LOS-FROM-SEGMENTS init action...
Installing BEAM-ELEVATION-AT-LOCATION query-fn...
Installing object types...
Installing BEAM-BLOCKER-OCCLUDES-LOCATION query-fn...
Installing BEAM-BLOCKER-OCCLUDES-LOCATION-FOR-OBJECT query-fn...
Installing BEAM-BLOCKER-SPANS-ELEVATION query-fn...
Installing object types...
Installing static relations...
Installing LOS-CLEAR-FOR-OBJECT query-fn...
Installing LOS-CROSSINGS-CLEAR-FOR-OBJECT query-fn...
Installing LOS-OCCLUDERS-CLEAR-FOR-OBJECT query-fn...
Installing LOS-LOCATION-OCCLUDED query-fn...
Installing LOS-BARRIER-CROSSINGS query-fn...
Installing RECORDED-BARRIERS-CLEAR-FOR-OBJECT query-fn...
Installing BARRIER-CROSSING-CLEAR-FOR-OBJECT query-fn...
Installing BEAM-ELEVATION-AT-LOCATION query-fn...
Installing VISIBLE query-fn...
Installing VISIBLE-FOR-OBJECT query-fn...
Installing BEAM-VISIBLE query-fn...
Installing BEAM-VISIBLE-FOR-OBJECT query-fn...
Installing ELEVATION-VISIBLE-FOR-OBJECT query-fn...
Installing POTENTIALLY-VISIBLE query-fn...
Installing VISIBLE-CLEAR query-fn...
Installing TOPO-RELAXED-HMAX-BOUND query-fn...
Installing TOPO-RELAXED-LM-CUT-BOUND query-fn...
Installing TOPO-FINITE-RESOURCE-BOUND query-fn...
Installing TOPO-FINITE-BEAM-RESOURCE-BOUND query-fn...
Installing TOPO-LM-CUT-RESOURCE-BOUND query-fn...
Installing optional types...
Installing static relations...
WARNING: redefining WOULDWORK::DERIVE-RECORDING-COPY-LITERALS in DEFUN
Installing dynamic relations...
Installing LIVE-RECORDING-OBJECT query-fn...
Installing GHOST-RECORDING-OBJECT query-fn...
Installing RECORDING-SHADOW-VIEW-OBJECT query-fn...
Installing SAME-RECORDING-SIDE query-fn...
Installing RECORDER-CYCLE-COUNT query-fn...
Installing RECORDING-SHADOW-OBJECT query-fn...
Installing RECORDING-SHADOW-OBJECT-PRESENT query-fn...
Installing OBJECT-MANIPULATION-ALLOWED query-fn...
Installing SUPPORT-USE-ALLOWED query-fn...
Installing SUPPORT-OCCUPANCY-CONFLICT-P query-fn...
Installing CONNECTOR-PAIRING-ALLOWED query-fn...
Installing CONNECTOR-LOCATION-CONFLICT-P query-fn...
Installing dynamic relations...
Installing RECORDING-PLATE-OCCUPIED query-fn...
Installing UPDATE-RECORDING-PLATE-STATUS! update-fn...
Installing dynamic relations...
Installing UPDATE-RECORDING-RECEIVER-STATUS! update-fn...
Installing dynamic relations...
Installing INITIALIZE-RECORDING-SWITCH-STATE! update-fn...
Installing RECORDING-CONTROLLER-ENERGIZED query-fn...
Installing RECORDING-CONTROL-ON query-fn...
Installing optional types...
Installing RECORDING-JAMMED query-fn...
Installing dynamic relations...
Installing RECORDING-SHADOW-GATE-OPEN query-fn...
Installing UPDATE-RECORDING-GATE-STATUS! update-fn...
Installing optional types...
Installing object types...
Installing dynamic relations...
Installing RECORDING-SHADOW-TURNING query-fn...
Installing UPDATE-RECORDING-BLOWER-STATUS! update-fn...
Installing RECORDING-AGENT-EMPTY-HANDED query-fn...
Installing RECORDER-CYCLE-ENDED query-fn...
Installing GHOST-STOPS-RECORDER query-fn...
Installing RECORDING-AGENT-CAN-CLOSE query-fn...
Installing RECORDING-AGENT-RETURN-ROUTE query-fn...
Installing RECORDING-AGENT-AT-RECORDER query-fn...
Installing RECORDER-CLOSED-GHOST-FREE query-fn...
Installing RECORDER-CYCLE-BOUNDARY-SAFE query-fn...
Installing optional types...
Installing CANCEL-PLAYBACK action...
Installing STOP-RECORDER action...
Creating initial propositional database...
Installing INITIALIZE-DERIVED-STATE init action...
Installing goal...
Initializing...
Installing TOGGLE-SWITCH action...
Installing START-RECORDER action...
Deriving propagation driver: UPDATE-PLATE-STATUS! UPDATE-RECORDING-PLATE-STATUS! UPDATE-GATE-STATUS! UPDATE-RECORDING-RECEIVER-STATUS! UPDATE-RECORDING-GATE-STATUS! UPDATE-RELAY-STATUS! UPDATE-RECEIVER-STATUS! UPDATE-BLOWER-STATUS! UPDATE-RECORDING-BLOWER-STATUS! UPDATE-FLOOR-BLOWING-STATUS! ENFORCE-THREAT-SAFETY! INITIALIZE-RECORDING-SWITCH-STATE!
Installing PROPAGATE-CONSEQUENCES! update-fn...
Optimizing lambda expressions and compiling...
  PICKUP-TRAY...
  PUT-TRAY...
  PICKUP-BOX...
  PUT-BOX...
  MOVE...
  PICKUP-CONNECTOR...
  PICKUP-CONNECTOR-RETAINING-PAIRINGS...
  PUT-CONNECTOR...
  CONNECT-CONNECTOR...
  CANCEL-PLAYBACK...
  STOP-RECORDER...
  TOGGLE-SWITCH...
  START-RECORDER...
  BEAM-REACHES-RECEIVER...
  RECORDING-SHADOW-BEAM-REACHES-RECEIVER...
  BEAM-LIVE-FOR-CUTTING...
  DIRECT-BEAM-REACHES-RECEIVER...
  RELAY-BEAM-REACHES-RECEIVER...
  RECORDING-SHADOW-DIRECT-BEAM-REACHES-RECEIVER...
  RECORDING-SHADOW-RELAY-BEAM-REACHES-RECEIVER...
  DIRECT-BEAM-LIVE-FOR-CUTTING...
  RELAY-BEAM-LIVE-FOR-CUTTING...
  BEAM-CUT...
  BEAM-CUT-IN...
  CURRENT-CROSSING-SET...
  FIXED-BEAM-CORRIDOR-CLEAR...
  FIXED-BEAM-CORRIDOR-CLEAR-FOR-OBJECT...
  COMPUTE-RELAY-LIGHTING...
  COMPUTE-RELAY-LIGHTING-FOR-OBJECT...
  BEAM-RELAY-SOURCE-DISTANCE...
  ENERGIZED...
  CONTROL-ON...
  RECORDING-SHADOW-OBJECT...
  RECORDING-SHADOW-OBJECT-PRESENT...
  RECORDING-SHADOW-TURNING...
  RECORDING-SHADOW-GATE-OPEN...
  GATE-OPEN-FOR-OBJECT...
  OBJECT-MANIPULATION-ALLOWED...
  SUPPORT-USE-ALLOWED...
  SUPPORT-OCCUPANCY-CONFLICT-P...
  CONNECTOR-PAIRING-ALLOWED...
  CONNECTOR-LOCATION-CONFLICT-P...
  SUPPORT-OCCUPIED...
  CLEARTOP...
  WALL-SEGMENT-RECORDS...
  EDGE-SEGMENT-RECORDS...
  GATE-SEGMENT-RECORDS...
  WINDOW-SEGMENT-RECORDS...
  SCREEN-SEGMENT-RECORDS...
  BASE...
  FIXED-BASE...
  LOCATION-ELEVATION...
  LOCATION-LEVEL...
  TOP...
  OBJECT-HEIGHT...
  PHYSICAL-SUPPORTS-AT...
  SUPPORT-DEPENDENT-P...
  SUPPORT-CHILDREN...
  SUPPORT-GROUP...
  LANDING-SUPPORT...
  AGENT-CONFIGURATION...
  CONFIGURATION-TRANSITION-RESULTS...
  TRAY-RELEASE-RIDERS...
  SETTLING-SUPPORT...
  RELEASED-RIDER-GROUP...
  RELEASED-RIDER-LANDINGS...
  WITHIN-AGENT-VERTICAL-REACH...
  WITHIN-AGENT-PLACEMENT-REACH...
  PLACEMENT-CHOICE-ALLOWED...
  PLACEMENT-OPTIONS...
  PLACEMENT-ELEVATION...
  REACHABLE...
  PICKUP-CLEAR...
  REACHABILITY-COORDINATES-TARGET-POINTS...
  REACHABILITY-COORDINATES-SOLID-RECORDS...
  REACHABILITY-COORDINATES-GATE-RECORDS...
  REACHABILITY-COORDINATES-SCREEN-RECORDS...
  REACHABILITY-COORDINATES-AUTHORED...
  REACHABILITY-COORDINATES-EMITTABLE...
  REACHABILITY-COORDINATES-UNUSED-DISALLOWALS...
  REACHABLE-CLEAR...
  BLOWER-DRIVE...
  BLOWER-PRESENT...
  BLOWER-ELEVATION...
  BLOWER-TURNING-FOR-OBJECT...
  BLOWER-ACTIVE-FOR-OBJECT...
  ALL-CLEAR...
  OBSTACLE-CLEAR...
  STREAM-OBSTACLE-CLEAR...
  SAFE...
  MOBILITY-RESULTS...
  MOBILITY-LOCATIONS...
  TRAVERSABLE...
  TRAVERSAL-SEGMENTS...
  TRAVERSAL-SEGMENTS-FOR-SOURCE...
  MOVEMENT-RESULTS...
  USABLE-LADDER-AT-SOURCE...
  POSITIONED-LADDERS-FOR-MEANS...
  LADDER-CONFIGURATION-TRANSITIONS...
  STEP-SOURCE-CAN-MOUNT...
  STEP-SOURCE-CAN-DISMOUNT...
  STEPPABLE-FIXTURE-AT...
  STEP-CONFIGURATION-TRANSITIONS...
  JUMP-ELEVATION-REACHABLE...
  VAULTABLE-OBJECT-PASSABLE...
  JUMP-BARRIER-TOP-ELEVATION...
  VAULTABLE-OBJECT-LIST...
  JUMP-REQUIRED-CLEARANCE-HEIGHT...
  JUMP-PATH-CLEAR...
  JUMP-LANDING-SUPPORT-AT...
  JUMP-CONFIGURATION-TRANSITIONS...
  VISIBLE...
  VISIBLE-FOR-OBJECT...
  POTENTIALLY-VISIBLE...
  BEAM-VISIBLE...
  BEAM-VISIBLE-FOR-OBJECT...
  ELEVATION-VISIBLE-FOR-OBJECT...
  RELAY-ANCHOR...
  RELAY-LINKED...
  RELAY-LINK-CLEAR...
  RELAY-LINK-CLEAR-FOR-OBJECT...
  PAIRED-RELAY-VISIBLE...
  PAIRED-RELAY-VISIBLE-FOR-OBJECT...
  CONNECTABLE-LOCATION...
  CONNECTABLE-TERMINUS...
  WALKABILITY-COORDINATES-SUPPORTED-DOOR-SOLID-PAIRS...
  WALKABILITY-COORDINATES-LOCATION-COORDS...
  WALKABILITY-COORDINATES-STREAM-SPECS...
  TERRAIN-COMPLAINTS...
  TERRAIN-LOCATION-LEVELS...
  TERRAIN-EDGE-SPANS...
  ONE-STEP-WALKABLE...
  BEAM-COORDINATES-ENDPOINT-POSITIONS...
  BEAM-COORDINATES-ENDPOINT-XY...
  BEAM-COORDINATES-ELEVATION-AT...
  BEAM-ELEVATION-AT-LOCATION...
  BEAM-BLOCKER-OCCLUDES-LOCATION...
  BEAM-BLOCKER-OCCLUDES-LOCATION-FOR-OBJECT...
  BEAM-BLOCKER-SPANS-ELEVATION...
  LOS-CLEAR-FOR-OBJECT...
  LOS-CROSSINGS-CLEAR-FOR-OBJECT...
  LOS-OCCLUDERS-CLEAR-FOR-OBJECT...
  LOS-LOCATION-OCCLUDED...
  LOS-BARRIER-CROSSINGS...
  RECORDED-BARRIERS-CLEAR-FOR-OBJECT...
  BARRIER-CROSSING-CLEAR-FOR-OBJECT...
  VISIBLE-CLEAR...
  TOPO-RELAXED-HMAX-BOUND...
  TOPO-RELAXED-LM-CUT-BOUND...
  TOPO-FINITE-RESOURCE-BOUND...
  TOPO-FINITE-BEAM-RESOURCE-BOUND...
  TOPO-LM-CUT-RESOURCE-BOUND...
  LIVE-RECORDING-OBJECT...
  GHOST-RECORDING-OBJECT...
  RECORDING-SHADOW-VIEW-OBJECT...
  SAME-RECORDING-SIDE...
  RECORDER-CYCLE-COUNT...
  RECORDING-PLATE-OCCUPIED...
  RECORDING-CONTROLLER-ENERGIZED...
  RECORDING-CONTROL-ON...
  RECORDING-JAMMED...
  RECORDING-AGENT-EMPTY-HANDED...
  RECORDER-CYCLE-ENDED...
  GHOST-STOPS-RECORDER...
  RECORDING-AGENT-CAN-CLOSE...
  RECORDING-AGENT-RETURN-ROUTE...
  RECORDING-AGENT-AT-RECORDER...
  RECORDER-CLOSED-GHOST-FREE...
  RECORDER-CYCLE-BOUNDARY-SAFE...
  PROPAGATE-CHANGES!...
  PROPAGATE-CONSEQUENCES!...
  UPDATE-RECEIVER-STATUS!...
  UPDATE-GATE-STATUS!...
  UPDATE-PLATE-STATUS!...
  RELOCATE-STACK!...
  LAND-ON-SUPPORT!...
  RELOCATE-TRAY-AND-RIDERS!...
  APPLY-AGENT-CONFIGURATION!...
  SETTLE-RELEASED-RIDERS!...
  PLACE-HELD-OBJECT!...
  UPDATE-BLOWER-STATUS!...
  UPDATE-FLOOR-BLOWING-STATUS!...
  BLOW-OCCUPANTS-AWAY!...
  DROP-OCCUPANTS!...
  ENFORCE-THREAT-SAFETY!...
  UPDATE-RELAY-STATUS!...
  UPDATE-RECORDING-PLATE-STATUS!...
  UPDATE-RECORDING-RECEIVER-STATUS!...
  INITIALIZE-RECORDING-SWITCH-STATE!...
  UPDATE-RECORDING-GATE-STATUS!...
  UPDATE-RECORDING-BLOWER-STATUS!...
  enum relation requires predicates...
  GOAL-FN...
Adding init-action propositions to initial database...
DERIVE-REACH-FROM-SEGMENTS...
DERIVE-WALKING-FROM-SEGMENTS...
DERIVE-LOS-FROM-SEGMENTS...
INITIALIZE-DERIVED-STATE...
Applying min-steps-remaining? to start state... = 0


Current parameter settings:
  *PROBLEM-NAME* => CRELAY-TOPO
  *PROBLEM-TYPE* => PLANNING
  *ALGORITHM* => DEPTH-FIRST
  *TREE-OR-GRAPH* => GRAPH
  *SOLUTION-TYPE* => MIN-LENGTH
  *DEPTH-CUTOFF* => 15
  *THREADS* => 16
  *RANDOMIZE-SEARCH* => NIL
  *DEBUG* => 0
  *PROBE* => NIL
  *GOAL* => (HAS-LOCATION AGENT1 LOCATION19)
  *SYMMETRY-PRUNING* => NIL
  *MAX-RECORDER-CYCLES* => UNLIMITED
  *RECORDER-PREFIX-PRUNING* => NIL
  *MAX-CONNECTOR-PAIRINGS* => 3
  *PROGRESS-REPORTING-INTERVAL* => 1,000,000
  *BRANCH* TO EXPLORE => ALL
  HEURISTIC? => NIL
  EXOGENOUS HAPPENINGS => NIL
  BOUNDING FUNCTION? => NIL
  MIN STEPS REMAINING? => YES

  For parallel settings: (display-parallel-parameters)

; 
; compilation unit finished
;   printed 61 notes
Installing goal...
Restored 1 checkpoints, 9 actions by replay; no search.
Installing goal...

Current parameter settings:
  *PROBLEM-NAME* => CRELAY-TOPO
  *PROBLEM-TYPE* => PLANNING
  *ALGORITHM* => DEPTH-FIRST
  *TREE-OR-GRAPH* => GRAPH
  *SOLUTION-TYPE* => MIN-LENGTH
  *DEPTH-CUTOFF* => 12
  *THREADS* => 16
  *RANDOMIZE-SEARCH* => NIL
  *DEBUG* => 0
  *PROBE* => NIL
  *GOAL* => (HAS-LOCATION AGENT1 LOCATION19)
  *SYMMETRY-PRUNING* => NIL
  *MAX-RECORDER-CYCLES* => UNLIMITED
  *RECORDER-PREFIX-PRUNING* => NIL
  *MAX-CONNECTOR-PAIRINGS* => 3
  *PROGRESS-REPORTING-INTERVAL* => 1,000,000
  *BRANCH* TO EXPLORE => ALL
  HEURISTIC? => NIL
  EXOGENOUS HAPPENINGS => NIL
  BOUNDING FUNCTION? => NIL
  MIN STEPS REMAINING? => YES

  For parallel settings: (display-parallel-parameters)



Current parameter settings:
  *PROBLEM-NAME* => CRELAY-TOPO
  *PROBLEM-TYPE* => PLANNING
  *ALGORITHM* => DEPTH-FIRST
  *TREE-OR-GRAPH* => GRAPH
  *SOLUTION-TYPE* => MIN-LENGTH
  *DEPTH-CUTOFF* => 12
  *THREADS* => 16
  *RANDOMIZE-SEARCH* => NIL
  *DEBUG* => 0
  *PROBE* => NIL
  *GOAL* => (HAS-LOCATION AGENT1 LOCATION19)
  *SYMMETRY-PRUNING* => NIL
  *MAX-RECORDER-CYCLES* => UNLIMITED
  *RECORDER-PREFIX-PRUNING* => NIL
  *MAX-CONNECTOR-PAIRINGS* => 3
  *PROGRESS-REPORTING-INTERVAL* => 1,000,000
  *BRANCH* TO EXPLORE => ALL
  HEURISTIC? => NIL
  EXOGENOUS HAPPENINGS => NIL
  BOUNDING FUNCTION? => NIL
  MIN STEPS REMAINING? => YES

  For parallel settings: (display-parallel-parameters)


; file: D:/quicklisp/dists/quicklisp/software/alexandria-20241012-git/alexandria-1/sequences.lisp
; in: DEFUN LENGTH=
;     (LENGTH FIRST)
; 
; note: unable to optimize due to type uncertainty: The first argument is a SEQUENCE, not a VECTOR.

; file: D:/quicklisp/dists/quicklisp/software/bordeaux-threads-v0.9.4/apiv2/atomics.lisp
; in: DEFUN ATOMIC-INTEGER-DECF
;     (BT2::ATOMIC-DECF (BT2::ATOMIC-INTEGER-CELL BT2:ATOMIC-INTEGER) BT2::DELTA)
; 
; note: forced to do -/UNSIGNED=>INTEGER (cost 8)
;       unable to do inline fixnum arithmetic (cost 2) because:
;       The first argument is a (UNSIGNED-BYTE 64), not a FIXNUM.
;       The second argument is a (UNSIGNED-BYTE 63), not a FIXNUM.
;       The result is a (VALUES (INTEGER -9223372036854775807 18446744073709551615) &OPTIONAL), not a (VALUES FIXNUM &OPTIONAL).

; in: DEFUN ATOMIC-INTEGER-INCF
;     (BT2::ATOMIC-INCF (BT2::ATOMIC-INTEGER-CELL BT2:ATOMIC-INTEGER) BT2::DELTA)
; 
; note: forced to do +/UNSIGNED=>INTEGER (cost 8)
;       unable to do inline fixnum arithmetic (cost 2) because:
;       The first argument is a (UNSIGNED-BYTE 64), not a FIXNUM.
;       The second argument is a (UNSIGNED-BYTE 63), not a FIXNUM.
;       The result is a (VALUES (MOD 27670116110564327423) &OPTIONAL), not a (VALUES FIXNUM &OPTIONAL).

; in: DEFUN ATOMIC-INTEGER-VALUE
;     (DEFUN BT2:ATOMIC-INTEGER-VALUE (BT2:ATOMIC-INTEGER)
;       "Returns the current value of `ATOMIC-INTEGER`."
;       (DECLARE (TYPE BT2:ATOMIC-INTEGER BT2:ATOMIC-INTEGER)
;                (OPTIMIZE (SAFETY 0) (SPEED 3)))
;       (PROGN (BT2::ATOMIC-INTEGER-CELL BT2:ATOMIC-INTEGER)))
; --> SB-IMPL::%DEFUN SB-IMPL::%DEFUN SB-INT:NAMED-LAMBDA 
; ==>
;   #'(SB-INT:NAMED-LAMBDA BT2:ATOMIC-INTEGER-VALUE
;         (BT2:ATOMIC-INTEGER)
;       (DECLARE (SB-C::TOP-LEVEL-FORM))
;       "Returns the current value of `ATOMIC-INTEGER`."
;       (DECLARE (TYPE BT2:ATOMIC-INTEGER BT2:ATOMIC-INTEGER)
;                (OPTIMIZE (SAFETY 0) (SPEED 3)))
;       (BLOCK BT2:ATOMIC-INTEGER-VALUE
;         (PROGN (BT2::ATOMIC-INTEGER-CELL BT2:ATOMIC-INTEGER))))
; 
; note: doing unsigned word to integer coercion (cost 20) to "<return value>"

; file: D:/quicklisp/dists/quicklisp/software/lparallel-20160825-git/src/cons-queue.lisp
; in: DEFUN %TRY-POP-CONS-QUEUE/NO-LOCK/TIMEOUT
;     (LPARALLEL.THREAD-UTIL::WITH-COUNTDOWN (LPARALLEL.CONS-QUEUE::TIMEOUT)
;       (LPARALLEL.CONS-QUEUE::WITH-CONS-QUEUE-SLOTS (LPARALLEL.CONS-QUEUE::IMPL
;                                                     LPARALLEL.CONS-QUEUE::LOCK
;                                                     LPARALLEL.CONS-QUEUE::CVAR)
;           LPARALLEL.CONS-QUEUE::QUEUE
;         (LOOP
;          (MULTIPLE-VALUE-BIND
;              (LPARALLEL.CONS-QUEUE::VALUE LPARALLEL.CONS-QUEUE::PRESENTP)
;              (LPARALLEL.RAW-QUEUE:POP-RAW-QUEUE LPARALLEL.CONS-QUEUE::IMPL)
;            (WHEN LPARALLEL.CONS-QUEUE::PRESENTP #)
;            (LET #
;              #)))))
; --> LET LPARALLEL.THREAD-UTIL::GET-REAL-TIME-IN-SECONDS BLOCK 
; ==>
;   (/ (GET-INTERNAL-REAL-TIME) INTERNAL-TIME-UNITS-PER-SECOND)
; 
; note: unable to
;   optimize
; due to type uncertainty:
;   The result is a (VALUES (RATIONAL 0 2305843009213693951/1000000) &OPTIONAL), not a (VALUES INTEGER &REST T).

;     (PLUSP LPARALLEL.THREAD-UTIL::TIME-REMAINING)
; 
; note: unable to open-code FLOAT to RATIONAL comparison due to type uncertainty: The first argument is a REAL, not a SINGLE-FLOAT.
; 
; note: unable to open-code FLOAT to RATIONAL comparison due to type uncertainty: The first argument is a REAL, not a DOUBLE-FLOAT.
; 
; note: forced to do GENERIC-> (cost 10)
;       unable to do inline fixnum comparison (cost 3) because:
;       The first argument is a REAL, not a FIXNUM.
;       unable to do inline fixnum comparison (cost 4) because:
;       The first argument is a REAL, not a FIXNUM.
;       etc.

; in: DEFUN TRY-POP-CONS-QUEUE
;     (PLUSP LPARALLEL.CONS-QUEUE::TIMEOUT)
; 
; note: unable to open-code FLOAT to RATIONAL comparison due to type uncertainty: The first argument is a REAL, not a SINGLE-FLOAT.
; 
; note: unable to open-code FLOAT to RATIONAL comparison due to type uncertainty: The first argument is a REAL, not a DOUBLE-FLOAT.
; 
; note: forced to do GENERIC-> (cost 10)
;       unable to do inline fixnum comparison (cost 3) because:
;       The first argument is a REAL, not a FIXNUM.
;       unable to do inline fixnum comparison (cost 4) because:
;       The first argument is a REAL, not a FIXNUM.
;       etc.

; in: DEFUN TRY-POP-CONS-QUEUE/NO-LOCK
;     (PLUSP LPARALLEL.CONS-QUEUE::TIMEOUT)
; 
; note: unable to open-code FLOAT to RATIONAL comparison due to type uncertainty: The first argument is a REAL, not a SINGLE-FLOAT.
; 
; note: unable to open-code FLOAT to RATIONAL comparison due to type uncertainty: The first argument is a REAL, not a DOUBLE-FLOAT.
; 
; note: forced to do GENERIC-> (cost 10)
;       unable to do inline fixnum comparison (cost 3) because:
;       The first argument is a REAL, not a FIXNUM.
;       unable to do inline fixnum comparison (cost 4) because:
;       The first argument is a REAL, not a FIXNUM.
;       etc.

; file: D:/quicklisp/dists/quicklisp/software/lparallel-20160825-git/src/vector-queue.lisp
; in: DEFUN %TRY-POP-VECTOR-QUEUE/NO-LOCK/TIMEOUT
;     (LPARALLEL.THREAD-UTIL::WITH-COUNTDOWN (LPARALLEL.VECTOR-QUEUE::TIMEOUT)
;       (LPARALLEL.VECTOR-QUEUE::WITH-VECTOR-QUEUE-SLOTS (LPARALLEL.VECTOR-QUEUE::IMPL
;                                                         LPARALLEL.VECTOR-QUEUE::LOCK
;                                                         LPARALLEL.VECTOR-QUEUE::NOTIFY-PUSH
;                                                         LPARALLEL.VECTOR-QUEUE::NOTIFY-POP)
;           LPARALLEL.VECTOR-QUEUE::QUEUE
;         (LOOP
;          (MULTIPLE-VALUE-BIND
;              (LPARALLEL.VECTOR-QUEUE::VALUE LPARALLEL.VECTOR-QUEUE::PRESENTP)
;              (LPARALLEL.VECTOR-QUEUE::POP-RAW-QUEUE LPARALLEL.VECTOR-QUEUE::IMPL)
;            (WHEN LPARALLEL.VECTOR-QUEUE::PRESENTP # #)
;            (LET #
;              #)))))
; --> LET LPARALLEL.THREAD-UTIL::GET-REAL-TIME-IN-SECONDS BLOCK 
; ==>
;   (/ (GET-INTERNAL-REAL-TIME) INTERNAL-TIME-UNITS-PER-SECOND)
; 
; note: unable to
;   optimize
; due to type uncertainty:
;   The result is a (VALUES (RATIONAL 0 2305843009213693951/1000000) &OPTIONAL), not a (VALUES INTEGER &REST T).

;     (PLUSP LPARALLEL.THREAD-UTIL::TIME-REMAINING)
; 
; note: unable to open-code FLOAT to RATIONAL comparison due to type uncertainty: The first argument is a REAL, not a SINGLE-FLOAT.
; 
; note: unable to open-code FLOAT to RATIONAL comparison due to type uncertainty: The first argument is a REAL, not a DOUBLE-FLOAT.
; 
; note: forced to do GENERIC-> (cost 10)
;       unable to do inline fixnum comparison (cost 3) because:
;       The first argument is a REAL, not a FIXNUM.
;       unable to do inline fixnum comparison (cost 4) because:
;       The first argument is a REAL, not a FIXNUM.
;       etc.

; in: DEFUN TRY-POP-VECTOR-QUEUE
;     (PLUSP LPARALLEL.VECTOR-QUEUE::TIMEOUT)
; 
; note: unable to open-code FLOAT to RATIONAL comparison due to type uncertainty: The first argument is a REAL, not a SINGLE-FLOAT.
; 
; note: unable to open-code FLOAT to RATIONAL comparison due to type uncertainty: The first argument is a REAL, not a DOUBLE-FLOAT.
; 
; note: forced to do GENERIC-> (cost 10)
;       unable to do inline fixnum comparison (cost 3) because:
;       The first argument is a REAL, not a FIXNUM.
;       unable to do inline fixnum comparison (cost 4) because:
;       The first argument is a REAL, not a FIXNUM.
;       etc.

; in: DEFUN TRY-POP-VECTOR-QUEUE/NO-LOCK
;     (PLUSP LPARALLEL.VECTOR-QUEUE::TIMEOUT)
; 
; note: unable to open-code FLOAT to RATIONAL comparison due to type uncertainty: The first argument is a REAL, not a SINGLE-FLOAT.
; 
; note: unable to open-code FLOAT to RATIONAL comparison due to type uncertainty: The first argument is a REAL, not a DOUBLE-FLOAT.
; 
; note: forced to do GENERIC-> (cost 10)
;       unable to do inline fixnum comparison (cost 3) because:
;       The first argument is a REAL, not a FIXNUM.
;       unable to do inline fixnum comparison (cost 4) because:
;       The first argument is a REAL, not a FIXNUM.
;       etc.

; file: D:/quicklisp/dists/quicklisp/software/lparallel-20160825-git/src/kernel/stealing-scheduler.lisp
; in: DEFUN/TYPE MAYBE-WAKE-A-WORKER
;     (INCF LPARALLEL.KERNEL::NOTIFY-COUNT)
; ==>
;   (+ 1 (LPARALLEL.KERNEL::%%%%.SCHEDULER.NOTIFY-COUNT #:INSTANCE02))
; 
; note: forced to do GENERIC-+ (cost 10)
;       unable to do inline fixnum arithmetic (cost 1) because:
;       The first argument is a UNSIGNED-BYTE, not a FIXNUM.
;       The result is a (VALUES (INTEGER 1) &OPTIONAL), not a (VALUES FIXNUM &OPTIONAL).
;       unable to do inline fixnum arithmetic (cost 2) because:
;       The first argument is a UNSIGNED-BYTE, not a FIXNUM.
;       The result is a (VALUES (INTEGER 1) &OPTIONAL), not a (VALUES FIXNUM &OPTIONAL).
;       etc.

; in: DEFUN/TYPE NEXT-TASK
;     (DECF LPARALLEL.KERNEL::NOTIFY-COUNT)
; --> SB-IMPL::XSUBTRACT BLOCK 
; ==>
;   (- SB-IMPL::B SB-IMPL::A)
; 
; note: forced to do GENERIC-- (cost 10)
;       unable to do inline fixnum arithmetic (cost 1) because:
;       The first argument is a UNSIGNED-BYTE, not a FIXNUM.
;       The result is a (VALUES UNSIGNED-BYTE &OPTIONAL), not a (VALUES FIXNUM &OPTIONAL).
;       unable to do inline fixnum arithmetic (cost 2) because:
;       The first argument is a UNSIGNED-BYTE, not a FIXNUM.
;       The result is a (VALUES UNSIGNED-BYTE &OPTIONAL), not a (VALUES FIXNUM &OPTIONAL).
;       etc.

; file: D:/quicklisp/dists/quicklisp/software/lparallel-20160825-git/src/kernel-util.lisp
; in: DEFUN RECEIVE-RESULTS
;     (LPARALLEL.UTIL:REPEAT COUNT
;       (LPARALLEL.KERNEL-UTIL::STEAL-UNTIL-RECEIVE-RESULT LPARALLEL.KERNEL:CHANNEL
;                                                          LPARALLEL.KERNEL-UTIL::WORKER
;                                                          LPARALLEL.KERNEL-UTIL::FN))
; --> BLOCK LET CEILING 
; ==>
;   1
; 
; note: unable to optimize due to type uncertainty: The first argument is a REAL, not a SINGLE-FLOAT.
; 
; note: unable to optimize due to type uncertainty: The first argument is a REAL, not a DOUBLE-FLOAT.
; 
; note: unable to optimize due to type uncertainty: The first argument is a REAL, not a INTEGER.
; 
; note: unable to optimize due to type uncertainty: The first argument is a REAL, not a RATIONAL.
; 
; note: unable to optimize due to type uncertainty: The first argument is a REAL, not a (UNSIGNED-BYTE 62).
; 
; note: unable to convert division by 2^k to shift due to type uncertainty: The first argument is a REAL, not a INTEGER.
; 
; note: unable to optimize due to type uncertainty: The first argument is a REAL, not a INTEGER.
; 
; note: unable to fold division by 1 due to type uncertainty: The first argument is a REAL, not a INTEGER.

;     (LPARALLEL.KERNEL:DO-FAST-RECEIVES (LPARALLEL.KERNEL-UTIL::RESULT
;                                         LPARALLEL.KERNEL:CHANNEL COUNT)
;       (LOCALLY
;        (DECLARE (TYPE FUNCTION LPARALLEL.KERNEL-UTIL::FN))
;        (FUNCALL LPARALLEL.KERNEL-UTIL::FN LPARALLEL.KERNEL-UTIL::RESULT)))
; --> LPARALLEL.UTIL:REPEAT LOOP BLOCK LET CEILING 
; ==>
;   1
; 
; note: unable to optimize due to type uncertainty: The first argument is a REAL, not a SINGLE-FLOAT.
; 
; note: unable to optimize due to type uncertainty: The first argument is a REAL, not a DOUBLE-FLOAT.
; 
; note: unable to optimize due to type uncertainty: The first argument is a REAL, not a INTEGER.
; 
; note: unable to optimize due to type uncertainty: The first argument is a REAL, not a RATIONAL.
; 
; note: unable to optimize due to type uncertainty: The first argument is a REAL, not a (UNSIGNED-BYTE 62).
; 
; note: unable to convert division by 2^k to shift due to type uncertainty: The first argument is a REAL, not a INTEGER.
; 
; note: unable to optimize due to type uncertainty: The first argument is a REAL, not a INTEGER.
; 
; note: unable to fold division by 1 due to type uncertainty: The first argument is a REAL, not a INTEGER.

;     (LPARALLEL.KERNEL:DO-FAST-RECEIVES (LPARALLEL.KERNEL-UTIL::RESULT
;                                         LPARALLEL.KERNEL:CHANNEL COUNT)
;       (DECLARE (IGNORE LPARALLEL.KERNEL-UTIL::RESULT)))
; --> LPARALLEL.UTIL:REPEAT LOOP BLOCK LET CEILING 
; ==>
;   1
; 
; note: unable to optimize due to type uncertainty: The first argument is a REAL, not a SINGLE-FLOAT.
; 
; note: unable to optimize due to type uncertainty: The first argument is a REAL, not a DOUBLE-FLOAT.
; 
; note: unable to optimize due to type uncertainty: The first argument is a REAL, not a INTEGER.
; 
; note: unable to optimize due to type uncertainty: The first argument is a REAL, not a RATIONAL.
; 
; note: unable to optimize due to type uncertainty: The first argument is a REAL, not a (UNSIGNED-BYTE 62).
; 
; note: unable to convert division by 2^k to shift due to type uncertainty: The first argument is a REAL, not a INTEGER.
; 
; note: unable to optimize due to type uncertainty: The first argument is a REAL, not a INTEGER.
; 
; note: unable to fold division by 1 due to type uncertainty: The first argument is a REAL, not a INTEGER.

;     (LPARALLEL.KERNEL:DO-FAST-RECEIVES (LPARALLEL.KERNEL-UTIL::RESULT
;                                         LPARALLEL.KERNEL:CHANNEL COUNT)
;       (LOCALLY
;        (DECLARE (TYPE FUNCTION LPARALLEL.KERNEL-UTIL::FN))
;        (FUNCALL LPARALLEL.KERNEL-UTIL::FN LPARALLEL.KERNEL-UTIL::RESULT)))
; --> LPARALLEL.UTIL:REPEAT LOOP BLOCK LET TAGBODY IF <= 
; ==>
;   1
; 
; note: forced to do >-INTEGER-FIXNUM (cost 8)
;       unable to do inline fixnum comparison (cost 3) because:
;       The first argument is a INTEGER, not a FIXNUM.

; --> LPARALLEL.UTIL:REPEAT LOOP BLOCK LET TAGBODY IF DECF SETQ THE 
; --> SB-IMPL::XSUBTRACT BLOCK 
; ==>
;   (- SB-IMPL::B SB-IMPL::A)
; 
; note: forced to do GENERIC-- (cost 10)
;       unable to do inline fixnum arithmetic (cost 1) because:
;       The first argument is a (INTEGER 1), not a FIXNUM.
;       The result is a (VALUES UNSIGNED-BYTE &OPTIONAL), not a (VALUES FIXNUM &OPTIONAL).
;       unable to do inline fixnum arithmetic (cost 2) because:
;       The first argument is a (INTEGER 1), not a FIXNUM.
;       The result is a (VALUES UNSIGNED-BYTE &OPTIONAL), not a (VALUES FIXNUM &OPTIONAL).
;       etc.

;     (LPARALLEL.KERNEL:DO-FAST-RECEIVES (LPARALLEL.KERNEL-UTIL::RESULT
;                                         LPARALLEL.KERNEL:CHANNEL COUNT)
;       (DECLARE (IGNORE LPARALLEL.KERNEL-UTIL::RESULT)))
; --> LPARALLEL.UTIL:REPEAT LOOP BLOCK LET TAGBODY IF <= 
; ==>
;   1
; 
; note: forced to do >-INTEGER-FIXNUM (cost 8)
;       unable to do inline fixnum comparison (cost 3) because:
;       The first argument is a INTEGER, not a FIXNUM.

; --> LPARALLEL.UTIL:REPEAT LOOP BLOCK LET TAGBODY IF DECF SETQ THE 
; --> SB-IMPL::XSUBTRACT BLOCK 
; ==>
;   (- SB-IMPL::B SB-IMPL::A)
; 
; note: forced to do GENERIC-- (cost 10)
;       unable to do inline fixnum arithmetic (cost 1) because:
;       The first argument is a (INTEGER 1), not a FIXNUM.
;       The result is a (VALUES UNSIGNED-BYTE &OPTIONAL), not a (VALUES FIXNUM &OPTIONAL).
;       unable to do inline fixnum arithmetic (cost 2) because:
;       The first argument is a (INTEGER 1), not a FIXNUM.
;       The result is a (VALUES UNSIGNED-BYTE &OPTIONAL), not a (VALUES FIXNUM &OPTIONAL).
;       etc.

;     (LPARALLEL.UTIL:REPEAT COUNT
;       (LPARALLEL.KERNEL-UTIL::STEAL-UNTIL-RECEIVE-RESULT LPARALLEL.KERNEL:CHANNEL
;                                                          LPARALLEL.KERNEL-UTIL::WORKER
;                                                          LPARALLEL.KERNEL-UTIL::FN))
; --> BLOCK LET TAGBODY IF <= 
; ==>
;   1
; 
; note: forced to do >-INTEGER-FIXNUM (cost 8)
;       unable to do inline fixnum comparison (cost 3) because:
;       The first argument is a INTEGER, not a FIXNUM.

; --> BLOCK LET TAGBODY IF DECF SETQ THE SB-IMPL::XSUBTRACT BLOCK 
; ==>
;   (- SB-IMPL::B SB-IMPL::A)
; 
; note: forced to do GENERIC-- (cost 10)
;       unable to do inline fixnum arithmetic (cost 1) because:
;       The first argument is a (INTEGER 1), not a FIXNUM.
;       The result is a (VALUES UNSIGNED-BYTE &OPTIONAL), not a (VALUES FIXNUM &OPTIONAL).
;       unable to do inline fixnum arithmetic (cost 2) because:
;       The first argument is a (INTEGER 1), not a FIXNUM.
;       The result is a (VALUES UNSIGNED-BYTE &OPTIONAL), not a (VALUES FIXNUM &OPTIONAL).
;       etc.

; file: D:/quicklisp/dists/quicklisp/software/lparallel-20160825-git/src/ptree.lisp
; in: DEFUN/TYPE COMPUTE-PTREE
;     (DECF LPARALLEL.PTREE::PENDING)
; --> SB-IMPL::XSUBTRACT BLOCK 
; ==>
;   (- SB-IMPL::B SB-IMPL::A)
; 
; note: forced to do GENERIC-- (cost 10)
;       unable to do inline fixnum arithmetic (cost 1) because:
;       The first argument is a INTEGER, not a FIXNUM.
;       The result is a (VALUES INTEGER &OPTIONAL), not a (VALUES FIXNUM &OPTIONAL).
;       unable to do inline fixnum arithmetic (cost 2) because:
;       The first argument is a INTEGER, not a FIXNUM.
;       The result is a (VALUES INTEGER &OPTIONAL), not a (VALUES FIXNUM &OPTIONAL).
;       etc.

;     (INCF LPARALLEL.PTREE::PENDING)
; ==>
;   (+ 1 (LPARALLEL.PTREE::%%%%.PTREE.PENDING #:INSTANCE03))
; 
; note: forced to do GENERIC-+ (cost 10)
;       unable to do inline fixnum arithmetic (cost 1) because:
;       The first argument is a INTEGER, not a FIXNUM.
;       The result is a (VALUES INTEGER &OPTIONAL), not a (VALUES FIXNUM &OPTIONAL).
;       unable to do inline fixnum arithmetic (cost 2) because:
;       The first argument is a INTEGER, not a FIXNUM.
;       The result is a (VALUES INTEGER &OPTIONAL), not a (VALUES FIXNUM &OPTIONAL).
;       etc.

; file: D:/quicklisp/dists/quicklisp/software/lparallel-20160825-git/src/cognate/util.lisp
; in: DEFUN ITEM-PREDICATE
;     (EQL LPARALLEL.COGNATE::ITEM LPARALLEL.COGNATE::X)
; 
; note: forced to do IF-EQL (cost 15)
;       unable to do inline float comparison (cost 4) because:
;       The first argument is a T, not a SINGLE-FLOAT.
;       The second argument is a T, not a SINGLE-FLOAT.
;       unable to do inline float comparison (cost 4) because:
;       The first argument is a T, not a DOUBLE-FLOAT.
;       The second argument is a T, not a DOUBLE-FLOAT.
;       etc.

; file: D:/quicklisp/dists/quicklisp/software/lparallel-20160825-git/src/cognate/pmap.lisp
; in: DEFUN MAP-ITERATE
;     (DEFUN LPARALLEL.COGNATE::MAP-ITERATE
;            (MAP LPARALLEL.COGNATE::SIZE LPARALLEL.COGNATE::FN
;             LPARALLEL.COGNATE::SEQS)
;       "A variation of (map nil ...)/mapc/mapl with size constrained.
;   Without a result to delineate sublist boundaries, we must enforce them
;   manually."
;       (CHECK-TYPE LPARALLEL.COGNATE::SIZE (INTEGER 0))
;       (LET ((LPARALLEL.COGNATE::FN
;              (ALEXANDRIA:ENSURE-FUNCTION LPARALLEL.COGNATE::FN))
;             (LPARALLEL.UTIL:INDEX 0))
;         (APPLY MAP
;                (LAMBDA (&REST LPARALLEL.COGNATE::ARGS)
;                  (DECLARE #)
;                  (DECLARE #)
;                  (WHEN # #)
;                  (APPLY LPARALLEL.COGNATE::FN LPARALLEL.COGNATE::ARGS)
;                  (INCF LPARALLEL.UTIL:INDEX))
;                LPARALLEL.COGNATE::SEQS)))
; --> SB-IMPL::%DEFUN SB-IMPL::%DEFUN SB-INT:NAMED-LAMBDA FUNCTION 
; ==>
;   (BLOCK LPARALLEL.COGNATE::MAP-ITERATE
;     (CHECK-TYPE LPARALLEL.COGNATE::SIZE (INTEGER 0))
;     (LET ((LPARALLEL.COGNATE::FN
;            (ALEXANDRIA:ENSURE-FUNCTION LPARALLEL.COGNATE::FN))
;           (LPARALLEL.UTIL:INDEX 0))
;       (APPLY MAP
;              (LAMBDA (&REST LPARALLEL.COGNATE::ARGS)
;                (DECLARE #)
;                (DECLARE #)
;                (WHEN # #)
;                (APPLY LPARALLEL.COGNATE::FN LPARALLEL.COGNATE::ARGS)
;                (INCF LPARALLEL.UTIL:INDEX))
;              LPARALLEL.COGNATE::SEQS)))
; 
; note: Allocating a value-cell at runtime for checking possibly out of extent exit via (RETURN-FROM MAP-ITERATE NIL). Use GO/RETURN-FROM with
; SAFETY 0, or declare the exit function DYNAMIC-EXTENT to avoid.

;     (INCF LPARALLEL.UTIL:INDEX)
; 
; note: forced to do GENERIC-+ (cost 10)
;       unable to do inline fixnum arithmetic (cost 1) because:
;       The first argument is a UNSIGNED-BYTE, not a FIXNUM.
;       The result is a (VALUES (INTEGER 1) &OPTIONAL), not a (VALUES FIXNUM &OPTIONAL).
;       unable to do inline fixnum arithmetic (cost 2) because:
;       The first argument is a UNSIGNED-BYTE, not a FIXNUM.
;       The result is a (VALUES (INTEGER 1) &OPTIONAL), not a (VALUES FIXNUM &OPTIONAL).
;       etc.
  included technology: -propagation
  included technology: -plate-types
  included technology: -beam-substrate-init-checks
  included technology: -beam-substrate
  included technology: -apparatus-coordinates
  included technology: -switch
  included technology: -controls-init-checks
  included technology: -controls
  included technology: -recording-shadow-policy
  included technology: -gate
  included technology: gate
  included technology: -interaction-policy
  included technology: -physical-init-checks
  included technology: -support-occupancy
  included technology: plate
  included technology: -height
  included technology: -location-coordinates
  included technology: -elevation
  included technology: elevation
  included technology: -segment-geometry
  included technology: -location
  included technology: -position
  included technology: -holding
  included technology: -vertical
  included technology: -support-motion
  included technology: -configuration-transition
  included technology: -support-settling
  included technology: -support-elevation
  included technology: -placement
  included technology: -reachability
  included technology: -pickup
  included technology: tray
  included technology: box
  included technology: -reachability-coordinates
  included technology: reachability
  included technology: switch
  included technology: -recorder-fork-registry
  included technology: -gears-fan
  included technology: -floor-blowing
  included technology: floor-blower
  included technology: -passability
  included technology: -threat
  included technology: -mobility
  included technology: -traversal
  included technology: -mobility-action
  included technology: ladder
  included technology: step
  included technology: jump
  included technology: -visibility
  included technology: -beam-relay-init-checks
  included technology: beam-relay
  included technology: -walkability-coordinates
  included technology: -terrain-consistency
  included technology: walkability
  included technology: -beam-los-coordinates
  included technology: -beam-interpolation
  included technology: -beam-occlusion
  included technology: visibility
  included technology: topo-lower-bound
  included technology: -recorder-core
  included technology: -recorder-plate-shadow
  included technology: -recorder-receiver-shadow
  included technology: -recorder-switch-shadow
  included technology: -recorder-controls-shadow
  included technology: -recorder-jamming-shadow
  included technology: -recorder-gate-shadow
  included technology: -recorder-blower-shadow
  included technology: -recorder-solution
  included technology: -recorder-cycle-boundary
  included technology: -recorder-session
  included technology: -recorder-cycle-chaining
  included technology: -recorder-init-checks
  included technology: recorder
Installing object types...
Installing PROPAGATE-CHANGES! update-fn...
Installing PROPAGATE-CONSEQUENCES! update-fn...
Installing optional types...
Installing object types...
Installing optional types...
Installing object types...
Installing dynamic relations...
Installing static relations...
Installing UPDATE-RECEIVER-STATUS! update-fn...
Installing BEAM-REACHES-RECEIVER query-fn...
Installing RECORDING-SHADOW-BEAM-REACHES-RECEIVER query-fn...
Installing BEAM-LIVE-FOR-CUTTING query-fn...
Installing DIRECT-BEAM-REACHES-RECEIVER query-fn...
Installing RELAY-BEAM-REACHES-RECEIVER query-fn...
Installing RECORDING-SHADOW-DIRECT-BEAM-REACHES-RECEIVER query-fn...
Installing RECORDING-SHADOW-RELAY-BEAM-REACHES-RECEIVER query-fn...
Installing DIRECT-BEAM-LIVE-FOR-CUTTING query-fn...
Installing RELAY-BEAM-LIVE-FOR-CUTTING query-fn...
Installing BEAM-CUT query-fn...
Installing BEAM-CUT-IN query-fn...
Installing CURRENT-CROSSING-SET query-fn...
Installing FIXED-BEAM-CORRIDOR-CLEAR query-fn...
Installing FIXED-BEAM-CORRIDOR-CLEAR-FOR-OBJECT query-fn...
Installing COMPUTE-RELAY-LIGHTING query-fn...
Installing COMPUTE-RELAY-LIGHTING-FOR-OBJECT query-fn...
Installing BEAM-RELAY-SOURCE-DISTANCE query-fn...
Installing optional types...
Installing static relations...
Installing optional types...
Installing dynamic relations...
Installing optional types...
Installing object types...
Installing static relations...
Installing ENERGIZED query-fn...
Installing CONTROL-ON query-fn...
Installing RECORDING-SHADOW-OBJECT query-fn...
Installing RECORDING-SHADOW-OBJECT-PRESENT query-fn...
Installing RECORDING-SHADOW-TURNING query-fn...
Installing RECORDING-SHADOW-GATE-OPEN query-fn...
Installing optional types...
Installing dynamic relations...
Installing GATE-OPEN-FOR-OBJECT query-fn...
Installing optional types...
Installing UPDATE-GATE-STATUS! update-fn...
Installing OBJECT-MANIPULATION-ALLOWED query-fn...
Installing SUPPORT-USE-ALLOWED query-fn...
Installing SUPPORT-OCCUPANCY-CONFLICT-P query-fn...
Installing CONNECTOR-PAIRING-ALLOWED query-fn...
Installing CONNECTOR-LOCATION-CONFLICT-P query-fn...
Installing object types...
Installing dynamic relations...
Installing SUPPORT-OCCUPIED query-fn...
Installing CLEARTOP query-fn...
Installing dynamic relations...
Installing UPDATE-PLATE-STATUS! update-fn...
Installing optional types...
Installing object types...
Installing static relations...
Installing static relations...
Installing optional types...
Installing object types...
Installing static relations...
Installing optional types...
Installing static relations...
Installing WALL-SEGMENT-RECORDS query-fn...
Installing EDGE-SEGMENT-RECORDS query-fn...
Installing GATE-SEGMENT-RECORDS query-fn...
Installing WINDOW-SEGMENT-RECORDS query-fn...
Installing SCREEN-SEGMENT-RECORDS query-fn...
Installing object types...
Installing dynamic relations...
Installing object types...
Installing static relations...
Installing object types...
Installing dynamic relations...
Installing optional types...
Installing object types...
Installing BASE query-fn...
Installing FIXED-BASE query-fn...
Installing LOCATION-ELEVATION query-fn...
Installing LOCATION-LEVEL query-fn...
Installing TOP query-fn...
Installing OBJECT-HEIGHT query-fn...
Installing optional types...
Installing PHYSICAL-SUPPORTS-AT query-fn...
Installing SUPPORT-DEPENDENT-P query-fn...
Installing SUPPORT-CHILDREN query-fn...
Installing SUPPORT-GROUP query-fn...
Installing RELOCATE-STACK! update-fn...
Installing LANDING-SUPPORT query-fn...
Installing LAND-ON-SUPPORT! update-fn...
Installing optional types...
Installing AGENT-CONFIGURATION query-fn...
Installing CONFIGURATION-TRANSITION-RESULTS query-fn...
Installing RELOCATE-TRAY-AND-RIDERS! update-fn...
Installing APPLY-AGENT-CONFIGURATION! update-fn...
Installing TRAY-RELEASE-RIDERS query-fn...
Installing SETTLING-SUPPORT query-fn...
Installing RELEASED-RIDER-GROUP query-fn...
Installing RELEASED-RIDER-LANDINGS query-fn...
Installing SETTLE-RELEASED-RIDERS! update-fn...
Installing optional types...
Installing WITHIN-AGENT-VERTICAL-REACH query-fn...
Installing WITHIN-AGENT-PLACEMENT-REACH query-fn...
Installing optional types...
Installing PLACEMENT-CHOICE-ALLOWED query-fn...
Installing PLACEMENT-OPTIONS query-fn...
Installing PLACEMENT-ELEVATION query-fn...
Installing PLACE-HELD-OBJECT! update-fn...
Installing optional types...
Installing object types...
Installing REACHABLE query-fn...
Installing PICKUP-CLEAR query-fn...
Installing optional types...
Installing PICKUP-TRAY action...
Installing PUT-TRAY action...
Installing optional types...
Installing PICKUP-BOX action...
Installing PUT-BOX action...
Installing static relations...
Installing REACHABILITY-COORDINATES-TARGET-POINTS query-fn...
Installing REACHABILITY-COORDINATES-SOLID-RECORDS query-fn...
Installing REACHABILITY-COORDINATES-GATE-RECORDS query-fn...
Installing REACHABILITY-COORDINATES-SCREEN-RECORDS query-fn...
Installing REACHABILITY-COORDINATES-AUTHORED query-fn...
Installing REACHABILITY-COORDINATES-EMITTABLE query-fn...
Installing REACHABILITY-COORDINATES-UNUSED-DISALLOWALS query-fn...
Installing DERIVE-REACH-FROM-SEGMENTS init action...
Installing REACHABLE query-fn...
Installing REACHABLE-CLEAR query-fn...
Installing optional types...
Installing object types...
Installing dynamic relations...
Installing static relations...
Installing BLOWER-DRIVE query-fn...
Installing BLOWER-PRESENT query-fn...
Installing BLOWER-ELEVATION query-fn...
Installing BLOWER-TURNING-FOR-OBJECT query-fn...
Installing BLOWER-ACTIVE-FOR-OBJECT query-fn...
Installing UPDATE-BLOWER-STATUS! update-fn...
Installing PICKUP-FAN action...skipped (no instances for type: FAN)
Installing PUT-FAN action...skipped (no instances for type: FAN)
Installing MOUNT-FAN action...skipped (no instances for type: FAN)
Installing LOCATION-LEVEL query-fn...
Installing UPDATE-FLOOR-BLOWING-STATUS! update-fn...
Installing BLOW-OCCUPANTS-AWAY! update-fn...
Installing DROP-OCCUPANTS! update-fn...
Installing optional types...
Installing ALL-CLEAR query-fn...
Installing OBSTACLE-CLEAR query-fn...
Installing STREAM-OBSTACLE-CLEAR query-fn...
Installing optional types...
Installing object types...
Installing static relations...
Installing dynamic relations...
Installing SAFE query-fn...
Installing ENFORCE-THREAT-SAFETY! update-fn...
Installing MOBILITY-RESULTS query-fn...
Installing MOBILITY-LOCATIONS query-fn...
Installing TRAVERSABLE query-fn...
Installing object types...
Installing static relations...
Installing TRAVERSAL-SEGMENTS query-fn...
Installing TRAVERSAL-SEGMENTS-FOR-SOURCE query-fn...
Installing MOVEMENT-RESULTS query-fn...
Installing MOVE action...
Installing optional types...
Installing USABLE-LADDER-AT-SOURCE query-fn...
Installing POSITIONED-LADDERS-FOR-MEANS query-fn...
Installing LADDER-CONFIGURATION-TRANSITIONS query-fn...
Installing optional types...
Installing object types...
Installing STEP-SOURCE-CAN-MOUNT query-fn...
Installing STEP-SOURCE-CAN-DISMOUNT query-fn...
Installing STEPPABLE-FIXTURE-AT query-fn...
Installing STEP-CONFIGURATION-TRANSITIONS query-fn...
Installing optional types...
Installing object types...
Installing JUMP-ELEVATION-REACHABLE query-fn...
Installing VAULTABLE-OBJECT-PASSABLE query-fn...
Installing JUMP-BARRIER-TOP-ELEVATION query-fn...
Installing VAULTABLE-OBJECT-LIST query-fn...
Installing JUMP-REQUIRED-CLEARANCE-HEIGHT query-fn...
Installing JUMP-PATH-CLEAR query-fn...
Installing JUMP-LANDING-SUPPORT-AT query-fn...
Installing JUMP-CONFIGURATION-TRANSITIONS query-fn...
Installing optional types...
Installing object types...
Installing VISIBLE query-fn...
Installing VISIBLE-FOR-OBJECT query-fn...
Installing POTENTIALLY-VISIBLE query-fn...
Installing BEAM-VISIBLE query-fn...
Installing BEAM-VISIBLE-FOR-OBJECT query-fn...
Installing ELEVATION-VISIBLE-FOR-OBJECT query-fn...
Installing object types...
Installing optional types...
Installing dynamic relations...
Installing PICKUP-CONNECTOR action...
Installing PICKUP-CONNECTOR-RETAINING-PAIRINGS action...
Installing PUT-CONNECTOR action...
Installing CONNECT-CONNECTOR action...
Installing UPDATE-RELAY-STATUS! update-fn...
Installing RELAY-BEAM-REACHES-RECEIVER query-fn...
Installing RECORDING-SHADOW-RELAY-BEAM-REACHES-RECEIVER query-fn...
Installing COMPUTE-RELAY-LIGHTING query-fn...
Installing COMPUTE-RELAY-LIGHTING-FOR-OBJECT query-fn...
Installing RELAY-ANCHOR query-fn...
Installing RELAY-LINKED query-fn...
Installing RELAY-LINK-CLEAR query-fn...
Installing RELAY-LINK-CLEAR-FOR-OBJECT query-fn...
Installing PAIRED-RELAY-VISIBLE query-fn...
Installing PAIRED-RELAY-VISIBLE-FOR-OBJECT query-fn...
Installing RELAY-BEAM-LIVE-FOR-CUTTING query-fn...
Installing BEAM-RELAY-SOURCE-DISTANCE query-fn...
Installing CONNECTABLE-LOCATION query-fn...
Installing CONNECTABLE-TERMINUS query-fn...
Installing WALKABILITY-COORDINATES-SUPPORTED-DOOR-SOLID-PAIRS query-fn...
Installing WALKABILITY-COORDINATES-LOCATION-COORDS query-fn...
Installing WALKABILITY-COORDINATES-STREAM-SPECS query-fn...
Installing TERRAIN-COMPLAINTS query-fn...
Installing DERIVE-WALKING-FROM-SEGMENTS init action...
Installing TERRAIN-COMPLAINTS query-fn...
Installing TERRAIN-LOCATION-LEVELS query-fn...
Installing TERRAIN-EDGE-SPANS query-fn...
Installing ONE-STEP-WALKABLE query-fn...
Installing optional types...
Installing object types...
Installing BEAM-COORDINATES-ENDPOINT-POSITIONS query-fn...
Installing BEAM-COORDINATES-ENDPOINT-XY query-fn...
Installing BEAM-COORDINATES-ELEVATION-AT query-fn...
Installing DERIVE-LOS-FROM-SEGMENTS init action...
Installing BEAM-ELEVATION-AT-LOCATION query-fn...
Installing object types...
Installing BEAM-BLOCKER-OCCLUDES-LOCATION query-fn...
Installing BEAM-BLOCKER-OCCLUDES-LOCATION-FOR-OBJECT query-fn...
Installing BEAM-BLOCKER-SPANS-ELEVATION query-fn...
Installing object types...
Installing static relations...
Installing LOS-CLEAR-FOR-OBJECT query-fn...
Installing LOS-CROSSINGS-CLEAR-FOR-OBJECT query-fn...
Installing LOS-OCCLUDERS-CLEAR-FOR-OBJECT query-fn...
Installing LOS-LOCATION-OCCLUDED query-fn...
Installing LOS-BARRIER-CROSSINGS query-fn...
Installing RECORDED-BARRIERS-CLEAR-FOR-OBJECT query-fn...
Installing BARRIER-CROSSING-CLEAR-FOR-OBJECT query-fn...
Installing BEAM-ELEVATION-AT-LOCATION query-fn...
Installing VISIBLE query-fn...
Installing VISIBLE-FOR-OBJECT query-fn...
Installing BEAM-VISIBLE query-fn...
Installing BEAM-VISIBLE-FOR-OBJECT query-fn...
Installing ELEVATION-VISIBLE-FOR-OBJECT query-fn...
Installing POTENTIALLY-VISIBLE query-fn...
Installing VISIBLE-CLEAR query-fn...
Installing TOPO-RELAXED-HMAX-BOUND query-fn...
Installing TOPO-RELAXED-LM-CUT-BOUND query-fn...
Installing TOPO-FINITE-RESOURCE-BOUND query-fn...
Installing TOPO-FINITE-BEAM-RESOURCE-BOUND query-fn...
Installing TOPO-LM-CUT-RESOURCE-BOUND query-fn...
Installing optional types...
Installing static relations...
WARNING: redefining WOULDWORK::DERIVE-RECORDING-COPY-LITERALS in DEFUN
Installing dynamic relations...
Installing LIVE-RECORDING-OBJECT query-fn...
Installing GHOST-RECORDING-OBJECT query-fn...
Installing RECORDING-SHADOW-VIEW-OBJECT query-fn...
Installing SAME-RECORDING-SIDE query-fn...
Installing RECORDER-CYCLE-COUNT query-fn...
Installing RECORDING-SHADOW-OBJECT query-fn...
Installing RECORDING-SHADOW-OBJECT-PRESENT query-fn...
Installing OBJECT-MANIPULATION-ALLOWED query-fn...
Installing SUPPORT-USE-ALLOWED query-fn...
Installing SUPPORT-OCCUPANCY-CONFLICT-P query-fn...
Installing CONNECTOR-PAIRING-ALLOWED query-fn...
Installing CONNECTOR-LOCATION-CONFLICT-P query-fn...
Installing dynamic relations...
Installing RECORDING-PLATE-OCCUPIED query-fn...
Installing UPDATE-RECORDING-PLATE-STATUS! update-fn...
Installing dynamic relations...
Installing UPDATE-RECORDING-RECEIVER-STATUS! update-fn...
Installing dynamic relations...
Installing INITIALIZE-RECORDING-SWITCH-STATE! update-fn...
Installing RECORDING-CONTROLLER-ENERGIZED query-fn...
Installing RECORDING-CONTROL-ON query-fn...
Installing optional types...
Installing RECORDING-JAMMED query-fn...
Installing dynamic relations...
Installing RECORDING-SHADOW-GATE-OPEN query-fn...
Installing UPDATE-RECORDING-GATE-STATUS! update-fn...
Installing optional types...
Installing object types...
Installing dynamic relations...
Installing RECORDING-SHADOW-TURNING query-fn...
Installing UPDATE-RECORDING-BLOWER-STATUS! update-fn...
Installing RECORDING-AGENT-EMPTY-HANDED query-fn...
Installing RECORDER-CYCLE-ENDED query-fn...
Installing GHOST-STOPS-RECORDER query-fn...
Installing RECORDING-AGENT-CAN-CLOSE query-fn...
Installing RECORDING-AGENT-RETURN-ROUTE query-fn...
Installing RECORDING-AGENT-AT-RECORDER query-fn...
Installing RECORDER-CLOSED-GHOST-FREE query-fn...
Installing RECORDER-CYCLE-BOUNDARY-SAFE query-fn...
Installing optional types...
Installing CANCEL-PLAYBACK action...
Installing STOP-RECORDER action...
Creating initial propositional database...
Installing INITIALIZE-DERIVED-STATE init action...
Installing goal...
Initializing...
Installing TOGGLE-SWITCH action...
Installing START-RECORDER action...
Deriving propagation driver: UPDATE-PLATE-STATUS! UPDATE-RECORDING-PLATE-STATUS! UPDATE-GATE-STATUS! UPDATE-RECORDING-RECEIVER-STATUS! UPDATE-RECORDING-GATE-STATUS! UPDATE-RELAY-STATUS! UPDATE-RECEIVER-STATUS! UPDATE-BLOWER-STATUS! UPDATE-RECORDING-BLOWER-STATUS! UPDATE-FLOOR-BLOWING-STATUS! ENFORCE-THREAT-SAFETY! INITIALIZE-RECORDING-SWITCH-STATE!
Installing PROPAGATE-CONSEQUENCES! update-fn...
Optimizing lambda expressions and compiling...
  PICKUP-TRAY...
  PUT-TRAY...
  PICKUP-BOX...
  PUT-BOX...
  MOVE...
  PICKUP-CONNECTOR...
  PICKUP-CONNECTOR-RETAINING-PAIRINGS...
  PUT-CONNECTOR...
  CONNECT-CONNECTOR...
  CANCEL-PLAYBACK...
  STOP-RECORDER...
  TOGGLE-SWITCH...
  START-RECORDER...
  BEAM-REACHES-RECEIVER...
  RECORDING-SHADOW-BEAM-REACHES-RECEIVER...
  BEAM-LIVE-FOR-CUTTING...
  DIRECT-BEAM-REACHES-RECEIVER...
  RELAY-BEAM-REACHES-RECEIVER...
  RECORDING-SHADOW-DIRECT-BEAM-REACHES-RECEIVER...
  RECORDING-SHADOW-RELAY-BEAM-REACHES-RECEIVER...
  DIRECT-BEAM-LIVE-FOR-CUTTING...
  RELAY-BEAM-LIVE-FOR-CUTTING...
  BEAM-CUT...
  BEAM-CUT-IN...
  CURRENT-CROSSING-SET...
  FIXED-BEAM-CORRIDOR-CLEAR...
  FIXED-BEAM-CORRIDOR-CLEAR-FOR-OBJECT...
  COMPUTE-RELAY-LIGHTING...
  COMPUTE-RELAY-LIGHTING-FOR-OBJECT...
  BEAM-RELAY-SOURCE-DISTANCE...
  ENERGIZED...
  CONTROL-ON...
  RECORDING-SHADOW-OBJECT...
  RECORDING-SHADOW-OBJECT-PRESENT...
  RECORDING-SHADOW-TURNING...
  RECORDING-SHADOW-GATE-OPEN...
  GATE-OPEN-FOR-OBJECT...
  OBJECT-MANIPULATION-ALLOWED...
  SUPPORT-USE-ALLOWED...
  SUPPORT-OCCUPANCY-CONFLICT-P...
  CONNECTOR-PAIRING-ALLOWED...
  CONNECTOR-LOCATION-CONFLICT-P...
  SUPPORT-OCCUPIED...
  CLEARTOP...
  WALL-SEGMENT-RECORDS...
  EDGE-SEGMENT-RECORDS...
  GATE-SEGMENT-RECORDS...
  WINDOW-SEGMENT-RECORDS...
  SCREEN-SEGMENT-RECORDS...
  BASE...
  FIXED-BASE...
  LOCATION-ELEVATION...
  LOCATION-LEVEL...
  TOP...
  OBJECT-HEIGHT...
  PHYSICAL-SUPPORTS-AT...
  SUPPORT-DEPENDENT-P...
  SUPPORT-CHILDREN...
  SUPPORT-GROUP...
  LANDING-SUPPORT...
  AGENT-CONFIGURATION...
  CONFIGURATION-TRANSITION-RESULTS...
  TRAY-RELEASE-RIDERS...
  SETTLING-SUPPORT...
  RELEASED-RIDER-GROUP...
  RELEASED-RIDER-LANDINGS...
  WITHIN-AGENT-VERTICAL-REACH...
  WITHIN-AGENT-PLACEMENT-REACH...
  PLACEMENT-CHOICE-ALLOWED...
  PLACEMENT-OPTIONS...
  PLACEMENT-ELEVATION...
  REACHABLE...
  PICKUP-CLEAR...
  REACHABILITY-COORDINATES-TARGET-POINTS...
  REACHABILITY-COORDINATES-SOLID-RECORDS...
  REACHABILITY-COORDINATES-GATE-RECORDS...
  REACHABILITY-COORDINATES-SCREEN-RECORDS...
  REACHABILITY-COORDINATES-AUTHORED...
  REACHABILITY-COORDINATES-EMITTABLE...
  REACHABILITY-COORDINATES-UNUSED-DISALLOWALS...
  REACHABLE-CLEAR...
  BLOWER-DRIVE...
  BLOWER-PRESENT...
  BLOWER-ELEVATION...
  BLOWER-TURNING-FOR-OBJECT...
  BLOWER-ACTIVE-FOR-OBJECT...
  ALL-CLEAR...
  OBSTACLE-CLEAR...
  STREAM-OBSTACLE-CLEAR...
  SAFE...
  MOBILITY-RESULTS...
  MOBILITY-LOCATIONS...
  TRAVERSABLE...
  TRAVERSAL-SEGMENTS...
  TRAVERSAL-SEGMENTS-FOR-SOURCE...
  MOVEMENT-RESULTS...
  USABLE-LADDER-AT-SOURCE...
  POSITIONED-LADDERS-FOR-MEANS...
  LADDER-CONFIGURATION-TRANSITIONS...
  STEP-SOURCE-CAN-MOUNT...
  STEP-SOURCE-CAN-DISMOUNT...
  STEPPABLE-FIXTURE-AT...
  STEP-CONFIGURATION-TRANSITIONS...
  JUMP-ELEVATION-REACHABLE...
  VAULTABLE-OBJECT-PASSABLE...
  JUMP-BARRIER-TOP-ELEVATION...
  VAULTABLE-OBJECT-LIST...
  JUMP-REQUIRED-CLEARANCE-HEIGHT...
  JUMP-PATH-CLEAR...
  JUMP-LANDING-SUPPORT-AT...
  JUMP-CONFIGURATION-TRANSITIONS...
  VISIBLE...
  VISIBLE-FOR-OBJECT...
  POTENTIALLY-VISIBLE...
  BEAM-VISIBLE...
  BEAM-VISIBLE-FOR-OBJECT...
  ELEVATION-VISIBLE-FOR-OBJECT...
  RELAY-ANCHOR...
  RELAY-LINKED...
  RELAY-LINK-CLEAR...
  RELAY-LINK-CLEAR-FOR-OBJECT...
  PAIRED-RELAY-VISIBLE...
  PAIRED-RELAY-VISIBLE-FOR-OBJECT...
  CONNECTABLE-LOCATION...
  CONNECTABLE-TERMINUS...
  WALKABILITY-COORDINATES-SUPPORTED-DOOR-SOLID-PAIRS...
  WALKABILITY-COORDINATES-LOCATION-COORDS...
  WALKABILITY-COORDINATES-STREAM-SPECS...
  TERRAIN-COMPLAINTS...
  TERRAIN-LOCATION-LEVELS...
  TERRAIN-EDGE-SPANS...
  ONE-STEP-WALKABLE...
  BEAM-COORDINATES-ENDPOINT-POSITIONS...
  BEAM-COORDINATES-ENDPOINT-XY...
  BEAM-COORDINATES-ELEVATION-AT...
  BEAM-ELEVATION-AT-LOCATION...
  BEAM-BLOCKER-OCCLUDES-LOCATION...
  BEAM-BLOCKER-OCCLUDES-LOCATION-FOR-OBJECT...
  BEAM-BLOCKER-SPANS-ELEVATION...
  LOS-CLEAR-FOR-OBJECT...
  LOS-CROSSINGS-CLEAR-FOR-OBJECT...
  LOS-OCCLUDERS-CLEAR-FOR-OBJECT...
  LOS-LOCATION-OCCLUDED...
  LOS-BARRIER-CROSSINGS...
  RECORDED-BARRIERS-CLEAR-FOR-OBJECT...
  BARRIER-CROSSING-CLEAR-FOR-OBJECT...
  VISIBLE-CLEAR...
  TOPO-RELAXED-HMAX-BOUND...
  TOPO-RELAXED-LM-CUT-BOUND...
  TOPO-FINITE-RESOURCE-BOUND...
  TOPO-FINITE-BEAM-RESOURCE-BOUND...
  TOPO-LM-CUT-RESOURCE-BOUND...
  LIVE-RECORDING-OBJECT...
  GHOST-RECORDING-OBJECT...
  RECORDING-SHADOW-VIEW-OBJECT...
  SAME-RECORDING-SIDE...
  RECORDER-CYCLE-COUNT...
  RECORDING-PLATE-OCCUPIED...
  RECORDING-CONTROLLER-ENERGIZED...
  RECORDING-CONTROL-ON...
  RECORDING-JAMMED...
  RECORDING-AGENT-EMPTY-HANDED...
  RECORDER-CYCLE-ENDED...
  GHOST-STOPS-RECORDER...
  RECORDING-AGENT-CAN-CLOSE...
  RECORDING-AGENT-RETURN-ROUTE...
  RECORDING-AGENT-AT-RECORDER...
  RECORDER-CLOSED-GHOST-FREE...
  RECORDER-CYCLE-BOUNDARY-SAFE...
  PROPAGATE-CHANGES!...
  PROPAGATE-CONSEQUENCES!...
  UPDATE-RECEIVER-STATUS!...
  UPDATE-GATE-STATUS!...
  UPDATE-PLATE-STATUS!...
  RELOCATE-STACK!...
  LAND-ON-SUPPORT!...
  RELOCATE-TRAY-AND-RIDERS!...
  APPLY-AGENT-CONFIGURATION!...
  SETTLE-RELEASED-RIDERS!...
  PLACE-HELD-OBJECT!...
  UPDATE-BLOWER-STATUS!...
  UPDATE-FLOOR-BLOWING-STATUS!...
  BLOW-OCCUPANTS-AWAY!...
  DROP-OCCUPANTS!...
  ENFORCE-THREAT-SAFETY!...
  UPDATE-RELAY-STATUS!...
  UPDATE-RECORDING-PLATE-STATUS!...
  UPDATE-RECORDING-RECEIVER-STATUS!...
  INITIALIZE-RECORDING-SWITCH-STATE!...
  UPDATE-RECORDING-GATE-STATUS!...
  UPDATE-RECORDING-BLOWER-STATUS!...
  enum relation requires predicates...
  GOAL-FN...
Adding init-action propositions to initial database...
DERIVE-REACH-FROM-SEGMENTS...
DERIVE-WALKING-FROM-SEGMENTS...
DERIVE-LOS-FROM-SEGMENTS...
INITIALIZE-DERIVED-STATE...
Applying min-steps-remaining? to start state... = 0


Current parameter settings:
  *PROBLEM-NAME* => CRELAY-TOPO
  *PROBLEM-TYPE* => PLANNING
  *ALGORITHM* => DEPTH-FIRST
  *TREE-OR-GRAPH* => GRAPH
  *SOLUTION-TYPE* => MIN-LENGTH
  *DEPTH-CUTOFF* => 12
  *THREADS* => 16
  *RANDOMIZE-SEARCH* => NIL
  *DEBUG* => 0
  *PROBE* => NIL
  *GOAL* => (HAS-LOCATION AGENT1 LOCATION19)
  *SYMMETRY-PRUNING* => NIL
  *MAX-RECORDER-CYCLES* => UNLIMITED
  *RECORDER-PREFIX-PRUNING* => NIL
  *MAX-CONNECTOR-PAIRINGS* => 3
  *PROGRESS-REPORTING-INTERVAL* => 1,000,000
  *BRANCH* TO EXPLORE => ALL
  HEURISTIC? => NIL
  EXOGENOUS HAPPENINGS => NIL
  BOUNDING FUNCTION? => NIL
  MIN STEPS REMAINING? => YES

  For parallel settings: (display-parallel-parameters)

; 
; compilation unit finished
;   printed 61 notes
While evaluating the form starting at line 16, column 0
  of #P"D:/quicklisp/local-projects/wouldwork/doc/problems/crelay-topo/constraint-evidence/run-b2-baseline-2026-09-22.lisp":
Unhandled SIMPLE-ERROR in thread #<SB-THREAD:THREAD tid=32376 "main thread" RUNNING {1100D28083}>:
  *MIN-STEPS-PRUNING-ENABLED* is not a valid parameter name in (ww-set *MIN-STEPS-PRUNING-ENABLED* T).

Backtrace for: #<SB-THREAD:THREAD tid=32376 "main thread" RUNNING {1100D28083}>
0: (SB-DEBUG::DEBUGGER-DISABLED-HOOK #<SIMPLE-ERROR "~S is not a valid parameter name in (ww-set ~S ~S)." {112059E073}> #<unused argument> :QUIT T)
1: (SB-DEBUG::RUN-HOOK *INVOKE-DEBUGGER-HOOK* #<SIMPLE-ERROR "~S is not a valid parameter name in (ww-set ~S ~S)." {112059E073}>)
2: (INVOKE-DEBUGGER #<SIMPLE-ERROR "~S is not a valid parameter name in (ww-set ~S ~S)." {112059E073}>)
3: (ERROR "~S is not a valid parameter name in (ww-set ~S ~S)." *MIN-STEPS-PRUNING-ENABLED* *MIN-STEPS-PRUNING-ENABLED* T)
4: (CHECK-PROBLEM-PARAMETER *MIN-STEPS-PRUNING-ENABLED* T)
5: (SB-INT:SIMPLE-EVAL-IN-LEXENV (CHECK-PROBLEM-PARAMETER (QUOTE *MIN-STEPS-PRUNING-ENABLED*) (QUOTE T)) #<NULL-LEXENV>)
6: (SB-IMPL::SIMPLE-EVAL-PROGN-BODY ((REJECT-WORKER-READ-WRITE (QUOTE WW-SET)) (CHECK-PROBLEM-PARAMETER (QUOTE *MIN-STEPS-PRUNING-ENABLED*) (QUOTE T)) (CASE (QUOTE *MIN-STEPS-PRUNING-ENABLED*) (*WORKER-READ-SNAPSHOTS* (SETF *WORKER-READ-SNAPSHOTS* (QUOTE T)) (FORMAT T "~&Worker read snapshots: ~S (STAGE restores T)~%" (QUOTE T))) ((*DEPTH-CUTOFF* *PROGRESS-REPORTING-INTERVAL* *RANDOMIZE-SEARCH* *BRANCH* *AUTO-WAIT* *TASKS-PER-THREAD* *MIN-TASKS* *SPLIT-DEPTH-MAX* *BOUND-REFRESH-INTERVAL* *DONATION-CHECK-INTERVAL* *DONATION-THRESHOLD* *DONATION-FRACTION* ...) (SETF *MIN-STEPS-PRUNING-ENABLED* (QUOTE T)) . #1=((UNLESS *WW-LOADING* #2=# . #3=#))) (*SOLUTION-TYPE* (WHEN (AND #4=# #) (FORMAT T "~%Note: *solution-type* ~A requires optimality pruning, which the backtracking algorithm does not perform; all solutions will be enumerated without pruning.~%" #)) (SETF *MIN-STEPS-PRUNING-ENABLED* (QUOTE T)) . #1#) (*MAX-CONNECTOR-PAIRINGS* (SETF *MIN-STEPS-PRUNING-ENABLED* (QUOTE T)) (UNLESS *WW-LOADING* . #3#)) (*NUM-CLOSED-SHARDS* (SETF *NUM-CLOSED-SHARDS* (QUOTE T) *CLOSED-SHARD-MASK* (1- #)) . #1#) (*TREE-OR-GRAPH* (IF (AND #4# #) (FORMAT T "~2%When *algorithm* is backtracking, *tree-or-graph* must be set to tree.~2%") (PROGN # . #1#))) (*DEBUG* (WHEN *WW-LOADING* (ERROR "Please remove (ww-set *debug* ~S) from the current problem specification file.
                   Instead, enter it at the REPL after loading/staging)." #)) (SETF *MIN-STEPS-PRUNING-ENABLED* (QUOTE T)) #5=(IF (OR # *PROBE*) (PUSHNEW :WW-DEBUG *FEATURES*) (SETF *FEATURES* #)) . #6=(#2# (WITH-SILENCED-COMPILATION #))) (*ALGORITHM* (WHEN *WW-LOADING* (ERROR "Please remove (ww-set *algorithm* ~S) from the current problem specification file.
                   Instead, enter it at the REPL after loading/staging)." #)) (UNLESS *WW-LOADING* (SETF *MIN-STEPS-PRUNING-ENABLED* #) (WHEN # #) . #6#)) (*PROBE* (WHEN *WW-LOADING* (ERROR "Please remove (ww-set *probe* ~S) from the current problem specification file.
                   Instead, enter it at the REPL after loading/staging)." #)) (SETF *MIN-STEPS-PRUNING-ENABLED* (QUOTE T)) #5# (SETF *DEBUG* 0) . #6#) (*SYMMETRY-PRUNING* (SETF *MIN-STEPS-PRUNING-ENABLED* (QUOTE T)) (UNLESS *WW-LOADING* . #6#)) ...)) #<NULL-LEXENV>)
7: (SB-INT:SIMPLE-EVAL-IN-LEXENV (PROGN (REJECT-WORKER-READ-WRITE (QUOTE WW-SET)) (CHECK-PROBLEM-PARAMETER (QUOTE *MIN-STEPS-PRUNING-ENABLED*) (QUOTE T)) (CASE (QUOTE *MIN-STEPS-PRUNING-ENABLED*) (*WORKER-READ-SNAPSHOTS* (SETF *WORKER-READ-SNAPSHOTS* (QUOTE T)) (FORMAT T "~&Worker read snapshots: ~S (STAGE restores T)~%" (QUOTE T))) ((*DEPTH-CUTOFF* *PROGRESS-REPORTING-INTERVAL* *RANDOMIZE-SEARCH* *BRANCH* *AUTO-WAIT* *TASKS-PER-THREAD* *MIN-TASKS* *SPLIT-DEPTH-MAX* *BOUND-REFRESH-INTERVAL* *DONATION-CHECK-INTERVAL* *DONATION-THRESHOLD* *DONATION-FRACTION* ...) (SETF *MIN-STEPS-PRUNING-ENABLED* (QUOTE T)) . #1=((UNLESS *WW-LOADING* #2=# . #3=#))) (*SOLUTION-TYPE* (WHEN (AND #4=# #) (FORMAT T "~%Note: *solution-type* ~A requires optimality pruning, which the backtracking algorithm does not perform; all solutions will be enumerated without pruning.~%" #)) (SETF *MIN-STEPS-PRUNING-ENABLED* (QUOTE T)) . #1#) (*MAX-CONNECTOR-PAIRINGS* (SETF *MIN-STEPS-PRUNING-ENABLED* (QUOTE T)) (UNLESS *WW-LOADING* . #3#)) (*NUM-CLOSED-SHARDS* (SETF *NUM-CLOSED-SHARDS* (QUOTE T) *CLOSED-SHARD-MASK* (1- #)) . #1#) (*TREE-OR-GRAPH* (IF (AND #4# #) (FORMAT T "~2%When *algorithm* is backtracking, *tree-or-graph* must be set to tree.~2%") (PROGN # . #1#))) (*DEBUG* (WHEN *WW-LOADING* (ERROR "Please remove (ww-set *debug* ~S) from the current problem specification file.
                   Instead, enter it at the REPL after loading/staging)." #)) (SETF *MIN-STEPS-PRUNING-ENABLED* (QUOTE T)) #5=(IF (OR # *PROBE*) (PUSHNEW :WW-DEBUG *FEATURES*) (SETF *FEATURES* #)) . #6=(#2# (WITH-SILENCED-COMPILATION #))) (*ALGORITHM* (WHEN *WW-LOADING* (ERROR "Please remove (ww-set *algorithm* ~S) from the current problem specification file.
                   Instead, enter it at the REPL after loading/staging)." #)) (UNLESS *WW-LOADING* (SETF *MIN-STEPS-PRUNING-ENABLED* #) (WHEN # #) . #6#)) (*PROBE* (WHEN *WW-LOADING* (ERROR "Please remove (ww-set *probe* ~S) from the current problem specification file.
                   Instead, enter it at the REPL after loading/staging)." #)) (SETF *MIN-STEPS-PRUNING-ENABLED* (QUOTE T)) #5# (SETF *DEBUG* 0) . #6#) (*SYMMETRY-PRUNING* (SETF *MIN-STEPS-PRUNING-ENABLED* (QUOTE T)) (UNLESS *WW-LOADING* . #6#)) ...)) #<NULL-LEXENV>)
8: (SB-INT:SIMPLE-EVAL-IN-LEXENV (WW-SET *MIN-STEPS-PRUNING-ENABLED* T) #<NULL-LEXENV>)
9: (EVAL-TLF (WW-SET *MIN-STEPS-PRUNING-ENABLED* T) 9 NIL)
10: ((LABELS SB-FASL::EVAL-FORM :IN SB-INT:LOAD-AS-SOURCE) (WW-SET *MIN-STEPS-PRUNING-ENABLED* T) 9)
11: ((LAMBDA (SB-KERNEL:FORM &KEY :CURRENT-INDEX &ALLOW-OTHER-KEYS) :IN SB-INT:LOAD-AS-SOURCE) (WW-SET *MIN-STEPS-PRUNING-ENABLED* T) :CURRENT-INDEX 9)
12: (SB-C::%DO-FORMS-FROM-INFO #<FUNCTION (LAMBDA (SB-KERNEL:FORM &KEY :CURRENT-INDEX &ALLOW-OTHER-KEYS) :IN SB-INT:LOAD-AS-SOURCE) {5FF0DB}> #<SB-C::SOURCE-INFO {110AE7A5E3}> SB-C::INPUT-ERROR-IN-LOAD)
13: (SB-INT:LOAD-AS-SOURCE #<SB-INT:FORM-TRACKING-STREAM for "file D:\\quicklisp\\local-projects\\wouldwork\\doc\\problems\\crelay-topo\\constraint-evidence\\run-b2-baseline-2026-09-22.lisp" {110AE84083}> :VERBOSE NIL :PRINT NIL :CONTEXT "loading")
14: ((LABELS SB-FASL::LOAD-STREAM-1 :IN LOAD) #<SB-INT:FORM-TRACKING-STREAM for "file D:\\quicklisp\\local-projects\\wouldwork\\doc\\problems\\crelay-topo\\constraint-evidence\\run-b2-baseline-2026-09-22.lisp" {110AE84083}> NIL)
15: (SB-FASL::CALL-WITH-LOAD-BINDINGS #<FUNCTION (LABELS SB-FASL::LOAD-STREAM-1 :IN LOAD) {5FF49B}> #<SB-INT:FORM-TRACKING-STREAM for "file D:\\quicklisp\\local-projects\\wouldwork\\doc\\problems\\crelay-topo\\constraint-evidence\\run-b2-baseline-2026-09-22.lisp" {110AE84083}> NIL #<SB-INT:FORM-TRACKING-STREAM for "file D:\\quicklisp\\local-projects\\wouldwork\\doc\\problems\\crelay-topo\\constraint-evidence\\run-b2-baseline-2026-09-22.lisp" {110AE84083}>)
16: (LOAD #P"doc/problems/crelay-topo/constraint-evidence/run-b2-baseline-2026-09-22.lisp" :VERBOSE NIL :PRINT NIL :IF-DOES-NOT-EXIST :ERROR :EXTERNAL-FORMAT :DEFAULT)
17: (SB-IMPL::PROCESS-EVAL/LOAD-OPTIONS ((:LOAD . "doc/problems/crelay-topo/constraint-evidence/run-b2-baseline-2026-09-22.lisp") (:QUIT)))
18: (SB-IMPL::TOPLEVEL-INIT)
19: ((FLET SB-UNIX::BODY :IN SB-IMPL::START-LISP))
20: ((FLET "WITHOUT-INTERRUPTS-BODY-3" :IN SB-IMPL::START-LISP))
21: (SB-IMPL::%START-LISP)
22: ("foreign function: #x140048879")
23: ("foreign function: #x14000B260")

unhandled condition in --disable-debugger mode, quitting
Cleaning up resources and shutting down threads...
Cleanup completed.
