This is SBCL 2.6.8, an implementation of ANSI Common Lisp.
More information about SBCL is available at <http://www.sbcl.org/>.

SBCL is free software, provided as is, with absolutely no warranty.
It is mostly in the public domain; some portions are provided under
BSD-style licenses.  See the CREDITS and COPYING files in the
distribution for more information.
To load "bordeaux-threads":
  Load 1 ASDF system:
    bordeaux-threads
; Loading "bordeaux-threads"

To load "usocket":
  Load 1 ASDF system:
    usocket
; Loading "usocket"

To load "cl-json":
  Load 1 ASDF system:
    cl-json
; Loading "cl-json"

To load "flexi-streams":
  Load 1 ASDF system:
    flexi-streams
; Loading "flexi-streams"

To load "wouldwork":
  Load 1 ASDF system:
    wouldwork
; Loading "wouldwork"
.
Installing object types...
Installing dynamic relations...
Installing CLEARTOP? query-fn...
Installing PUT action...
Creating initial propositional database...
Installing goal....................................................
...........
Initializing...
Optimizing lambda expressions and compiling...
  PUT...
  CLEARTOP?...
  enum relation requires predicates...
  GOAL-FN...


Current parameter settings:
  *PROBLEM-NAME* => BLOCKS3
  *PROBLEM-TYPE* => PLANNING
  *ALGORITHM* => DEPTH-FIRST
  *TREE-OR-GRAPH* => TREE
  *SOLUTION-TYPE* => EVERY
  *DEPTH-CUTOFF* => 3
  *THREADS* => 0
  *RANDOMIZE-SEARCH* => NIL
  *DEBUG* => 0
  *PROBE* => NIL
  *GOAL* => (OR (AND (ON C T) (ON B C) (ON A B)) (AND (ON A T) (ON B A) (ON C B)))
  *SYMMETRY-PRUNING* => NIL
  *PROGRESS-REPORTING-INTERVAL* => 100,000
  *BRANCH* TO EXPLORE => ALL
  HEURISTIC? => NIL
  EXOGENOUS HAPPENINGS => NIL
  BOUNDING FUNCTION? => NIL
  MIN STEPS REMAINING? => NIL


  included technology: -propagation
  included technology: -plate-types
  included technology: -beam-substrate-init-checks
  included technology: -beam-substrate
  included technology: -apparatus-coordinates
  included technology: -switch
  included technology: -controls-init-checks
  included technology: -controls
  included technology: -recording-shadow-policy
  included technology: -gate
  included technology: gate
  included technology: -interaction-policy
  included technology: -physical-init-checks
  included technology: -support-occupancy
  included technology: plate
  included technology: -height
  included technology: -location-coordinates
  included technology: -elevation
  included technology: elevation
  included technology: -segment-geometry
  included technology: -location
  included technology: -position
  included technology: -holding
  included technology: -vertical
  included technology: -support-motion
  included technology: -configuration-transition
  included technology: -support-settling
  included technology: -support-elevation
  included technology: -placement
  included technology: -reachability
  included technology: -pickup
  included technology: tray
  included technology: box
  included technology: -reachability-coordinates
  included technology: reachability
  included technology: switch
  included technology: -recorder-fork-registry
  included technology: -gears-fan
  included technology: -floor-blowing
  included technology: floor-blower
  included technology: -passability
  included technology: -threat
  included technology: -mobility
  included technology: -traversal
  included technology: -mobility-action
  included technology: ladder
  included technology: step
  included technology: jump
  included technology: -visibility
  included technology: -beam-relay-init-checks
  included technology: beam-relay
  included technology: -walkability-coordinates
  included technology: -terrain-consistency
  included technology: walkability
  included technology: -beam-los-coordinates
  included technology: -beam-interpolation
  included technology: -beam-occlusion
  included technology: visibility
  included technology: topo-lower-bound
  included technology: -recorder-core
  included technology: -recorder-plate-shadow
  included technology: -recorder-receiver-shadow
  included technology: -recorder-switch-shadow
  included technology: -recorder-controls-shadow
  included technology: -recorder-jamming-shadow
  included technology: -recorder-gate-shadow
  included technology: -recorder-blower-shadow
  included technology: -recorder-solution
  included technology: -recorder-cycle-boundary
  included technology: -recorder-session
  included technology: -recorder-cycle-chaining
  included technology: -recorder-init-checks
  included technology: recorder
Installing object types...
Installing PROPAGATE-CHANGES! update-fn...
Installing PROPAGATE-CONSEQUENCES! update-fn...
Installing optional types...
Installing object types...
Installing optional types...
Installing object types...
Installing dynamic relations...
Installing static relations...
Installing UPDATE-RECEIVER-STATUS! update-fn...
Installing BEAM-REACHES-RECEIVER query-fn...
Installing RECORDING-SHADOW-BEAM-REACHES-RECEIVER query-fn...
Installing BEAM-LIVE-FOR-CUTTING query-fn...
Installing DIRECT-BEAM-REACHES-RECEIVER query-fn...
Installing RELAY-BEAM-REACHES-RECEIVER query-fn...
Installing RECORDING-SHADOW-DIRECT-BEAM-REACHES-RECEIVER query-fn...
Installing RECORDING-SHADOW-RELAY-BEAM-REACHES-RECEIVER query-fn...
Installing DIRECT-BEAM-LIVE-FOR-CUTTING query-fn...
Installing RELAY-BEAM-LIVE-FOR-CUTTING query-fn...
Installing BEAM-CUT query-fn...
Installing BEAM-CUT-IN query-fn...
Installing CURRENT-CROSSING-SET query-fn...
Installing FIXED-BEAM-CORRIDOR-CLEAR query-fn...
Installing FIXED-BEAM-CORRIDOR-CLEAR-FOR-OBJECT query-fn...
Installing COMPUTE-RELAY-LIGHTING query-fn...
Installing COMPUTE-RELAY-LIGHTING-FOR-OBJECT query-fn...
Installing BEAM-RELAY-SOURCE-DISTANCE query-fn...
Installing optional types...
Installing static relations...
Installing optional types...
Installing dynamic relations...
Installing optional types...
Installing object types...
Installing static relations...
Installing ENERGIZED query-fn...
Installing CONTROL-ON query-fn...
Installing RECORDING-SHADOW-OBJECT query-fn...
Installing RECORDING-SHADOW-OBJECT-PRESENT query-fn...
Installing RECORDING-SHADOW-TURNING query-fn...
Installing RECORDING-SHADOW-GATE-OPEN query-fn...
Installing optional types...
Installing dynamic relations...
Installing GATE-OPEN-FOR-OBJECT query-fn...
Installing optional types...
Installing UPDATE-GATE-STATUS! update-fn...
Installing OBJECT-MANIPULATION-ALLOWED query-fn...
Installing SUPPORT-USE-ALLOWED query-fn...
Installing SUPPORT-OCCUPANCY-CONFLICT-P query-fn...
Installing CONNECTOR-PAIRING-ALLOWED query-fn...
Installing CONNECTOR-LOCATION-CONFLICT-P query-fn...
Installing object types...
Installing dynamic relations...
Installing SUPPORT-OCCUPIED query-fn...
Installing CLEARTOP query-fn...
Installing dynamic relations...
Installing UPDATE-PLATE-STATUS! update-fn...
Installing optional types...
Installing object types...
Installing static relations...
Installing static relations...
Installing optional types...
Installing object types...
Installing static relations...
Installing optional types...
Installing static relations...
Installing WALL-SEGMENT-RECORDS query-fn...
Installing EDGE-SEGMENT-RECORDS query-fn...
Installing GATE-SEGMENT-RECORDS query-fn...
Installing WINDOW-SEGMENT-RECORDS query-fn...
Installing SCREEN-SEGMENT-RECORDS query-fn...
Installing object types...
Installing dynamic relations...
Installing object types...
Installing static relations...
Installing object types...
Installing dynamic relations...
Installing optional types...
Installing object types...
Installing BASE query-fn...
Installing FIXED-BASE query-fn...
Installing LOCATION-ELEVATION query-fn...
Installing LOCATION-LEVEL query-fn...
Installing TOP query-fn...
Installing OBJECT-HEIGHT query-fn...
Installing optional types...
Installing PHYSICAL-SUPPORTS-AT query-fn...
WARNING: redefining WOULDWORK::VERTICAL-AXIS-P in DEFUN
Installing SUPPORT-DEPENDENT-P query-fn...
WARNING: redefining WOULDWORK::VERTICAL-TYPE-ENTRY in DEFUN
WARNING: redefining WOULDWORK::LOCATION-ELEVATION-VALUE in DEFUN
Installing SUPPORT-CHILDREN query-fn...
Installing SUPPORT-GROUP query-fn...
Installing RELOCATE-STACK! update-fn...
Installing LANDING-SUPPORT query-fn...
Installing LAND-ON-SUPPORT! update-fn...
Installing optional types...
Installing AGENT-CONFIGURATION query-fn...
Installing CONFIGURATION-TRANSITION-RESULTS query-fn...
Installing RELOCATE-TRAY-AND-RIDERS! update-fn...
Installing APPLY-AGENT-CONFIGURATION! update-fn...
Installing TRAY-RELEASE-RIDERS query-fn...
Installing SETTLING-SUPPORT query-fn...
Installing RELEASED-RIDER-GROUP query-fn...
Installing RELEASED-RIDER-LANDINGS query-fn...
Installing SETTLE-RELEASED-RIDERS! update-fn...
Installing optional types...
Installing WITHIN-AGENT-VERTICAL-REACH query-fn...
Installing WITHIN-AGENT-PLACEMENT-REACH query-fn...
Installing optional types...
Installing PLACEMENT-CHOICE-ALLOWED query-fn...
Installing PLACEMENT-OPTIONS query-fn...
Installing PLACEMENT-ELEVATION query-fn...
Installing PLACE-HELD-OBJECT! update-fn...
Installing optional types...
Installing object types...
Installing REACHABLE query-fn...
Installing PICKUP-CLEAR query-fn...
Installing optional types...
Installing PICKUP-TRAY action...
Installing PUT-TRAY action...
Installing optional types...
Installing PICKUP-BOX action...
Installing PUT-BOX action...
WARNING: redefining WOULDWORK::REACHABILITY-COORDINATES-PAIR-SPEC in DEFUN
WARNING: redefining WOULDWORK::REACHABILITY-COORDINATES-WITHIN-LIMIT-P in DEFUN
WARNING: redefining WOULDWORK::REACHABILITY-COORDINATES-SPAN-MEETS-P in DEFUN
WARNING: redefining WOULDWORK::REACHABILITY-COORDINATES-CROSSES-P in DEFUN
WARNING: redefining WOULDWORK::REACHABILITY-COORDINATES-INTERSECTION-PARAMETERS in DEFUN
WARNING: redefining WOULDWORK::REACHABILITY-COORDINATES-BOUNDARY-RECORDS in DEFUN
WARNING: redefining WOULDWORK::REACHABILITY-COORDINATES-POINT in DEFUN
WARNING: redefining WOULDWORK::REPORT-UNUSED-REACH-DISALLOWALS in DEFUN
Installing static relations...
Installing REACHABILITY-COORDINATES-TARGET-POINTS query-fn...
Installing REACHABILITY-COORDINATES-SOLID-RECORDS query-fn...
Installing REACHABILITY-COORDINATES-GATE-RECORDS query-fn...
Installing REACHABILITY-COORDINATES-SCREEN-RECORDS query-fn...
Installing REACHABILITY-COORDINATES-AUTHORED query-fn...
Installing REACHABILITY-COORDINATES-EMITTABLE query-fn...
Installing REACHABILITY-COORDINATES-UNUSED-DISALLOWALS query-fn...
Installing DERIVE-REACH-FROM-SEGMENTS init action...
Installing REACHABLE query-fn...
WARNING: redefining WOULDWORK::INSTALL-TOGGLE-SWITCH in DEFUN
WARNING: redefining WOULDWORK::REGISTER-RECORDER-FORK-CLAUSE in DEFUN
Installing REACHABLE-CLEAR query-fn...
Installing optional types...
Installing object types...
Installing dynamic relations...
Installing static relations...
Installing BLOWER-DRIVE query-fn...
Installing BLOWER-PRESENT query-fn...
Installing BLOWER-ELEVATION query-fn...
Installing BLOWER-TURNING-FOR-OBJECT query-fn...
Installing BLOWER-ACTIVE-FOR-OBJECT query-fn...
Installing UPDATE-BLOWER-STATUS! update-fn...
Installing PICKUP-FAN action...skipped (no instances for type: FAN)
Installing PUT-FAN action...skipped (no instances for type: FAN)
Installing MOUNT-FAN action...skipped (no instances for type: FAN)
Installing LOCATION-LEVEL query-fn...
Installing UPDATE-FLOOR-BLOWING-STATUS! update-fn...
Installing BLOW-OCCUPANTS-AWAY! update-fn...
Installing DROP-OCCUPANTS! update-fn...
Installing optional types...
Installing ALL-CLEAR query-fn...
Installing OBSTACLE-CLEAR query-fn...
Installing STREAM-OBSTACLE-CLEAR query-fn...
Installing optional types...
Installing object types...
Installing static relations...
Installing dynamic relations...
Installing SAFE query-fn...
Installing ENFORCE-THREAT-SAFETY! update-fn...
Installing MOBILITY-RESULTS query-fn...
Installing MOBILITY-LOCATIONS query-fn...
Installing TRAVERSABLE query-fn...
Installing object types...
WARNING: redefining WOULDWORK::TRAVERSAL-FAMILY-UNION in DEFUN
WARNING: redefining WOULDWORK::TRAVERSAL-FAMILY-ADD-OBSTACLE in DEFUN
WARNING: redefining WOULDWORK::TRAVERSAL-FAMILY-ADD-OBSTACLES in DEFUN
WARNING: redefining WOULDWORK::TRAVERSAL-MINIMIZE-FAMILY in DEFUN
WARNING: redefining WOULDWORK::TRAVERSAL-CANONICAL-CLAUSE in DEFUN
WARNING: redefining WOULDWORK::TRAVERSAL-CLAUSE-PRECEDES-P in DEFUN
WARNING: redefining WOULDWORK::TRAVERSAL-NORMALIZE-FAMILY in DEFUN
WARNING: redefining WOULDWORK::TRAVERSAL-DEPENDENCY-KEY-P in DEFUN
Installing static relations...
WARNING: redefining WOULDWORK::TRAVERSAL-CACHE-KEY in DEFUN
WARNING: redefining WOULDWORK::TRAVERSAL-SEGMENTS-VALUE in DEFUN
Installing TRAVERSAL-SEGMENTS query-fn...
Installing TRAVERSAL-SEGMENTS-FOR-SOURCE query-fn...
Installing MOVEMENT-RESULTS query-fn...
Installing MOVE action...
Installing optional types...
Installing USABLE-LADDER-AT-SOURCE query-fn...
Installing POSITIONED-LADDERS-FOR-MEANS query-fn...
Installing LADDER-CONFIGURATION-TRANSITIONS query-fn...
Installing optional types...
Installing object types...
Installing STEP-SOURCE-CAN-MOUNT query-fn...
Installing STEP-SOURCE-CAN-DISMOUNT query-fn...
Installing STEPPABLE-FIXTURE-AT query-fn...
Installing STEP-CONFIGURATION-TRANSITIONS query-fn...
Installing optional types...
Installing object types...
Installing JUMP-ELEVATION-REACHABLE query-fn...
Installing VAULTABLE-OBJECT-PASSABLE query-fn...
Installing JUMP-BARRIER-TOP-ELEVATION query-fn...
Installing VAULTABLE-OBJECT-LIST query-fn...
Installing JUMP-REQUIRED-CLEARANCE-HEIGHT query-fn...
Installing JUMP-PATH-CLEAR query-fn...
Installing JUMP-LANDING-SUPPORT-AT query-fn...
Installing JUMP-CONFIGURATION-TRANSITIONS query-fn...
Installing optional types...
Installing object types...
Installing VISIBLE query-fn...
Installing VISIBLE-FOR-OBJECT query-fn...
Installing POTENTIALLY-VISIBLE query-fn...
Installing BEAM-VISIBLE query-fn...
Installing BEAM-VISIBLE-FOR-OBJECT query-fn...
Installing ELEVATION-VISIBLE-FOR-OBJECT query-fn...
Installing object types...
Installing optional types...
Installing dynamic relations...
Installing PICKUP-CONNECTOR action...
Installing PICKUP-CONNECTOR-RETAINING-PAIRINGS action...
Installing PUT-CONNECTOR action...
Installing CONNECT-CONNECTOR action...
Installing UPDATE-RELAY-STATUS! update-fn...
Installing RELAY-BEAM-REACHES-RECEIVER query-fn...
Installing RECORDING-SHADOW-RELAY-BEAM-REACHES-RECEIVER query-fn...
Installing COMPUTE-RELAY-LIGHTING query-fn...
Installing COMPUTE-RELAY-LIGHTING-FOR-OBJECT query-fn...
Installing RELAY-ANCHOR query-fn...
Installing RELAY-LINKED query-fn...
Installing RELAY-LINK-CLEAR query-fn...
Installing RELAY-LINK-CLEAR-FOR-OBJECT query-fn...
Installing PAIRED-RELAY-VISIBLE query-fn...
Installing PAIRED-RELAY-VISIBLE-FOR-OBJECT query-fn...
Installing RELAY-BEAM-LIVE-FOR-CUTTING query-fn...
Installing BEAM-RELAY-SOURCE-DISTANCE query-fn...
Installing CONNECTABLE-LOCATION query-fn...
Installing CONNECTABLE-TERMINUS query-fn...
WARNING: redefining WOULDWORK::WALKABILITY-COORDINATES-BUILD-ARRANGEMENT in DEFUN
WARNING: redefining WOULDWORK::WALKABILITY-COORDINATES-PAIR-SPEC in DEFUN
WARNING: redefining WOULDWORK::WALKABILITY-COORDINATES-RIDE-AUGMENTED-FAMILY in DEFUN
WARNING: redefining WOULDWORK::WALKABILITY-COORDINATES-STREAM-BAND in DEFUN
WARNING: redefining WOULDWORK::WALKABILITY-COORDINATES-STREAM-BACKSTOP in DEFUN
WARNING: redefining WOULDWORK::WALKABILITY-COORDINATES-ALONG-RANGE in DEFUN
WARNING: redefining WOULDWORK::WALKABILITY-COORDINATES-MEMBERSHIPS in DEFUN
WARNING: redefining WOULDWORK::WALKABILITY-COORDINATES-RESOLVE-LOCATION in DEFUN
WARNING: redefining WOULDWORK::WALKABILITY-COORDINATES-RESOLVE-IN-CELL in DEFUN
WARNING: redefining WOULDWORK::WALKABILITY-COORDINATES-RESOLVE-ON-LINE in DEFUN
WARNING: redefining WOULDWORK::WALKABILITY-COORDINATES-BAND-SIDE-ZONES in DEFUN
WARNING: redefining WOULDWORK::WALKABILITY-COORDINATES-FAMILY-TABLE in DEFUN
WARNING: redefining WOULDWORK::WALKABILITY-COORDINATES-RELAX-EDGE in DEFUN
WARNING: redefining WOULDWORK::WALKABILITY-COORDINATES-BOUNDARY-SEGMENTS in DEFUN
WARNING: redefining WOULDWORK::WALKABILITY-COORDINATES-ORIENTATION in DEFUN
WARNING: redefining WOULDWORK::WALKABILITY-COORDINATES-AXIS-COORDINATES in DEFUN
WARNING: redefining WOULDWORK::WALKABILITY-COORDINATES-INTERVAL-INDEX in DEFUN
WARNING: redefining WOULDWORK::WALKABILITY-COORDINATES-SEGMENT-INTERVAL-KEYS in DEFUN
WARNING: redefining WOULDWORK::WALKABILITY-COORDINATES-COVERAGE-TABLE in DEFUN
WARNING: redefining WOULDWORK::WALKABILITY-COORDINATES-SUPPORTED-OVERLAP-P in DEFUN
WARNING: redefining WOULDWORK::WALKABILITY-COORDINATES-DOOR-CLASS in DEFUN
WARNING: redefining WOULDWORK::WALKABILITY-COORDINATES-CHECK-STREAM-CONTENTION in DEFUN
WARNING: redefining WOULDWORK::WALKABILITY-COORDINATES-CLASSIFY-COVERAGE in DEFUN
WARNING: redefining WOULDWORK::WALKABILITY-COORDINATES-FLOOD-FILL in DEFUN
WARNING: redefining WOULDWORK::WALKABILITY-COORDINATES-OPEN-NEIGHBORS in DEFUN
WARNING: redefining WOULDWORK::WALKABILITY-COORDINATES-DOOR-EDGES in DEFUN
Installing WALKABILITY-COORDINATES-SUPPORTED-DOOR-SOLID-PAIRS query-fn...
Installing WALKABILITY-COORDINATES-LOCATION-COORDS query-fn...
Installing WALKABILITY-COORDINATES-STREAM-SPECS query-fn...
WARNING: redefining WOULDWORK::REPORT-TERRAIN-COMPLAINTS in DEFUN
Installing TERRAIN-COMPLAINTS query-fn...
Installing DERIVE-WALKING-FROM-SEGMENTS init action...
Installing TERRAIN-COMPLAINTS query-fn...
Installing TERRAIN-LOCATION-LEVELS query-fn...
WARNING: redefining WOULDWORK::TERRAIN-ARRANGEMENT-COMPLAINTS in DEFUN
WARNING: redefining WOULDWORK::TERRAIN-ARRANGEMENT-INVARIANT-COMPLAINTS in DEFUN
WARNING: redefining WOULDWORK::TERRAIN-ARRANGEMENT-POLICY-COMPLAINTS in DEFUN
WARNING: redefining WOULDWORK::TERRAIN-POLICY-COMPLAINTS-FOR-STATE in DEFUN
WARNING: redefining WOULDWORK::TERRAIN-ARRANGEMENT-FOR-STATE in DEFUN
WARNING: redefining WOULDWORK::TERRAIN-EDGE-COMPLAINTS in DEFUN
WARNING: redefining WOULDWORK::TERRAIN-EDGE-COMPLAINT in DEFUN
WARNING: redefining WOULDWORK::TERRAIN-UNCROSSED-EDGE-COMPLAINTS in DEFUN
WARNING: redefining WOULDWORK::TERRAIN-UNCROSSED-EDGE-COMPLAINT in DEFUN
WARNING: redefining WOULDWORK::TERRAIN-ZONE-PAIRS-CROSSED-P in DEFUN
WARNING: redefining WOULDWORK::TERRAIN-CHANGE-SPANS-PAIR-P in DEFUN
WARNING: redefining WOULDWORK::TERRAIN-LOCATIONS-IN-ZONES in DEFUN
WARNING: redefining WOULDWORK::TERRAIN-EDGE-STEPS in DEFUN
WARNING: redefining WOULDWORK::TERRAIN-EDGE-ZONE-PAIRS in DEFUN
WARNING: redefining WOULDWORK::TERRAIN-ZONE-PAIR-STEP in DEFUN
WARNING: redefining WOULDWORK::TERRAIN-ZONE-COMPLAINTS in DEFUN
WARNING: redefining WOULDWORK::TERRAIN-UNJOINED-LEVELS in DEFUN
WARNING: redefining WOULDWORK::TERRAIN-ZONE-LEVEL-PAIRS in DEFUN
WARNING: redefining WOULDWORK::TERRAIN-CHANGE-LEVEL in DEFUN
WARNING: redefining WOULDWORK::TERRAIN-ZONE-LOCATIONS-AT in DEFUN
WARNING: redefining WOULDWORK::TERRAIN-ZONE-LEVELS in DEFUN
WARNING: redefining WOULDWORK::TERRAIN-LOCATION-ZONES in DEFUN
WARNING: redefining WOULDWORK::TERRAIN-LEVEL-CHANGES in DEFUN
WARNING: redefining WOULDWORK::TERRAIN-AUTHORED-LEVEL-CHANGES in DEFUN
WARNING: redefining WOULDWORK::TERRAIN-FLOOR-DRIVE-RIDES in DEFUN
WARNING: redefining WOULDWORK::TERRAIN-LIFTING-DRIVE-P in DEFUN
Installing TERRAIN-EDGE-SPANS query-fn...
Installing ONE-STEP-WALKABLE query-fn...
Installing optional types...
WARNING: redefining WOULDWORK::BEAM-COORDINATES-COUPLED-BEAMS in DEFUN
WARNING: redefining WOULDWORK::BEAM-COORDINATES-POSITION in DEFUN
WARNING: redefining WOULDWORK::BEAM-COORDINATES-GATE-MIDPOINT in DEFUN
WARNING: redefining WOULDWORK::BEAM-COORDINATES-GATE-POSITIONS in DEFUN
WARNING: redefining WOULDWORK::BEAM-COORDINATES-BOUNDARY-SEGMENTS in DEFUN
WARNING: redefining WOULDWORK::BEAM-COORDINATES-SEGMENT-INTERSECTION-PARAMETERS in DEFUN
WARNING: redefining WOULDWORK::BEAM-COORDINATES-OBSTACLE-INTERSECTION-PARAMETER in DEFUN
WARNING: redefining WOULDWORK::BEAM-COORDINATES-BARRIER-CROSSING-RECORDS in DEFUN
WARNING: redefining WOULDWORK::BEAM-COORDINATES-BARRIER-CROSSINGS in DEFUN
WARNING: redefining WOULDWORK::BEAM-COORDINATES-GATE-OCCLUDERS in DEFUN
WARNING: redefining WOULDWORK::BEAM-COORDINATES-REVERSE-CROSSINGS in DEFUN
WARNING: redefining WOULDWORK::BEAM-COORDINATES-LOCATION-OCCLUDERS in DEFUN
WARNING: redefining WOULDWORK::BEAM-COORDINATES-PROJECTION-PARAMETER in DEFUN
WARNING: redefining WOULDWORK::BEAM-COORDINATES-LOCATION-OCCLUDES-BEAM in DEFUN
Installing object types...
Installing BEAM-COORDINATES-ENDPOINT-POSITIONS query-fn...
Installing BEAM-COORDINATES-ENDPOINT-XY query-fn...
Installing BEAM-COORDINATES-ELEVATION-AT query-fn...
Installing DERIVE-LOS-FROM-SEGMENTS init action...
Installing BEAM-ELEVATION-AT-LOCATION query-fn...
Installing object types...
Installing BEAM-BLOCKER-OCCLUDES-LOCATION query-fn...
Installing BEAM-BLOCKER-OCCLUDES-LOCATION-FOR-OBJECT query-fn...
Installing BEAM-BLOCKER-SPANS-ELEVATION query-fn...
Installing object types...
Installing static relations...
Installing LOS-CLEAR-FOR-OBJECT query-fn...
Installing LOS-CROSSINGS-CLEAR-FOR-OBJECT query-fn...
Installing LOS-OCCLUDERS-CLEAR-FOR-OBJECT query-fn...
Installing LOS-LOCATION-OCCLUDED query-fn...
Installing LOS-BARRIER-CROSSINGS query-fn...
Installing RECORDED-BARRIERS-CLEAR-FOR-OBJECT query-fn...
Installing BARRIER-CROSSING-CLEAR-FOR-OBJECT query-fn...
Installing BEAM-ELEVATION-AT-LOCATION query-fn...
Installing VISIBLE query-fn...
Installing VISIBLE-FOR-OBJECT query-fn...
Installing BEAM-VISIBLE query-fn...
Installing BEAM-VISIBLE-FOR-OBJECT query-fn...
Installing ELEVATION-VISIBLE-FOR-OBJECT query-fn...
Installing POTENTIALLY-VISIBLE query-fn...
Installing VISIBLE-CLEAR query-fn...
Installing TOPO-RELAXED-HMAX-BOUND query-fn...
Installing TOPO-RELAXED-LM-CUT-BOUND query-fn...
Installing TOPO-FINITE-RESOURCE-BOUND query-fn...
Installing TOPO-FINITE-BEAM-RESOURCE-BOUND query-fn...
Installing TOPO-LM-CUT-RESOURCE-BOUND query-fn...
Installing optional types...
Installing static relations...
WARNING: redefining WOULDWORK::DERIVE-RECORDING-COPY-LITERALS in DEFUN
WARNING: redefining WOULDWORK::REGISTER-RECORDER-SHADOW-LIFECYCLE in DEFUN
WARNING: redefining WOULDWORK::CLEAR-RECORDER-SHADOW-RELATION! in DEFUN
Installing dynamic relations...
Installing LIVE-RECORDING-OBJECT query-fn...
Installing GHOST-RECORDING-OBJECT query-fn...
Installing RECORDING-SHADOW-VIEW-OBJECT query-fn...
Installing SAME-RECORDING-SIDE query-fn...
Installing RECORDER-CYCLE-COUNT query-fn...
Installing RECORDING-SHADOW-OBJECT query-fn...
Installing RECORDING-SHADOW-OBJECT-PRESENT query-fn...
Installing OBJECT-MANIPULATION-ALLOWED query-fn...
Installing SUPPORT-USE-ALLOWED query-fn...
Installing SUPPORT-OCCUPANCY-CONFLICT-P query-fn...
Installing CONNECTOR-PAIRING-ALLOWED query-fn...
Installing CONNECTOR-LOCATION-CONFLICT-P query-fn...
Installing dynamic relations...
WARNING: redefining WOULDWORK::RESET-RECORDING-PLATE-SHADOW! in DEFUN
WARNING: redefining WOULDWORK::SEED-RECORDING-PLATE-SHADOW! in DEFUN
Installing RECORDING-PLATE-OCCUPIED query-fn...
Installing UPDATE-RECORDING-PLATE-STATUS! update-fn...
WARNING: redefining WOULDWORK::RESET-RECORDING-RECEIVER-SHADOW! in DEFUN
Installing dynamic relations...
Installing UPDATE-RECORDING-RECEIVER-STATUS! update-fn...
WARNING: redefining WOULDWORK::RESET-RECORDING-SWITCH-SHADOW! in DEFUN
WARNING: redefining WOULDWORK::SEED-RECORDING-SWITCH-SHADOW! in DEFUN
Installing dynamic relations...
Installing INITIALIZE-RECORDING-SWITCH-STATE! update-fn...
Installing RECORDING-CONTROLLER-ENERGIZED query-fn...
Installing RECORDING-CONTROL-ON query-fn...
Installing optional types...
Installing RECORDING-JAMMED query-fn...
WARNING: redefining WOULDWORK::RESET-RECORDING-GATE-SHADOW! in DEFUN
Installing dynamic relations...
Installing RECORDING-SHADOW-GATE-OPEN query-fn...
Installing UPDATE-RECORDING-GATE-STATUS! update-fn...
Installing optional types...
Installing object types...
WARNING: redefining WOULDWORK::RESET-RECORDING-BLOWER-SHADOW! in DEFUN
Installing dynamic relations...
Installing RECORDING-SHADOW-TURNING query-fn...
Installing UPDATE-RECORDING-BLOWER-STATUS! update-fn...
Installing RECORDING-AGENT-EMPTY-HANDED query-fn...
Installing RECORDER-CYCLE-ENDED query-fn...
Installing GHOST-STOPS-RECORDER query-fn...
Installing RECORDING-AGENT-CAN-CLOSE query-fn...
Installing RECORDING-AGENT-RETURN-ROUTE query-fn...
WARNING: redefining WOULDWORK::RECORDER-MOVE-AGENTS in DEFUN
WARNING: redefining WOULDWORK::RECORDER-REPORT-AGENT in DEFUN
WARNING: redefining WOULDWORK::RECORDER-REPORT-AGENT-SIDE in DEFUN
WARNING: redefining WOULDWORK::RECORDER-REPORT-MOVE-SIDE in DEFUN
WARNING: redefining WOULDWORK::RECORDER-INTERLEAVING-PRUNING-ENABLED-P in DEFUN
WARNING: redefining WOULDWORK::RECORDER-INTERLEAVING-ACTION-SIDE in DEFUN
WARNING: redefining WOULDWORK::RECORDER-INTERLEAVING-INVERSION-P in DEFUN
WARNING: redefining WOULDWORK::RECORDER-INTERLEAVING-OTHER-PREFIX-VALIDATION-ENABLED-P in DEFUN
WARNING: redefining WOULDWORK::RECORDER-INTERLEAVING-STATE-VALID-P in DEFUN
WARNING: redefining WOULDWORK::RECORDER-INTERLEAVING-EQUIVALENT-STATE-P in DEFUN
WARNING: redefining WOULDWORK::REPLAY-RECORDER-INTERLEAVING-STEP in DEFUN
WARNING: redefining WOULDWORK::RECORDER-INTERLEAVING-SWAP-CERTIFIED-P in DEFUN
WARNING: redefining WOULDWORK::PRUNE-RECORDER-INTERLEAVING-SUCCESSOR-P in DEFUN
WARNING: redefining WOULDWORK::RECORDER-PATH-MOVES-ON-SIDE in DEFUN
WARNING: redefining WOULDWORK::RECORDER-MOVE-ACTION-NAME in DEFUN
WARNING: redefining WOULDWORK::RECORDER-CYCLE-ENDING-ACTION-P in DEFUN
WARNING: redefining WOULDWORK::RECORDER-CYCLE-NORMAL-STOP-P in DEFUN
WARNING: redefining WOULDWORK::RECORDER-CYCLE-CANCELLATION-P in DEFUN
WARNING: redefining WOULDWORK::RECORDER-BOUNDARY-ERROR in DEFUN
WARNING: redefining WOULDWORK::PARSE-RECORDER-PATH in DEFUN
WARNING: redefining WOULDWORK::RECORDER-EXPLICIT-START in DEFUN
WARNING: redefining WOULDWORK::RECORDER-EXPLICIT-STOP in DEFUN
WARNING: redefining WOULDWORK::RECORDER-EXPLICIT-ENDING in DEFUN
WARNING: redefining WOULDWORK::RECORDER-BOUNDARY-DIAGNOSTIC in DEFUN
WARNING: redefining WOULDWORK::RECORDER-PATH-AFTER in DEFUN
WARNING: redefining WOULDWORK::RECORDER-PATH-BEFORE in DEFUN
WARNING: redefining WOULDWORK::RECORDER-PRE-RECORDING-PATH in DEFUN
WARNING: redefining WOULDWORK::RECORDER-RECORDING-WINDOW in DEFUN
WARNING: redefining WOULDWORK::RECORDER-RECORDING-PATH in DEFUN
WARNING: redefining WOULDWORK::RECORDER-ACTION-FAILURE-DIAGNOSTIC in DEFUN
WARNING: redefining WOULDWORK::RECORDER-PATH-BEFORE-CYCLE in DEFUN
WARNING: redefining WOULDWORK::RECORDER-PATH-CYCLE-RECORDING-PATH in DEFUN
WARNING: redefining WOULDWORK::RECORDER-PATH-CYCLE-SNAPSHOT in DEFUN
WARNING: redefining WOULDWORK::RECORDER-BOUNDARY-IDENTITY-STATE in DEFUN
WARNING: redefining WOULDWORK::RECORDER-BOUNDARY-IDENTITY-EQUAL-P in DEFUN
WARNING: redefining WOULDWORK::RECORDER-BOUNDARY-EQUIVALENT-P in DEFUN
WARNING: redefining WOULDWORK::RECORDER-CYCLE-OBJECTIVE-IMPROVED-P in DEFUN
WARNING: redefining WOULDWORK::RECORDER-COMPLETED-CYCLE-MADE-PROGRESS-P in DEFUN
WARNING: redefining WOULDWORK::RECORDER-NO-PROGRESS-DIAGNOSTIC in DEFUN
WARNING: redefining WOULDWORK::RESET-RECORDER-BOUNDARY-DOMINANCE in DEFUN
WARNING: redefining WOULDWORK::RECORDER-BOUNDARY-DOMINANCE-ENABLED-P in DEFUN
WARNING: redefining WOULDWORK::RECORDER-NORMALIZED-BOUNDARY-P in DEFUN
WARNING: redefining WOULDWORK::RECORDER-BOUNDARY-DOMINANCE-COST in DEFUN
WARNING: redefining WOULDWORK::RECORDER-BOUNDARY-ENTRY-MATCHES-P in DEFUN
WARNING: redefining WOULDWORK::RECORDER-BOUNDARY-ENTRY-DOMINATES-P in DEFUN
WARNING: redefining WOULDWORK::RECORDER-BOUNDARY-CANDIDATE-DOMINATES-P in DEFUN
WARNING: redefining WOULDWORK::UPDATE-RECORDER-BOUNDARY-DOMINANCE in DEFUN
WARNING: redefining WOULDWORK::PRUNE-RECORDER-BOUNDARY-DOMINATED-SUCCESSOR-P in DEFUN
WARNING: redefining WOULDWORK::RECORDER-RECORDING-SNAPSHOT in DEFUN
WARNING: redefining WOULDWORK::RECORDER-RECORDING-AGENTS in DEFUN
WARNING: redefining WOULDWORK::RECORDER-PREFIX-PRUNING-ENABLED-P in DEFUN
WARNING: redefining WOULDWORK::RECORDER-CYCLE-BOUNDARY-VALIDATION-ENABLED-P in DEFUN
WARNING: redefining WOULDWORK::RECORDER-ENDING-PREFIX-TRIGGER-P in DEFUN
WARNING: redefining WOULDWORK::RECORDER-RECORDING-PREFIX-TRIGGER-P in DEFUN
WARNING: redefining WOULDWORK::RECORDER-RECORDING-PREFIX-CHANGED-P in DEFUN
WARNING: redefining WOULDWORK::VALIDATE-RECORDER-PATH-CYCLE in DEFUN
WARNING: redefining WOULDWORK::VALIDATE-RECORDER-CYCLE-BOUNDARY-PREFIX in DEFUN
WARNING: redefining WOULDWORK::VALIDATE-RECORDER-RECORDING-PREFIX in DEFUN
WARNING: redefining WOULDWORK::VALIDATE-RECORDER-SOLUTION in DEFUN
WARNING: redefining WOULDWORK::RECORDER-CYCLE-RECORDING-SEQUENCE in DEFUN
WARNING: redefining WOULDWORK::RECORDER-RETURN-MOVES in DEFUN
WARNING: redefining WOULDWORK::RECORDER-CYCLE-PLAYBACK-SEQUENCE in DEFUN
WARNING: redefining WOULDWORK::RECORDER-CYCLE-RUNS in DEFUN
WARNING: redefining WOULDWORK::RECORDER-CYCLE-INTEGRATED-PATH in DEFUN
WARNING: redefining WOULDWORK::RECORDER-REPORT-METRICS in DEFUN
WARNING: redefining WOULDWORK::REPLAY-RECORDER-REPORT-SEGMENT in DEFUN
WARNING: redefining WOULDWORK::BUILD-RECORDER-CYCLE-REPORT in DEFUN
WARNING: redefining WOULDWORK::RECORDER-REPORT-CYCLES in DEFUN
WARNING: redefining WOULDWORK::RECORDER-LEGACY-REPORT-CYCLE in DEFUN
WARNING: redefining WOULDWORK::RECORDER-COMPLETE-SOLUTION-METRICS in DEFUN
WARNING: redefining WOULDWORK::BUILD-RECORDER-REPORT in DEFUN
WARNING: redefining WOULDWORK::PRINT-RECORDER-REPORT-SEQUENCE in DEFUN
WARNING: redefining WOULDWORK::PRINT-RECORDER-REPORT-METRICS in DEFUN
WARNING: redefining WOULDWORK::PRINT-RECORDER-CYCLE-REPORT in DEFUN
WARNING: redefining WOULDWORK::PRINT-RECORDER-REPORT in DEFUN
WARNING: redefining WOULDWORK::RECORDER-OBJECT-SIDE in DEFUN
WARNING: redefining WOULDWORK::RECORDER-VALUE-CONTAINS-GHOST-P in DEFUN
WARNING: redefining WOULDWORK::RECORDER-STATE-CONTAINS-GHOST-REFERENCE-P in DEFUN
Installing RECORDING-AGENT-AT-RECORDER query-fn...
WARNING: redefining WOULDWORK::RECORDER-CROSS-LAYER-ARGUMENTS-P in DEFUN
WARNING: redefining WOULDWORK::RECORDER-BOUNDARY-REFERENCE-RELATIONS in DEFUN
WARNING: redefining WOULDWORK::RECORDER-CROSS-LAYER-BOUNDARY-REFERENCE-P in DEFUN
WARNING: redefining WOULDWORK::RECORDER-CYCLE-AGENTS-READY-P in DEFUN
WARNING: redefining WOULDWORK::RECORDER-CYCLE-BOUNDARY-SAFE-P in DEFUN
Installing RECORDER-CLOSED-GHOST-FREE query-fn...
WARNING: redefining WOULDWORK::RECORDER-CYCLE-GOAL in DEFUN
WARNING: redefining WOULDWORK::RECORDER-CYCLE-BOUNDARY-CLOSED-P in DEFUN
WARNING: redefining WOULDWORK::RESET-RECORDER-CYCLE-SHADOW! in DEFUN
WARNING: redefining WOULDWORK::SEED-RECORDER-CYCLE-SHADOW! in DEFUN
WARNING: redefining WOULDWORK::RECORDER-CYCLE-STATE-CONSISTENT-P in DEFUN
WARNING: redefining WOULDWORK::NORMALIZE-RECORDER-CYCLE-SHADOW! in DEFUN
WARNING: redefining WOULDWORK::REMOVE-RECORDER-GHOST-STATE! in DEFUN
WARNING: redefining WOULDWORK::CLOSE-RECORDER-CYCLE-STATE! in DEFUN
WARNING: redefining WOULDWORK::PREPARE-RECORDER-CYCLE-STATE in DEFUN
Installing RECORDER-CYCLE-BOUNDARY-SAFE query-fn...
WARNING: redefining WOULDWORK::INSTALL-START-RECORDER in DEFUN
Installing optional types...
Installing CANCEL-PLAYBACK action...
WARNING: redefining WOULDWORK::COPY-RECORDER-SUBGOAL-SEGMENT-DEEPLY in DEFUN
WARNING: redefining WOULDWORK::COPY-ACTIVE-RECORDER-SUBGOAL-CHAIN in DEFUN
WARNING: redefining WOULDWORK::RESTORE-RECORDER-SUBGOAL-CHAIN in DEFUN
WARNING: redefining WOULDWORK::RECORDER-STATE-RECORDING-OPEN-P in DEFUN
WARNING: redefining WOULDWORK::RECORDER-STATE-CYCLE-COUNT in DEFUN
WARNING: redefining WOULDWORK::RECORDER-SUBGOAL-CHAIN-ORIGIN in DEFUN
WARNING: redefining WOULDWORK::RECORDER-SUBGOAL-CHAIN-SEGMENTS in DEFUN
WARNING: redefining WOULDWORK::RECORDER-SUBGOAL-CHAIN-PATH in DEFUN
WARNING: redefining WOULDWORK::RECORDER-SUBGOAL-REPLAY-STATE-EQUAL-P in DEFUN
WARNING: redefining WOULDWORK::MAKE-RECORDER-SUBGOAL-CUMULATIVE-SOLUTION in DEFUN
WARNING: redefining WOULDWORK::VALIDATE-RECORDER-SUBGOAL-SEGMENT-REPLAYS in DEFUN
WARNING: redefining WOULDWORK::VALIDATE-RECORDER-SUBGOAL-CUMULATIVE-PATH in DEFUN
WARNING: redefining WOULDWORK::PRINT-RECORDER-SUBGOAL-STATUS in DEFUN
WARNING: redefining WOULDWORK::PRINT-RECORDER-SUBGOAL-CHAIN-REPORT in DEFUN
WARNING: redefining WOULDWORK::PRINT-RECORDER-CHECKPOINT-PHASES in DEFUN
WARNING: redefining WOULDWORK::INSTALL-RECORDER-SUBGOAL-BASELINE in DEFUN
WARNING: redefining WOULDWORK::VALIDATE-RECORDER-SUBGOAL-ORCHESTRATION in DEFUN
WARNING: redefining WOULDWORK::RUN-RECORDER-SUBGOAL-PLANNER in DEFUN
WARNING: redefining WOULDWORK::SNAPSHOT-RECORDER-GOAL-CHAIN-SETTINGS in DEFUN
WARNING: redefining WOULDWORK::CALL-WITH-RECORDER-GOAL-CHAIN-SETTINGS in DEFUN
WARNING: redefining WOULDWORK::RECORDER-GOAL-CHAIN-STATE-CONTEXT in DEFUN
WARNING: redefining WOULDWORK::SCREEN-RECORDER-CANDIDATE-STATE in DEFUN
WARNING: redefining WOULDWORK::ENSURE-RECORDER-CHAIN-FOR-GOAL-CHAIN-SESSION in DEFUN
WARNING: redefining WOULDWORK::RECORDER-PHASE-SOLUTION-TYPE in DEFUN
WARNING: redefining WOULDWORK::RECORDER-SEGMENTS-FROM-GOAL-CHAIN-PHASES in DEFUN
WARNING: redefining WOULDWORK::VALIDATE-RECORDER-GOAL-CHAIN-PREFIX in DEFUN
WARNING: redefining WOULDWORK::COMMIT-RECORDER-GOAL-CHAIN in DEFUN
WARNING: redefining WOULDWORK::SOLVE-RECORDER-SUBGOAL-FORM in DEFUN
WARNING: redefining WOULDWORK::SOLVE-RECORDER-FINAL in DEFUN
Installing STOP-RECORDER action...
Creating initial propositional database...
Installing INITIALIZE-DERIVED-STATE init action...
Installing goal...
Initializing...
Installing TOGGLE-SWITCH action...
Installing START-RECORDER action...
Deriving propagation driver: UPDATE-PLATE-STATUS! UPDATE-RECORDING-PLATE-STATUS! UPDATE-GATE-STATUS! UPDATE-RECORDING-RECEIVER-STATUS! UPDATE-RECORDING-GATE-STATUS! UPDATE-RELAY-STATUS! UPDATE-RECEIVER-STATUS! UPDATE-BLOWER-STATUS! UPDATE-RECORDING-BLOWER-STATUS! UPDATE-FLOOR-BLOWING-STATUS! ENFORCE-THREAT-SAFETY! INITIALIZE-RECORDING-SWITCH-STATE!
Installing PROPAGATE-CONSEQUENCES! update-fn...
Optimizing lambda expressions and compiling...
  PICKUP-TRAY...
  PUT-TRAY...
  PICKUP-BOX...
  PUT-BOX...
  MOVE...
  PICKUP-CONNECTOR...
  PICKUP-CONNECTOR-RETAINING-PAIRINGS...
  PUT-CONNECTOR...
  CONNECT-CONNECTOR...
  CANCEL-PLAYBACK...
  STOP-RECORDER...
  TOGGLE-SWITCH...
  START-RECORDER...
  BEAM-REACHES-RECEIVER...
  RECORDING-SHADOW-BEAM-REACHES-RECEIVER...
  BEAM-LIVE-FOR-CUTTING...
  DIRECT-BEAM-REACHES-RECEIVER...
  RELAY-BEAM-REACHES-RECEIVER...
  RECORDING-SHADOW-DIRECT-BEAM-REACHES-RECEIVER...
  RECORDING-SHADOW-RELAY-BEAM-REACHES-RECEIVER...
  DIRECT-BEAM-LIVE-FOR-CUTTING...
  RELAY-BEAM-LIVE-FOR-CUTTING...
  BEAM-CUT...
  BEAM-CUT-IN...
  CURRENT-CROSSING-SET...
  FIXED-BEAM-CORRIDOR-CLEAR...
  FIXED-BEAM-CORRIDOR-CLEAR-FOR-OBJECT...
  COMPUTE-RELAY-LIGHTING...
  COMPUTE-RELAY-LIGHTING-FOR-OBJECT...
  BEAM-RELAY-SOURCE-DISTANCE...
  ENERGIZED...
  CONTROL-ON...
  RECORDING-SHADOW-OBJECT...
  RECORDING-SHADOW-OBJECT-PRESENT...
  RECORDING-SHADOW-TURNING...
  RECORDING-SHADOW-GATE-OPEN...
  GATE-OPEN-FOR-OBJECT...
  OBJECT-MANIPULATION-ALLOWED...
  SUPPORT-USE-ALLOWED...
  SUPPORT-OCCUPANCY-CONFLICT-P...
  CONNECTOR-PAIRING-ALLOWED...
  CONNECTOR-LOCATION-CONFLICT-P...
  SUPPORT-OCCUPIED...
  CLEARTOP...
  WALL-SEGMENT-RECORDS...
  EDGE-SEGMENT-RECORDS...
  GATE-SEGMENT-RECORDS...
  WINDOW-SEGMENT-RECORDS...
  SCREEN-SEGMENT-RECORDS...
  BASE...
  FIXED-BASE...
  LOCATION-ELEVATION...
  LOCATION-LEVEL...
  TOP...
  OBJECT-HEIGHT...
  PHYSICAL-SUPPORTS-AT...
  SUPPORT-DEPENDENT-P...
  SUPPORT-CHILDREN...
  SUPPORT-GROUP...
  LANDING-SUPPORT...
  AGENT-CONFIGURATION...
  CONFIGURATION-TRANSITION-RESULTS...
  TRAY-RELEASE-RIDERS...
  SETTLING-SUPPORT...
  RELEASED-RIDER-GROUP...
  RELEASED-RIDER-LANDINGS...
  WITHIN-AGENT-VERTICAL-REACH...
  WITHIN-AGENT-PLACEMENT-REACH...
  PLACEMENT-CHOICE-ALLOWED...
  PLACEMENT-OPTIONS...
  PLACEMENT-ELEVATION...
  REACHABLE...
  PICKUP-CLEAR...
  REACHABILITY-COORDINATES-TARGET-POINTS...
  REACHABILITY-COORDINATES-SOLID-RECORDS...
  REACHABILITY-COORDINATES-GATE-RECORDS...
  REACHABILITY-COORDINATES-SCREEN-RECORDS...
  REACHABILITY-COORDINATES-AUTHORED...
  REACHABILITY-COORDINATES-EMITTABLE...
  REACHABILITY-COORDINATES-UNUSED-DISALLOWALS...
  REACHABLE-CLEAR...
  BLOWER-DRIVE...
  BLOWER-PRESENT...
  BLOWER-ELEVATION...
  BLOWER-TURNING-FOR-OBJECT...
  BLOWER-ACTIVE-FOR-OBJECT...
  ALL-CLEAR...
  OBSTACLE-CLEAR...
  STREAM-OBSTACLE-CLEAR...
  SAFE...
  MOBILITY-RESULTS...
  MOBILITY-LOCATIONS...
  TRAVERSABLE...
  TRAVERSAL-SEGMENTS...
  TRAVERSAL-SEGMENTS-FOR-SOURCE...
  MOVEMENT-RESULTS...
  USABLE-LADDER-AT-SOURCE...
  POSITIONED-LADDERS-FOR-MEANS...
  LADDER-CONFIGURATION-TRANSITIONS...
  STEP-SOURCE-CAN-MOUNT...
  STEP-SOURCE-CAN-DISMOUNT...
  STEPPABLE-FIXTURE-AT...
  STEP-CONFIGURATION-TRANSITIONS...
  JUMP-ELEVATION-REACHABLE...
  VAULTABLE-OBJECT-PASSABLE...
  JUMP-BARRIER-TOP-ELEVATION...
  VAULTABLE-OBJECT-LIST...
  JUMP-REQUIRED-CLEARANCE-HEIGHT...
  JUMP-PATH-CLEAR...
  JUMP-LANDING-SUPPORT-AT...
  JUMP-CONFIGURATION-TRANSITIONS...
  VISIBLE...
  VISIBLE-FOR-OBJECT...
  POTENTIALLY-VISIBLE...
  BEAM-VISIBLE...
  BEAM-VISIBLE-FOR-OBJECT...
  ELEVATION-VISIBLE-FOR-OBJECT...
  RELAY-ANCHOR...
  RELAY-LINKED...
  RELAY-LINK-CLEAR...
  RELAY-LINK-CLEAR-FOR-OBJECT...
  PAIRED-RELAY-VISIBLE...
  PAIRED-RELAY-VISIBLE-FOR-OBJECT...
  CONNECTABLE-LOCATION...
  CONNECTABLE-TERMINUS...
  WALKABILITY-COORDINATES-SUPPORTED-DOOR-SOLID-PAIRS...
  WALKABILITY-COORDINATES-LOCATION-COORDS...
  WALKABILITY-COORDINATES-STREAM-SPECS...
  TERRAIN-COMPLAINTS...
  TERRAIN-LOCATION-LEVELS...
  TERRAIN-EDGE-SPANS...
  ONE-STEP-WALKABLE...
  BEAM-COORDINATES-ENDPOINT-POSITIONS...
  BEAM-COORDINATES-ENDPOINT-XY...
  BEAM-COORDINATES-ELEVATION-AT...
  BEAM-ELEVATION-AT-LOCATION...
  BEAM-BLOCKER-OCCLUDES-LOCATION...
  BEAM-BLOCKER-OCCLUDES-LOCATION-FOR-OBJECT...
  BEAM-BLOCKER-SPANS-ELEVATION...
  LOS-CLEAR-FOR-OBJECT...
  LOS-CROSSINGS-CLEAR-FOR-OBJECT...
  LOS-OCCLUDERS-CLEAR-FOR-OBJECT...
  LOS-LOCATION-OCCLUDED...
  LOS-BARRIER-CROSSINGS...
  RECORDED-BARRIERS-CLEAR-FOR-OBJECT...
  BARRIER-CROSSING-CLEAR-FOR-OBJECT...
  VISIBLE-CLEAR...
  TOPO-RELAXED-HMAX-BOUND...
  TOPO-RELAXED-LM-CUT-BOUND...
  TOPO-FINITE-RESOURCE-BOUND...
  TOPO-FINITE-BEAM-RESOURCE-BOUND...
  TOPO-LM-CUT-RESOURCE-BOUND...
  LIVE-RECORDING-OBJECT...
  GHOST-RECORDING-OBJECT...
  RECORDING-SHADOW-VIEW-OBJECT...
  SAME-RECORDING-SIDE...
  RECORDER-CYCLE-COUNT...
  RECORDING-PLATE-OCCUPIED...
  RECORDING-CONTROLLER-ENERGIZED...
  RECORDING-CONTROL-ON...
  RECORDING-JAMMED...
  RECORDING-AGENT-EMPTY-HANDED...
  RECORDER-CYCLE-ENDED...
  GHOST-STOPS-RECORDER...
  RECORDING-AGENT-CAN-CLOSE...
  RECORDING-AGENT-RETURN-ROUTE...
  RECORDING-AGENT-AT-RECORDER...
  RECORDER-CLOSED-GHOST-FREE...
  RECORDER-CYCLE-BOUNDARY-SAFE...
  PROPAGATE-CHANGES!...
  PROPAGATE-CONSEQUENCES!...
  UPDATE-RECEIVER-STATUS!...
  UPDATE-GATE-STATUS!...
  UPDATE-PLATE-STATUS!...
  RELOCATE-STACK!...
  LAND-ON-SUPPORT!...
  RELOCATE-TRAY-AND-RIDERS!...
  APPLY-AGENT-CONFIGURATION!...
  SETTLE-RELEASED-RIDERS!...
  PLACE-HELD-OBJECT!...
  UPDATE-BLOWER-STATUS!...
  UPDATE-FLOOR-BLOWING-STATUS!...
  BLOW-OCCUPANTS-AWAY!...
  DROP-OCCUPANTS!...
  ENFORCE-THREAT-SAFETY!...
  UPDATE-RELAY-STATUS!...
  UPDATE-RECORDING-PLATE-STATUS!...
  UPDATE-RECORDING-RECEIVER-STATUS!...
  INITIALIZE-RECORDING-SWITCH-STATE!...
  UPDATE-RECORDING-GATE-STATUS!...
  UPDATE-RECORDING-BLOWER-STATUS!...
  enum relation requires predicates...
  GOAL-FN...
Adding init-action propositions to initial database...
DERIVE-REACH-FROM-SEGMENTS...
DERIVE-WALKING-FROM-SEGMENTS...
DERIVE-LOS-FROM-SEGMENTS...
INITIALIZE-DERIVED-STATE...
Applying min-steps-remaining? to start state... = 0


Current parameter settings:
  *PROBLEM-NAME* => CRELAY-TOPO
  *PROBLEM-TYPE* => PLANNING
  *ALGORITHM* => DEPTH-FIRST
  *TREE-OR-GRAPH* => GRAPH
  *SOLUTION-TYPE* => MIN-LENGTH
  *DEPTH-CUTOFF* => 15
  *THREADS* => 0
  *RANDOMIZE-SEARCH* => NIL
  *DEBUG* => 0
  *PROBE* => NIL
  *GOAL* => (HAS-LOCATION AGENT1 LOCATION19)
  *SYMMETRY-PRUNING* => NIL
  *MAX-RECORDER-CYCLES* => UNLIMITED
  *RECORDER-PREFIX-PRUNING* => NIL
  *MAX-CONNECTOR-PAIRINGS* => 3
  *PROGRESS-REPORTING-INTERVAL* => 1,000,000
  *BRANCH* TO EXPLORE => ALL
  HEURISTIC? => NIL
  EXOGENOUS HAPPENINGS => NIL
  BOUNDING FUNCTION? => NIL
  MIN STEPS REMAINING? => YES

  included technology: -propagation
  included technology: -plate-types
  included technology: -beam-substrate-init-checks
  included technology: -beam-substrate
  included technology: -apparatus-coordinates
  included technology: -switch
  included technology: -controls-init-checks
  included technology: -controls
  included technology: -recording-shadow-policy
  included technology: -gate
  included technology: gate
  included technology: -interaction-policy
  included technology: -physical-init-checks
  included technology: -support-occupancy
  included technology: plate
  included technology: -height
  included technology: -location-coordinates
  included technology: -elevation
  included technology: elevation
  included technology: -segment-geometry
  included technology: -location
  included technology: -position
  included technology: -holding
  included technology: -vertical
  included technology: -support-motion
  included technology: -configuration-transition
  included technology: -support-settling
  included technology: -support-elevation
  included technology: -placement
  included technology: -reachability
  included technology: -pickup
  included technology: tray
  included technology: box
  included technology: -reachability-coordinates
  included technology: reachability
  included technology: switch
  included technology: -recorder-fork-registry
  included technology: -gears-fan
  included technology: -floor-blowing
  included technology: floor-blower
  included technology: -passability
  included technology: -threat
  included technology: -mobility
  included technology: -traversal
  included technology: -mobility-action
  included technology: ladder
  included technology: step
  included technology: jump
  included technology: -visibility
  included technology: -beam-relay-init-checks
  included technology: beam-relay
  included technology: -walkability-coordinates
  included technology: -terrain-consistency
  included technology: walkability
  included technology: -beam-los-coordinates
  included technology: -beam-interpolation
  included technology: -beam-occlusion
  included technology: visibility
  included technology: topo-lower-bound
  included technology: -recorder-core
  included technology: -recorder-plate-shadow
  included technology: -recorder-receiver-shadow
  included technology: -recorder-switch-shadow
  included technology: -recorder-controls-shadow
  included technology: -recorder-jamming-shadow
  included technology: -recorder-gate-shadow
  included technology: -recorder-blower-shadow
  included technology: -recorder-solution
  included technology: -recorder-cycle-boundary
  included technology: -recorder-session
  included technology: -recorder-cycle-chaining
  included technology: -recorder-init-checks
  included technology: recorder
Installing object types...
Installing PROPAGATE-CHANGES! update-fn...
Installing PROPAGATE-CONSEQUENCES! update-fn...
Installing optional types...
Installing object types...
Installing optional types...
Installing object types...
Installing dynamic relations...
Installing static relations...
Installing UPDATE-RECEIVER-STATUS! update-fn...
Installing BEAM-REACHES-RECEIVER query-fn...
Installing RECORDING-SHADOW-BEAM-REACHES-RECEIVER query-fn...
Installing BEAM-LIVE-FOR-CUTTING query-fn...
Installing DIRECT-BEAM-REACHES-RECEIVER query-fn...
Installing RELAY-BEAM-REACHES-RECEIVER query-fn...
Installing RECORDING-SHADOW-DIRECT-BEAM-REACHES-RECEIVER query-fn...
Installing RECORDING-SHADOW-RELAY-BEAM-REACHES-RECEIVER query-fn...
Installing DIRECT-BEAM-LIVE-FOR-CUTTING query-fn...
Installing RELAY-BEAM-LIVE-FOR-CUTTING query-fn...
Installing BEAM-CUT query-fn...
Installing BEAM-CUT-IN query-fn...
Installing CURRENT-CROSSING-SET query-fn...
Installing FIXED-BEAM-CORRIDOR-CLEAR query-fn...
Installing FIXED-BEAM-CORRIDOR-CLEAR-FOR-OBJECT query-fn...
Installing COMPUTE-RELAY-LIGHTING query-fn...
Installing COMPUTE-RELAY-LIGHTING-FOR-OBJECT query-fn...
Installing BEAM-RELAY-SOURCE-DISTANCE query-fn...
Installing optional types...
Installing static relations...
Installing optional types...
Installing dynamic relations...
Installing optional types...
Installing object types...
Installing static relations...
Installing ENERGIZED query-fn...
Installing CONTROL-ON query-fn...
Installing RECORDING-SHADOW-OBJECT query-fn...
Installing RECORDING-SHADOW-OBJECT-PRESENT query-fn...
Installing RECORDING-SHADOW-TURNING query-fn...
Installing RECORDING-SHADOW-GATE-OPEN query-fn...
Installing optional types...
Installing dynamic relations...
Installing GATE-OPEN-FOR-OBJECT query-fn...
Installing optional types...
Installing UPDATE-GATE-STATUS! update-fn...
Installing OBJECT-MANIPULATION-ALLOWED query-fn...
Installing SUPPORT-USE-ALLOWED query-fn...
Installing SUPPORT-OCCUPANCY-CONFLICT-P query-fn...
Installing CONNECTOR-PAIRING-ALLOWED query-fn...
Installing CONNECTOR-LOCATION-CONFLICT-P query-fn...
Installing object types...
Installing dynamic relations...
Installing SUPPORT-OCCUPIED query-fn...
Installing CLEARTOP query-fn...
Installing dynamic relations...
Installing UPDATE-PLATE-STATUS! update-fn...
Installing optional types...
Installing object types...
Installing static relations...
Installing static relations...
Installing optional types...
Installing object types...
Installing static relations...
Installing optional types...
Installing static relations...
Installing WALL-SEGMENT-RECORDS query-fn...
Installing EDGE-SEGMENT-RECORDS query-fn...
Installing GATE-SEGMENT-RECORDS query-fn...
Installing WINDOW-SEGMENT-RECORDS query-fn...
Installing SCREEN-SEGMENT-RECORDS query-fn...
Installing object types...
Installing dynamic relations...
Installing object types...
Installing static relations...
Installing object types...
Installing dynamic relations...
Installing optional types...
Installing object types...
Installing BASE query-fn...
Installing FIXED-BASE query-fn...
Installing LOCATION-ELEVATION query-fn...
Installing LOCATION-LEVEL query-fn...
Installing TOP query-fn...
Installing OBJECT-HEIGHT query-fn...
Installing optional types...
Installing PHYSICAL-SUPPORTS-AT query-fn...
Installing SUPPORT-DEPENDENT-P query-fn...
Installing SUPPORT-CHILDREN query-fn...
Installing SUPPORT-GROUP query-fn...
Installing RELOCATE-STACK! update-fn...
Installing LANDING-SUPPORT query-fn...
Installing LAND-ON-SUPPORT! update-fn...
Installing optional types...
Installing AGENT-CONFIGURATION query-fn...
Installing CONFIGURATION-TRANSITION-RESULTS query-fn...
Installing RELOCATE-TRAY-AND-RIDERS! update-fn...
Installing APPLY-AGENT-CONFIGURATION! update-fn...
Installing TRAY-RELEASE-RIDERS query-fn...
Installing SETTLING-SUPPORT query-fn...
Installing RELEASED-RIDER-GROUP query-fn...
Installing RELEASED-RIDER-LANDINGS query-fn...
Installing SETTLE-RELEASED-RIDERS! update-fn...
Installing optional types...
Installing WITHIN-AGENT-VERTICAL-REACH query-fn...
Installing WITHIN-AGENT-PLACEMENT-REACH query-fn...
Installing optional types...
Installing PLACEMENT-CHOICE-ALLOWED query-fn...
Installing PLACEMENT-OPTIONS query-fn...
Installing PLACEMENT-ELEVATION query-fn...
Installing PLACE-HELD-OBJECT! update-fn...
Installing optional types...
Installing object types...
Installing REACHABLE query-fn...
Installing PICKUP-CLEAR query-fn...
Installing optional types...
Installing PICKUP-TRAY action...
Installing PUT-TRAY action...
Installing optional types...
Installing PICKUP-BOX action...
Installing PUT-BOX action...
Installing static relations...
Installing REACHABILITY-COORDINATES-TARGET-POINTS query-fn...
Installing REACHABILITY-COORDINATES-SOLID-RECORDS query-fn...
Installing REACHABILITY-COORDINATES-GATE-RECORDS query-fn...
Installing REACHABILITY-COORDINATES-SCREEN-RECORDS query-fn...
Installing REACHABILITY-COORDINATES-AUTHORED query-fn...
Installing REACHABILITY-COORDINATES-EMITTABLE query-fn...
Installing REACHABILITY-COORDINATES-UNUSED-DISALLOWALS query-fn...
Installing DERIVE-REACH-FROM-SEGMENTS init action...
Installing REACHABLE query-fn...
Installing REACHABLE-CLEAR query-fn...
Installing optional types...
Installing object types...
Installing dynamic relations...
Installing static relations...
Installing BLOWER-DRIVE query-fn...
Installing BLOWER-PRESENT query-fn...
Installing BLOWER-ELEVATION query-fn...
Installing BLOWER-TURNING-FOR-OBJECT query-fn...
Installing BLOWER-ACTIVE-FOR-OBJECT query-fn...
Installing UPDATE-BLOWER-STATUS! update-fn...
Installing PICKUP-FAN action...skipped (no instances for type: FAN)
Installing PUT-FAN action...skipped (no instances for type: FAN)
Installing MOUNT-FAN action...skipped (no instances for type: FAN)
Installing LOCATION-LEVEL query-fn...
Installing UPDATE-FLOOR-BLOWING-STATUS! update-fn...
Installing BLOW-OCCUPANTS-AWAY! update-fn...
Installing DROP-OCCUPANTS! update-fn...
Installing optional types...
Installing ALL-CLEAR query-fn...
Installing OBSTACLE-CLEAR query-fn...
Installing STREAM-OBSTACLE-CLEAR query-fn...
Installing optional types...
Installing object types...
Installing static relations...
Installing dynamic relations...
Installing SAFE query-fn...
Installing ENFORCE-THREAT-SAFETY! update-fn...
Installing MOBILITY-RESULTS query-fn...
Installing MOBILITY-LOCATIONS query-fn...
Installing TRAVERSABLE query-fn...
Installing object types...
Installing static relations...
Installing TRAVERSAL-SEGMENTS query-fn...
Installing TRAVERSAL-SEGMENTS-FOR-SOURCE query-fn...
Installing MOVEMENT-RESULTS query-fn...
Installing MOVE action...
Installing optional types...
Installing USABLE-LADDER-AT-SOURCE query-fn...
Installing POSITIONED-LADDERS-FOR-MEANS query-fn...
Installing LADDER-CONFIGURATION-TRANSITIONS query-fn...
Installing optional types...
Installing object types...
Installing STEP-SOURCE-CAN-MOUNT query-fn...
Installing STEP-SOURCE-CAN-DISMOUNT query-fn...
Installing STEPPABLE-FIXTURE-AT query-fn...
Installing STEP-CONFIGURATION-TRANSITIONS query-fn...
Installing optional types...
Installing object types...
Installing JUMP-ELEVATION-REACHABLE query-fn...
Installing VAULTABLE-OBJECT-PASSABLE query-fn...
Installing JUMP-BARRIER-TOP-ELEVATION query-fn...
Installing VAULTABLE-OBJECT-LIST query-fn...
Installing JUMP-REQUIRED-CLEARANCE-HEIGHT query-fn...
Installing JUMP-PATH-CLEAR query-fn...
Installing JUMP-LANDING-SUPPORT-AT query-fn...
Installing JUMP-CONFIGURATION-TRANSITIONS query-fn...
Installing optional types...
Installing object types...
Installing VISIBLE query-fn...
Installing VISIBLE-FOR-OBJECT query-fn...
Installing POTENTIALLY-VISIBLE query-fn...
Installing BEAM-VISIBLE query-fn...
Installing BEAM-VISIBLE-FOR-OBJECT query-fn...
Installing ELEVATION-VISIBLE-FOR-OBJECT query-fn...
Installing object types...
Installing optional types...
Installing dynamic relations...
Installing PICKUP-CONNECTOR action...
Installing PICKUP-CONNECTOR-RETAINING-PAIRINGS action...
Installing PUT-CONNECTOR action...
Installing CONNECT-CONNECTOR action...
Installing UPDATE-RELAY-STATUS! update-fn...
Installing RELAY-BEAM-REACHES-RECEIVER query-fn...
Installing RECORDING-SHADOW-RELAY-BEAM-REACHES-RECEIVER query-fn...
Installing COMPUTE-RELAY-LIGHTING query-fn...
Installing COMPUTE-RELAY-LIGHTING-FOR-OBJECT query-fn...
Installing RELAY-ANCHOR query-fn...
Installing RELAY-LINKED query-fn...
Installing RELAY-LINK-CLEAR query-fn...
Installing RELAY-LINK-CLEAR-FOR-OBJECT query-fn...
Installing PAIRED-RELAY-VISIBLE query-fn...
Installing PAIRED-RELAY-VISIBLE-FOR-OBJECT query-fn...
Installing RELAY-BEAM-LIVE-FOR-CUTTING query-fn...
Installing BEAM-RELAY-SOURCE-DISTANCE query-fn...
Installing CONNECTABLE-LOCATION query-fn...
Installing CONNECTABLE-TERMINUS query-fn...
Installing WALKABILITY-COORDINATES-SUPPORTED-DOOR-SOLID-PAIRS query-fn...
Installing WALKABILITY-COORDINATES-LOCATION-COORDS query-fn...
Installing WALKABILITY-COORDINATES-STREAM-SPECS query-fn...
Installing TERRAIN-COMPLAINTS query-fn...
Installing DERIVE-WALKING-FROM-SEGMENTS init action...
Installing TERRAIN-COMPLAINTS query-fn...
Installing TERRAIN-LOCATION-LEVELS query-fn...
Installing TERRAIN-EDGE-SPANS query-fn...
Installing ONE-STEP-WALKABLE query-fn...
Installing optional types...
Installing object types...
Installing BEAM-COORDINATES-ENDPOINT-POSITIONS query-fn...
Installing BEAM-COORDINATES-ENDPOINT-XY query-fn...
Installing BEAM-COORDINATES-ELEVATION-AT query-fn...
Installing DERIVE-LOS-FROM-SEGMENTS init action...
Installing BEAM-ELEVATION-AT-LOCATION query-fn...
Installing object types...
Installing BEAM-BLOCKER-OCCLUDES-LOCATION query-fn...
Installing BEAM-BLOCKER-OCCLUDES-LOCATION-FOR-OBJECT query-fn...
Installing BEAM-BLOCKER-SPANS-ELEVATION query-fn...
Installing object types...
Installing static relations...
Installing LOS-CLEAR-FOR-OBJECT query-fn...
Installing LOS-CROSSINGS-CLEAR-FOR-OBJECT query-fn...
Installing LOS-OCCLUDERS-CLEAR-FOR-OBJECT query-fn...
Installing LOS-LOCATION-OCCLUDED query-fn...
Installing LOS-BARRIER-CROSSINGS query-fn...
Installing RECORDED-BARRIERS-CLEAR-FOR-OBJECT query-fn...
Installing BARRIER-CROSSING-CLEAR-FOR-OBJECT query-fn...
Installing BEAM-ELEVATION-AT-LOCATION query-fn...
Installing VISIBLE query-fn...
Installing VISIBLE-FOR-OBJECT query-fn...
Installing BEAM-VISIBLE query-fn...
Installing BEAM-VISIBLE-FOR-OBJECT query-fn...
Installing ELEVATION-VISIBLE-FOR-OBJECT query-fn...
Installing POTENTIALLY-VISIBLE query-fn...
Installing VISIBLE-CLEAR query-fn...
Installing TOPO-RELAXED-HMAX-BOUND query-fn...
Installing TOPO-RELAXED-LM-CUT-BOUND query-fn...
Installing TOPO-FINITE-RESOURCE-BOUND query-fn...
Installing TOPO-FINITE-BEAM-RESOURCE-BOUND query-fn...
Installing TOPO-LM-CUT-RESOURCE-BOUND query-fn...
Installing optional types...
Installing static relations...
WARNING: redefining WOULDWORK::DERIVE-RECORDING-COPY-LITERALS in DEFUN
Installing dynamic relations...
Installing LIVE-RECORDING-OBJECT query-fn...
Installing GHOST-RECORDING-OBJECT query-fn...
Installing RECORDING-SHADOW-VIEW-OBJECT query-fn...
Installing SAME-RECORDING-SIDE query-fn...
Installing RECORDER-CYCLE-COUNT query-fn...
Installing RECORDING-SHADOW-OBJECT query-fn...
Installing RECORDING-SHADOW-OBJECT-PRESENT query-fn...
Installing OBJECT-MANIPULATION-ALLOWED query-fn...
Installing SUPPORT-USE-ALLOWED query-fn...
Installing SUPPORT-OCCUPANCY-CONFLICT-P query-fn...
Installing CONNECTOR-PAIRING-ALLOWED query-fn...
Installing CONNECTOR-LOCATION-CONFLICT-P query-fn...
Installing dynamic relations...
Installing RECORDING-PLATE-OCCUPIED query-fn...
Installing UPDATE-RECORDING-PLATE-STATUS! update-fn...
Installing dynamic relations...
Installing UPDATE-RECORDING-RECEIVER-STATUS! update-fn...
Installing dynamic relations...
Installing INITIALIZE-RECORDING-SWITCH-STATE! update-fn...
Installing RECORDING-CONTROLLER-ENERGIZED query-fn...
Installing RECORDING-CONTROL-ON query-fn...
Installing optional types...
Installing RECORDING-JAMMED query-fn...
Installing dynamic relations...
Installing RECORDING-SHADOW-GATE-OPEN query-fn...
Installing UPDATE-RECORDING-GATE-STATUS! update-fn...
Installing optional types...
Installing object types...
Installing dynamic relations...
Installing RECORDING-SHADOW-TURNING query-fn...
Installing UPDATE-RECORDING-BLOWER-STATUS! update-fn...
Installing RECORDING-AGENT-EMPTY-HANDED query-fn...
Installing RECORDER-CYCLE-ENDED query-fn...
Installing GHOST-STOPS-RECORDER query-fn...
Installing RECORDING-AGENT-CAN-CLOSE query-fn...
Installing RECORDING-AGENT-RETURN-ROUTE query-fn...
Installing RECORDING-AGENT-AT-RECORDER query-fn...
Installing RECORDER-CLOSED-GHOST-FREE query-fn...
Installing RECORDER-CYCLE-BOUNDARY-SAFE query-fn...
Installing optional types...
Installing CANCEL-PLAYBACK action...
Installing STOP-RECORDER action...
Creating initial propositional database...
Installing INITIALIZE-DERIVED-STATE init action...
Installing goal...
Initializing...
Installing TOGGLE-SWITCH action...
Installing START-RECORDER action...
Deriving propagation driver: UPDATE-PLATE-STATUS! UPDATE-RECORDING-PLATE-STATUS! UPDATE-GATE-STATUS! UPDATE-RECORDING-RECEIVER-STATUS! UPDATE-RECORDING-GATE-STATUS! UPDATE-RELAY-STATUS! UPDATE-RECEIVER-STATUS! UPDATE-BLOWER-STATUS! UPDATE-RECORDING-BLOWER-STATUS! UPDATE-FLOOR-BLOWING-STATUS! ENFORCE-THREAT-SAFETY! INITIALIZE-RECORDING-SWITCH-STATE!
Installing PROPAGATE-CONSEQUENCES! update-fn...
Optimizing lambda expressions and compiling...
  PICKUP-TRAY...
  PUT-TRAY...
  PICKUP-BOX...
  PUT-BOX...
  MOVE...
  PICKUP-CONNECTOR...
  PICKUP-CONNECTOR-RETAINING-PAIRINGS...
  PUT-CONNECTOR...
  CONNECT-CONNECTOR...
  CANCEL-PLAYBACK...
  STOP-RECORDER...
  TOGGLE-SWITCH...
  START-RECORDER...
  BEAM-REACHES-RECEIVER...
  RECORDING-SHADOW-BEAM-REACHES-RECEIVER...
  BEAM-LIVE-FOR-CUTTING...
  DIRECT-BEAM-REACHES-RECEIVER...
  RELAY-BEAM-REACHES-RECEIVER...
  RECORDING-SHADOW-DIRECT-BEAM-REACHES-RECEIVER...
  RECORDING-SHADOW-RELAY-BEAM-REACHES-RECEIVER...
  DIRECT-BEAM-LIVE-FOR-CUTTING...
  RELAY-BEAM-LIVE-FOR-CUTTING...
  BEAM-CUT...
  BEAM-CUT-IN...
  CURRENT-CROSSING-SET...
  FIXED-BEAM-CORRIDOR-CLEAR...
  FIXED-BEAM-CORRIDOR-CLEAR-FOR-OBJECT...
  COMPUTE-RELAY-LIGHTING...
  COMPUTE-RELAY-LIGHTING-FOR-OBJECT...
  BEAM-RELAY-SOURCE-DISTANCE...
  ENERGIZED...
  CONTROL-ON...
  RECORDING-SHADOW-OBJECT...
  RECORDING-SHADOW-OBJECT-PRESENT...
  RECORDING-SHADOW-TURNING...
  RECORDING-SHADOW-GATE-OPEN...
  GATE-OPEN-FOR-OBJECT...
  OBJECT-MANIPULATION-ALLOWED...
  SUPPORT-USE-ALLOWED...
  SUPPORT-OCCUPANCY-CONFLICT-P...
  CONNECTOR-PAIRING-ALLOWED...
  CONNECTOR-LOCATION-CONFLICT-P...
  SUPPORT-OCCUPIED...
  CLEARTOP...
  WALL-SEGMENT-RECORDS...
  EDGE-SEGMENT-RECORDS...
  GATE-SEGMENT-RECORDS...
  WINDOW-SEGMENT-RECORDS...
  SCREEN-SEGMENT-RECORDS...
  BASE...
  FIXED-BASE...
  LOCATION-ELEVATION...
  LOCATION-LEVEL...
  TOP...
  OBJECT-HEIGHT...
  PHYSICAL-SUPPORTS-AT...
  SUPPORT-DEPENDENT-P...
  SUPPORT-CHILDREN...
  SUPPORT-GROUP...
  LANDING-SUPPORT...
  AGENT-CONFIGURATION...
  CONFIGURATION-TRANSITION-RESULTS...
  TRAY-RELEASE-RIDERS...
  SETTLING-SUPPORT...
  RELEASED-RIDER-GROUP...
  RELEASED-RIDER-LANDINGS...
  WITHIN-AGENT-VERTICAL-REACH...
  WITHIN-AGENT-PLACEMENT-REACH...
  PLACEMENT-CHOICE-ALLOWED...
  PLACEMENT-OPTIONS...
  PLACEMENT-ELEVATION...
  REACHABLE...
  PICKUP-CLEAR...
  REACHABILITY-COORDINATES-TARGET-POINTS...
  REACHABILITY-COORDINATES-SOLID-RECORDS...
  REACHABILITY-COORDINATES-GATE-RECORDS...
  REACHABILITY-COORDINATES-SCREEN-RECORDS...
  REACHABILITY-COORDINATES-AUTHORED...
  REACHABILITY-COORDINATES-EMITTABLE...
  REACHABILITY-COORDINATES-UNUSED-DISALLOWALS...
  REACHABLE-CLEAR...
  BLOWER-DRIVE...
  BLOWER-PRESENT...
  BLOWER-ELEVATION...
  BLOWER-TURNING-FOR-OBJECT...
  BLOWER-ACTIVE-FOR-OBJECT...
  ALL-CLEAR...
  OBSTACLE-CLEAR...
  STREAM-OBSTACLE-CLEAR...
  SAFE...
  MOBILITY-RESULTS...
  MOBILITY-LOCATIONS...
  TRAVERSABLE...
  TRAVERSAL-SEGMENTS...
  TRAVERSAL-SEGMENTS-FOR-SOURCE...
  MOVEMENT-RESULTS...
  USABLE-LADDER-AT-SOURCE...
  POSITIONED-LADDERS-FOR-MEANS...
  LADDER-CONFIGURATION-TRANSITIONS...
  STEP-SOURCE-CAN-MOUNT...
  STEP-SOURCE-CAN-DISMOUNT...
  STEPPABLE-FIXTURE-AT...
  STEP-CONFIGURATION-TRANSITIONS...
  JUMP-ELEVATION-REACHABLE...
  VAULTABLE-OBJECT-PASSABLE...
  JUMP-BARRIER-TOP-ELEVATION...
  VAULTABLE-OBJECT-LIST...
  JUMP-REQUIRED-CLEARANCE-HEIGHT...
  JUMP-PATH-CLEAR...
  JUMP-LANDING-SUPPORT-AT...
  JUMP-CONFIGURATION-TRANSITIONS...
  VISIBLE...
  VISIBLE-FOR-OBJECT...
  POTENTIALLY-VISIBLE...
  BEAM-VISIBLE...
  BEAM-VISIBLE-FOR-OBJECT...
  ELEVATION-VISIBLE-FOR-OBJECT...
  RELAY-ANCHOR...
  RELAY-LINKED...
  RELAY-LINK-CLEAR...
  RELAY-LINK-CLEAR-FOR-OBJECT...
  PAIRED-RELAY-VISIBLE...
  PAIRED-RELAY-VISIBLE-FOR-OBJECT...
  CONNECTABLE-LOCATION...
  CONNECTABLE-TERMINUS...
  WALKABILITY-COORDINATES-SUPPORTED-DOOR-SOLID-PAIRS...
  WALKABILITY-COORDINATES-LOCATION-COORDS...
  WALKABILITY-COORDINATES-STREAM-SPECS...
  TERRAIN-COMPLAINTS...
  TERRAIN-LOCATION-LEVELS...
  TERRAIN-EDGE-SPANS...
  ONE-STEP-WALKABLE...
  BEAM-COORDINATES-ENDPOINT-POSITIONS...
  BEAM-COORDINATES-ENDPOINT-XY...
  BEAM-COORDINATES-ELEVATION-AT...
  BEAM-ELEVATION-AT-LOCATION...
  BEAM-BLOCKER-OCCLUDES-LOCATION...
  BEAM-BLOCKER-OCCLUDES-LOCATION-FOR-OBJECT...
  BEAM-BLOCKER-SPANS-ELEVATION...
  LOS-CLEAR-FOR-OBJECT...
  LOS-CROSSINGS-CLEAR-FOR-OBJECT...
  LOS-OCCLUDERS-CLEAR-FOR-OBJECT...
  LOS-LOCATION-OCCLUDED...
  LOS-BARRIER-CROSSINGS...
  RECORDED-BARRIERS-CLEAR-FOR-OBJECT...
  BARRIER-CROSSING-CLEAR-FOR-OBJECT...
  VISIBLE-CLEAR...
  TOPO-RELAXED-HMAX-BOUND...
  TOPO-RELAXED-LM-CUT-BOUND...
  TOPO-FINITE-RESOURCE-BOUND...
  TOPO-FINITE-BEAM-RESOURCE-BOUND...
  TOPO-LM-CUT-RESOURCE-BOUND...
  LIVE-RECORDING-OBJECT...
  GHOST-RECORDING-OBJECT...
  RECORDING-SHADOW-VIEW-OBJECT...
  SAME-RECORDING-SIDE...
  RECORDER-CYCLE-COUNT...
  RECORDING-PLATE-OCCUPIED...
  RECORDING-CONTROLLER-ENERGIZED...
  RECORDING-CONTROL-ON...
  RECORDING-JAMMED...
  RECORDING-AGENT-EMPTY-HANDED...
  RECORDER-CYCLE-ENDED...
  GHOST-STOPS-RECORDER...
  RECORDING-AGENT-CAN-CLOSE...
  RECORDING-AGENT-RETURN-ROUTE...
  RECORDING-AGENT-AT-RECORDER...
  RECORDER-CLOSED-GHOST-FREE...
  RECORDER-CYCLE-BOUNDARY-SAFE...
  PROPAGATE-CHANGES!...
  PROPAGATE-CONSEQUENCES!...
  UPDATE-RECEIVER-STATUS!...
  UPDATE-GATE-STATUS!...
  UPDATE-PLATE-STATUS!...
  RELOCATE-STACK!...
  LAND-ON-SUPPORT!...
  RELOCATE-TRAY-AND-RIDERS!...
  APPLY-AGENT-CONFIGURATION!...
  SETTLE-RELEASED-RIDERS!...
  PLACE-HELD-OBJECT!...
  UPDATE-BLOWER-STATUS!...
  UPDATE-FLOOR-BLOWING-STATUS!...
  BLOW-OCCUPANTS-AWAY!...
  DROP-OCCUPANTS!...
  ENFORCE-THREAT-SAFETY!...
  UPDATE-RELAY-STATUS!...
  UPDATE-RECORDING-PLATE-STATUS!...
  UPDATE-RECORDING-RECEIVER-STATUS!...
  INITIALIZE-RECORDING-SWITCH-STATE!...
  UPDATE-RECORDING-GATE-STATUS!...
  UPDATE-RECORDING-BLOWER-STATUS!...
  enum relation requires predicates...
  GOAL-FN...
Adding init-action propositions to initial database...
DERIVE-REACH-FROM-SEGMENTS...
DERIVE-WALKING-FROM-SEGMENTS...
DERIVE-LOS-FROM-SEGMENTS...
INITIALIZE-DERIVED-STATE...
Applying min-steps-remaining? to start state... = 0


Current parameter settings:
  *PROBLEM-NAME* => CRELAY-TOPO
  *PROBLEM-TYPE* => PLANNING
  *ALGORITHM* => DEPTH-FIRST
  *TREE-OR-GRAPH* => GRAPH
  *SOLUTION-TYPE* => MIN-LENGTH
  *DEPTH-CUTOFF* => 15
  *THREADS* => 16
  *RANDOMIZE-SEARCH* => NIL
  *DEBUG* => 0
  *PROBE* => NIL
  *GOAL* => (HAS-LOCATION AGENT1 LOCATION19)
  *SYMMETRY-PRUNING* => NIL
  *MAX-RECORDER-CYCLES* => UNLIMITED
  *RECORDER-PREFIX-PRUNING* => NIL
  *MAX-CONNECTOR-PAIRINGS* => 3
  *PROGRESS-REPORTING-INTERVAL* => 1,000,000
  *BRANCH* TO EXPLORE => ALL
  HEURISTIC? => NIL
  EXOGENOUS HAPPENINGS => NIL
  BOUNDING FUNCTION? => NIL
  MIN STEPS REMAINING? => YES

  For parallel settings: (display-parallel-parameters)

Installing goal...
T10 LK1 replayed, cumulative depth 4.
Installing goal...
T10 LK2 replayed, cumulative depth 5.
Installing goal...
T10 LK3 replayed, cumulative depth 6.
Installing goal...
T10 LK7 replayed, cumulative depth 11.
Installing goal...
T10 LK8 replayed, cumulative depth 17.
Installing goal...
T10 LK9 replayed, cumulative depth 18.
Installing goal...
T10 LK4 replayed, cumulative depth 19.
T10 RESTORED ENDPOINT:
#<PROBLEM-STATE <(MOVE > AGENT1 moves via ((WALK LOCATION14 (GATE6 GATE7 SCREEN1) LOCATION15))) NIL 19.0 0.0 0.0
  ((DEPRESSED PLATE2) (DEPRESSED PLATE1) (DEPRESSED PLATE4) (DEPRESSED PLATE5) (HAS-LOCATION AGENT1 LOCATION15)
   (HAS-LOCATION BOX1 LOCATION6) (HAS-LOCATION TRAY1 LOCATION13) (HAS-LOCATION AGENT1* LOCATION2) (HAS-LOCATION BOX1* LOCATION6)
   (HAS-LOCATION CONNECTOR1* LOCATION9) (HAS-LOCATION TRAY1* LOCATION7) (HAS-LOCATION CONNECTOR1 LOCATION12) (ON TRAY1* PLATE2)
   (ON AGENT1* PLATE1) (ON TRAY1 PLATE4) (ON CONNECTOR1 PLATE5) (OPEN GATE2) (OPEN GATE3) (OPEN GATE7) (OPEN GATE1) (OPEN GATE6)
   (RECORDER-CYCLES-USED 1) (RECORDING-DEPRESSED PLATE2) (RECORDING-DEPRESSED PLATE1) (RECORDING-IN-PROGRESS) (RECORDING-OPEN GATE2)
   (RECORDING-OPEN GATE3) (RECORDING-OPEN GATE5) (RECORDING-OPEN GATE1) (SWITCHED-ON SWITCH2))
  NIL>>
Exported 19 actions to D:/quicklisp/local-projects/wouldwork/doc/problems/crelay-topo/constraint-evidence/t10-location15-checkpoint.txt.
Installing goal...  included technology: -propagation
  included technology: -plate-types
  included technology: -beam-substrate-init-checks
  included technology: -beam-substrate
  included technology: -apparatus-coordinates
  included technology: -switch
  included technology: -controls-init-checks
  included technology: -controls
  included technology: -recording-shadow-policy
  included technology: -gate
  included technology: gate
  included technology: -interaction-policy
  included technology: -physical-init-checks
  included technology: -support-occupancy
  included technology: plate
  included technology: -height
  included technology: -location-coordinates
  included technology: -elevation
  included technology: elevation
  included technology: -segment-geometry
  included technology: -location
  included technology: -position
  included technology: -holding
  included technology: -vertical
  included technology: -support-motion
  included technology: -configuration-transition
  included technology: -support-settling
  included technology: -support-elevation
  included technology: -placement
  included technology: -reachability
  included technology: -pickup
  included technology: tray
  included technology: box
  included technology: -reachability-coordinates
  included technology: reachability
  included technology: switch
  included technology: -recorder-fork-registry
  included technology: -gears-fan
  included technology: -floor-blowing
  included technology: floor-blower
  included technology: -passability
  included technology: -threat
  included technology: -mobility
  included technology: -traversal
  included technology: -mobility-action
  included technology: ladder
  included technology: step
  included technology: jump
  included technology: -visibility
  included technology: -beam-relay-init-checks
  included technology: beam-relay
  included technology: -walkability-coordinates
  included technology: -terrain-consistency
  included technology: walkability
  included technology: -beam-los-coordinates
  included technology: -beam-interpolation
  included technology: -beam-occlusion
  included technology: visibility
  included technology: topo-lower-bound
  included technology: -recorder-core
  included technology: -recorder-plate-shadow
  included technology: -recorder-receiver-shadow
  included technology: -recorder-switch-shadow
  included technology: -recorder-controls-shadow
  included technology: -recorder-jamming-shadow
  included technology: -recorder-gate-shadow
  included technology: -recorder-blower-shadow
  included technology: -recorder-solution
  included technology: -recorder-cycle-boundary
  included technology: -recorder-session
  included technology: -recorder-cycle-chaining
  included technology: -recorder-init-checks
  included technology: recorder
Installing object types...
Installing PROPAGATE-CHANGES! update-fn...
Installing PROPAGATE-CONSEQUENCES! update-fn...
Installing optional types...
Installing object types...
Installing optional types...
Installing object types...
Installing dynamic relations...
Installing static relations...
Installing UPDATE-RECEIVER-STATUS! update-fn...
Installing BEAM-REACHES-RECEIVER query-fn...
Installing RECORDING-SHADOW-BEAM-REACHES-RECEIVER query-fn...
Installing BEAM-LIVE-FOR-CUTTING query-fn...
Installing DIRECT-BEAM-REACHES-RECEIVER query-fn...
Installing RELAY-BEAM-REACHES-RECEIVER query-fn...
Installing RECORDING-SHADOW-DIRECT-BEAM-REACHES-RECEIVER query-fn...
Installing RECORDING-SHADOW-RELAY-BEAM-REACHES-RECEIVER query-fn...
Installing DIRECT-BEAM-LIVE-FOR-CUTTING query-fn...
Installing RELAY-BEAM-LIVE-FOR-CUTTING query-fn...
Installing BEAM-CUT query-fn...
Installing BEAM-CUT-IN query-fn...
Installing CURRENT-CROSSING-SET query-fn...
Installing FIXED-BEAM-CORRIDOR-CLEAR query-fn...
Installing FIXED-BEAM-CORRIDOR-CLEAR-FOR-OBJECT query-fn...
Installing COMPUTE-RELAY-LIGHTING query-fn...
Installing COMPUTE-RELAY-LIGHTING-FOR-OBJECT query-fn...
Installing BEAM-RELAY-SOURCE-DISTANCE query-fn...
Installing optional types...
Installing static relations...
Installing optional types...
Installing dynamic relations...
Installing optional types...
Installing object types...
Installing static relations...
Installing ENERGIZED query-fn...
Installing CONTROL-ON query-fn...
Installing RECORDING-SHADOW-OBJECT query-fn...
Installing RECORDING-SHADOW-OBJECT-PRESENT query-fn...
Installing RECORDING-SHADOW-TURNING query-fn...
Installing RECORDING-SHADOW-GATE-OPEN query-fn...
Installing optional types...
Installing dynamic relations...
Installing GATE-OPEN-FOR-OBJECT query-fn...
Installing optional types...
Installing UPDATE-GATE-STATUS! update-fn...
Installing OBJECT-MANIPULATION-ALLOWED query-fn...
Installing SUPPORT-USE-ALLOWED query-fn...
Installing SUPPORT-OCCUPANCY-CONFLICT-P query-fn...
Installing CONNECTOR-PAIRING-ALLOWED query-fn...
Installing CONNECTOR-LOCATION-CONFLICT-P query-fn...
Installing object types...
Installing dynamic relations...
Installing SUPPORT-OCCUPIED query-fn...
Installing CLEARTOP query-fn...
Installing dynamic relations...
Installing UPDATE-PLATE-STATUS! update-fn...
Installing optional types...
Installing object types...
Installing static relations...
Installing static relations...
Installing optional types...
Installing object types...
Installing static relations...
Installing optional types...
Installing static relations...
Installing WALL-SEGMENT-RECORDS query-fn...
Installing EDGE-SEGMENT-RECORDS query-fn...
Installing GATE-SEGMENT-RECORDS query-fn...
Installing WINDOW-SEGMENT-RECORDS query-fn...
Installing SCREEN-SEGMENT-RECORDS query-fn...
Installing object types...
Installing dynamic relations...
Installing object types...
Installing static relations...
Installing object types...
Installing dynamic relations...
Installing optional types...
Installing object types...
Installing BASE query-fn...
Installing FIXED-BASE query-fn...
Installing LOCATION-ELEVATION query-fn...
Installing LOCATION-LEVEL query-fn...
Installing TOP query-fn...
Installing OBJECT-HEIGHT query-fn...
Installing optional types...
Installing PHYSICAL-SUPPORTS-AT query-fn...
Installing SUPPORT-DEPENDENT-P query-fn...
Installing SUPPORT-CHILDREN query-fn...
Installing SUPPORT-GROUP query-fn...
Installing RELOCATE-STACK! update-fn...
Installing LANDING-SUPPORT query-fn...
Installing LAND-ON-SUPPORT! update-fn...
Installing optional types...
Installing AGENT-CONFIGURATION query-fn...
Installing CONFIGURATION-TRANSITION-RESULTS query-fn...
Installing RELOCATE-TRAY-AND-RIDERS! update-fn...
Installing APPLY-AGENT-CONFIGURATION! update-fn...
Installing TRAY-RELEASE-RIDERS query-fn...
Installing SETTLING-SUPPORT query-fn...
Installing RELEASED-RIDER-GROUP query-fn...
Installing RELEASED-RIDER-LANDINGS query-fn...
Installing SETTLE-RELEASED-RIDERS! update-fn...
Installing optional types...
Installing WITHIN-AGENT-VERTICAL-REACH query-fn...
Installing WITHIN-AGENT-PLACEMENT-REACH query-fn...
Installing optional types...
Installing PLACEMENT-CHOICE-ALLOWED query-fn...
Installing PLACEMENT-OPTIONS query-fn...
Installing PLACEMENT-ELEVATION query-fn...
Installing PLACE-HELD-OBJECT! update-fn...
Installing optional types...
Installing object types...
Installing REACHABLE query-fn...
Installing PICKUP-CLEAR query-fn...
Installing optional types...
Installing PICKUP-TRAY action...
Installing PUT-TRAY action...
Installing optional types...
Installing PICKUP-BOX action...
Installing PUT-BOX action...
Installing static relations...
Installing REACHABILITY-COORDINATES-TARGET-POINTS query-fn...
Installing REACHABILITY-COORDINATES-SOLID-RECORDS query-fn...
Installing REACHABILITY-COORDINATES-GATE-RECORDS query-fn...
Installing REACHABILITY-COORDINATES-SCREEN-RECORDS query-fn...
Installing REACHABILITY-COORDINATES-AUTHORED query-fn...
Installing REACHABILITY-COORDINATES-EMITTABLE query-fn...
Installing REACHABILITY-COORDINATES-UNUSED-DISALLOWALS query-fn...
Installing DERIVE-REACH-FROM-SEGMENTS init action...
Installing REACHABLE query-fn...
Installing REACHABLE-CLEAR query-fn...
Installing optional types...
Installing object types...
Installing dynamic relations...
Installing static relations...
Installing BLOWER-DRIVE query-fn...
Installing BLOWER-PRESENT query-fn...
Installing BLOWER-ELEVATION query-fn...
Installing BLOWER-TURNING-FOR-OBJECT query-fn...
Installing BLOWER-ACTIVE-FOR-OBJECT query-fn...
Installing UPDATE-BLOWER-STATUS! update-fn...
Installing PICKUP-FAN action...skipped (no instances for type: FAN)
Installing PUT-FAN action...skipped (no instances for type: FAN)
Installing MOUNT-FAN action...skipped (no instances for type: FAN)
Installing LOCATION-LEVEL query-fn...
Installing UPDATE-FLOOR-BLOWING-STATUS! update-fn...
Installing BLOW-OCCUPANTS-AWAY! update-fn...
Installing DROP-OCCUPANTS! update-fn...
Installing optional types...
Installing ALL-CLEAR query-fn...
Installing OBSTACLE-CLEAR query-fn...
Installing STREAM-OBSTACLE-CLEAR query-fn...
Installing optional types...
Installing object types...
Installing static relations...
Installing dynamic relations...
Installing SAFE query-fn...
Installing ENFORCE-THREAT-SAFETY! update-fn...
Installing MOBILITY-RESULTS query-fn...
Installing MOBILITY-LOCATIONS query-fn...
Installing TRAVERSABLE query-fn...
Installing object types...
Installing static relations...
Installing TRAVERSAL-SEGMENTS query-fn...
Installing TRAVERSAL-SEGMENTS-FOR-SOURCE query-fn...
Installing MOVEMENT-RESULTS query-fn...
Installing MOVE action...
Installing optional types...
Installing USABLE-LADDER-AT-SOURCE query-fn...
Installing POSITIONED-LADDERS-FOR-MEANS query-fn...
Installing LADDER-CONFIGURATION-TRANSITIONS query-fn...
Installing optional types...
Installing object types...
Installing STEP-SOURCE-CAN-MOUNT query-fn...
Installing STEP-SOURCE-CAN-DISMOUNT query-fn...
Installing STEPPABLE-FIXTURE-AT query-fn...
Installing STEP-CONFIGURATION-TRANSITIONS query-fn...
Installing optional types...
Installing object types...
Installing JUMP-ELEVATION-REACHABLE query-fn...
Installing VAULTABLE-OBJECT-PASSABLE query-fn...
Installing JUMP-BARRIER-TOP-ELEVATION query-fn...
Installing VAULTABLE-OBJECT-LIST query-fn...
Installing JUMP-REQUIRED-CLEARANCE-HEIGHT query-fn...
Installing JUMP-PATH-CLEAR query-fn...
Installing JUMP-LANDING-SUPPORT-AT query-fn...
Installing JUMP-CONFIGURATION-TRANSITIONS query-fn...
Installing optional types...
Installing object types...
Installing VISIBLE query-fn...
Installing VISIBLE-FOR-OBJECT query-fn...
Installing POTENTIALLY-VISIBLE query-fn...
Installing BEAM-VISIBLE query-fn...
Installing BEAM-VISIBLE-FOR-OBJECT query-fn...
Installing ELEVATION-VISIBLE-FOR-OBJECT query-fn...
Installing object types...
Installing optional types...
Installing dynamic relations...
Installing PICKUP-CONNECTOR action...
Installing PICKUP-CONNECTOR-RETAINING-PAIRINGS action...
Installing PUT-CONNECTOR action...
Installing CONNECT-CONNECTOR action...
Installing UPDATE-RELAY-STATUS! update-fn...
Installing RELAY-BEAM-REACHES-RECEIVER query-fn...
Installing RECORDING-SHADOW-RELAY-BEAM-REACHES-RECEIVER query-fn...
Installing COMPUTE-RELAY-LIGHTING query-fn...
Installing COMPUTE-RELAY-LIGHTING-FOR-OBJECT query-fn...
Installing RELAY-ANCHOR query-fn...
Installing RELAY-LINKED query-fn...
Installing RELAY-LINK-CLEAR query-fn...
Installing RELAY-LINK-CLEAR-FOR-OBJECT query-fn...
Installing PAIRED-RELAY-VISIBLE query-fn...
Installing PAIRED-RELAY-VISIBLE-FOR-OBJECT query-fn...
Installing RELAY-BEAM-LIVE-FOR-CUTTING query-fn...
Installing BEAM-RELAY-SOURCE-DISTANCE query-fn...
Installing CONNECTABLE-LOCATION query-fn...
Installing CONNECTABLE-TERMINUS query-fn...
Installing WALKABILITY-COORDINATES-SUPPORTED-DOOR-SOLID-PAIRS query-fn...
Installing WALKABILITY-COORDINATES-LOCATION-COORDS query-fn...
Installing WALKABILITY-COORDINATES-STREAM-SPECS query-fn...
Installing TERRAIN-COMPLAINTS query-fn...
Installing DERIVE-WALKING-FROM-SEGMENTS init action...
Installing TERRAIN-COMPLAINTS query-fn...
Installing TERRAIN-LOCATION-LEVELS query-fn...
Installing TERRAIN-EDGE-SPANS query-fn...
Installing ONE-STEP-WALKABLE query-fn...
Installing optional types...
Installing object types...
Installing BEAM-COORDINATES-ENDPOINT-POSITIONS query-fn...
Installing BEAM-COORDINATES-ENDPOINT-XY query-fn...
Installing BEAM-COORDINATES-ELEVATION-AT query-fn...
Installing DERIVE-LOS-FROM-SEGMENTS init action...
Installing BEAM-ELEVATION-AT-LOCATION query-fn...
Installing object types...
Installing BEAM-BLOCKER-OCCLUDES-LOCATION query-fn...
Installing BEAM-BLOCKER-OCCLUDES-LOCATION-FOR-OBJECT query-fn...
Installing BEAM-BLOCKER-SPANS-ELEVATION query-fn...
Installing object types...
Installing static relations...
Installing LOS-CLEAR-FOR-OBJECT query-fn...
Installing LOS-CROSSINGS-CLEAR-FOR-OBJECT query-fn...
Installing LOS-OCCLUDERS-CLEAR-FOR-OBJECT query-fn...
Installing LOS-LOCATION-OCCLUDED query-fn...
Installing LOS-BARRIER-CROSSINGS query-fn...
Installing RECORDED-BARRIERS-CLEAR-FOR-OBJECT query-fn...
Installing BARRIER-CROSSING-CLEAR-FOR-OBJECT query-fn...
Installing BEAM-ELEVATION-AT-LOCATION query-fn...
Installing VISIBLE query-fn...
Installing VISIBLE-FOR-OBJECT query-fn...
Installing BEAM-VISIBLE query-fn...
Installing BEAM-VISIBLE-FOR-OBJECT query-fn...
Installing ELEVATION-VISIBLE-FOR-OBJECT query-fn...
Installing POTENTIALLY-VISIBLE query-fn...
Installing VISIBLE-CLEAR query-fn...
Installing TOPO-RELAXED-HMAX-BOUND query-fn...
Installing TOPO-RELAXED-LM-CUT-BOUND query-fn...
Installing TOPO-FINITE-RESOURCE-BOUND query-fn...
Installing TOPO-FINITE-BEAM-RESOURCE-BOUND query-fn...
Installing TOPO-LM-CUT-RESOURCE-BOUND query-fn...
Installing optional types...
Installing static relations...
WARNING: redefining WOULDWORK::DERIVE-RECORDING-COPY-LITERALS in DEFUN
Installing dynamic relations...
Installing LIVE-RECORDING-OBJECT query-fn...
Installing GHOST-RECORDING-OBJECT query-fn...
Installing RECORDING-SHADOW-VIEW-OBJECT query-fn...
Installing SAME-RECORDING-SIDE query-fn...
Installing RECORDER-CYCLE-COUNT query-fn...
Installing RECORDING-SHADOW-OBJECT query-fn...
Installing RECORDING-SHADOW-OBJECT-PRESENT query-fn...
Installing OBJECT-MANIPULATION-ALLOWED query-fn...
Installing SUPPORT-USE-ALLOWED query-fn...
Installing SUPPORT-OCCUPANCY-CONFLICT-P query-fn...
Installing CONNECTOR-PAIRING-ALLOWED query-fn...
Installing CONNECTOR-LOCATION-CONFLICT-P query-fn...
Installing dynamic relations...
Installing RECORDING-PLATE-OCCUPIED query-fn...
Installing UPDATE-RECORDING-PLATE-STATUS! update-fn...
Installing dynamic relations...
Installing UPDATE-RECORDING-RECEIVER-STATUS! update-fn...
Installing dynamic relations...
Installing INITIALIZE-RECORDING-SWITCH-STATE! update-fn...
Installing RECORDING-CONTROLLER-ENERGIZED query-fn...
Installing RECORDING-CONTROL-ON query-fn...
Installing optional types...
Installing RECORDING-JAMMED query-fn...
Installing dynamic relations...
Installing RECORDING-SHADOW-GATE-OPEN query-fn...
Installing UPDATE-RECORDING-GATE-STATUS! update-fn...
Installing optional types...
Installing object types...
Installing dynamic relations...
Installing RECORDING-SHADOW-TURNING query-fn...
Installing UPDATE-RECORDING-BLOWER-STATUS! update-fn...
Installing RECORDING-AGENT-EMPTY-HANDED query-fn...
Installing RECORDER-CYCLE-ENDED query-fn...
Installing GHOST-STOPS-RECORDER query-fn...
Installing RECORDING-AGENT-CAN-CLOSE query-fn...
Installing RECORDING-AGENT-RETURN-ROUTE query-fn...
Installing RECORDING-AGENT-AT-RECORDER query-fn...
Installing RECORDER-CLOSED-GHOST-FREE query-fn...
Installing RECORDER-CYCLE-BOUNDARY-SAFE query-fn...
Installing optional types...
Installing CANCEL-PLAYBACK action...
Installing STOP-RECORDER action...
Creating initial propositional database...
Installing INITIALIZE-DERIVED-STATE init action...
Installing goal...
Initializing...
Installing TOGGLE-SWITCH action...
Installing START-RECORDER action...
Deriving propagation driver: UPDATE-PLATE-STATUS! UPDATE-RECORDING-PLATE-STATUS! UPDATE-GATE-STATUS! UPDATE-RECORDING-RECEIVER-STATUS! UPDATE-RECORDING-GATE-STATUS! UPDATE-RELAY-STATUS! UPDATE-RECEIVER-STATUS! UPDATE-BLOWER-STATUS! UPDATE-RECORDING-BLOWER-STATUS! UPDATE-FLOOR-BLOWING-STATUS! ENFORCE-THREAT-SAFETY! INITIALIZE-RECORDING-SWITCH-STATE!
Installing PROPAGATE-CONSEQUENCES! update-fn...
Optimizing lambda expressions and compiling...
  PICKUP-TRAY...
  PUT-TRAY...
  PICKUP-BOX...
  PUT-BOX...
  MOVE...
  PICKUP-CONNECTOR...
  PICKUP-CONNECTOR-RETAINING-PAIRINGS...
  PUT-CONNECTOR...
  CONNECT-CONNECTOR...
  CANCEL-PLAYBACK...
  STOP-RECORDER...
  TOGGLE-SWITCH...
  START-RECORDER...
  BEAM-REACHES-RECEIVER...
  RECORDING-SHADOW-BEAM-REACHES-RECEIVER...
  BEAM-LIVE-FOR-CUTTING...
  DIRECT-BEAM-REACHES-RECEIVER...
  RELAY-BEAM-REACHES-RECEIVER...
  RECORDING-SHADOW-DIRECT-BEAM-REACHES-RECEIVER...
  RECORDING-SHADOW-RELAY-BEAM-REACHES-RECEIVER...
  DIRECT-BEAM-LIVE-FOR-CUTTING...
  RELAY-BEAM-LIVE-FOR-CUTTING...
  BEAM-CUT...
  BEAM-CUT-IN...
  CURRENT-CROSSING-SET...
  FIXED-BEAM-CORRIDOR-CLEAR...
  FIXED-BEAM-CORRIDOR-CLEAR-FOR-OBJECT...
  COMPUTE-RELAY-LIGHTING...
  COMPUTE-RELAY-LIGHTING-FOR-OBJECT...
  BEAM-RELAY-SOURCE-DISTANCE...
  ENERGIZED...
  CONTROL-ON...
  RECORDING-SHADOW-OBJECT...
  RECORDING-SHADOW-OBJECT-PRESENT...
  RECORDING-SHADOW-TURNING...
  RECORDING-SHADOW-GATE-OPEN...
  GATE-OPEN-FOR-OBJECT...
  OBJECT-MANIPULATION-ALLOWED...
  SUPPORT-USE-ALLOWED...
  SUPPORT-OCCUPANCY-CONFLICT-P...
  CONNECTOR-PAIRING-ALLOWED...
  CONNECTOR-LOCATION-CONFLICT-P...
  SUPPORT-OCCUPIED...
  CLEARTOP...
  WALL-SEGMENT-RECORDS...
  EDGE-SEGMENT-RECORDS...
  GATE-SEGMENT-RECORDS...
  WINDOW-SEGMENT-RECORDS...
  SCREEN-SEGMENT-RECORDS...
  BASE...
  FIXED-BASE...
  LOCATION-ELEVATION...
  LOCATION-LEVEL...
  TOP...
  OBJECT-HEIGHT...
  PHYSICAL-SUPPORTS-AT...
  SUPPORT-DEPENDENT-P...
  SUPPORT-CHILDREN...
  SUPPORT-GROUP...
  LANDING-SUPPORT...
  AGENT-CONFIGURATION...
  CONFIGURATION-TRANSITION-RESULTS...
  TRAY-RELEASE-RIDERS...
  SETTLING-SUPPORT...
  RELEASED-RIDER-GROUP...
  RELEASED-RIDER-LANDINGS...
  WITHIN-AGENT-VERTICAL-REACH...
  WITHIN-AGENT-PLACEMENT-REACH...
  PLACEMENT-CHOICE-ALLOWED...
  PLACEMENT-OPTIONS...
  PLACEMENT-ELEVATION...
  REACHABLE...
  PICKUP-CLEAR...
  REACHABILITY-COORDINATES-TARGET-POINTS...
  REACHABILITY-COORDINATES-SOLID-RECORDS...
  REACHABILITY-COORDINATES-GATE-RECORDS...
  REACHABILITY-COORDINATES-SCREEN-RECORDS...
  REACHABILITY-COORDINATES-AUTHORED...
  REACHABILITY-COORDINATES-EMITTABLE...
  REACHABILITY-COORDINATES-UNUSED-DISALLOWALS...
  REACHABLE-CLEAR...
  BLOWER-DRIVE...
  BLOWER-PRESENT...
  BLOWER-ELEVATION...
  BLOWER-TURNING-FOR-OBJECT...
  BLOWER-ACTIVE-FOR-OBJECT...
  ALL-CLEAR...
  OBSTACLE-CLEAR...
  STREAM-OBSTACLE-CLEAR...
  SAFE...
  MOBILITY-RESULTS...
  MOBILITY-LOCATIONS...
  TRAVERSABLE...
  TRAVERSAL-SEGMENTS...
  TRAVERSAL-SEGMENTS-FOR-SOURCE...
  MOVEMENT-RESULTS...
  USABLE-LADDER-AT-SOURCE...
  POSITIONED-LADDERS-FOR-MEANS...
  LADDER-CONFIGURATION-TRANSITIONS...
  STEP-SOURCE-CAN-MOUNT...
  STEP-SOURCE-CAN-DISMOUNT...
  STEPPABLE-FIXTURE-AT...
  STEP-CONFIGURATION-TRANSITIONS...
  JUMP-ELEVATION-REACHABLE...
  VAULTABLE-OBJECT-PASSABLE...
  JUMP-BARRIER-TOP-ELEVATION...
  VAULTABLE-OBJECT-LIST...
  JUMP-REQUIRED-CLEARANCE-HEIGHT...
  JUMP-PATH-CLEAR...
  JUMP-LANDING-SUPPORT-AT...
  JUMP-CONFIGURATION-TRANSITIONS...
  VISIBLE...
  VISIBLE-FOR-OBJECT...
  POTENTIALLY-VISIBLE...
  BEAM-VISIBLE...
  BEAM-VISIBLE-FOR-OBJECT...
  ELEVATION-VISIBLE-FOR-OBJECT...
  RELAY-ANCHOR...
  RELAY-LINKED...
  RELAY-LINK-CLEAR...
  RELAY-LINK-CLEAR-FOR-OBJECT...
  PAIRED-RELAY-VISIBLE...
  PAIRED-RELAY-VISIBLE-FOR-OBJECT...
  CONNECTABLE-LOCATION...
  CONNECTABLE-TERMINUS...
  WALKABILITY-COORDINATES-SUPPORTED-DOOR-SOLID-PAIRS...
  WALKABILITY-COORDINATES-LOCATION-COORDS...
  WALKABILITY-COORDINATES-STREAM-SPECS...
  TERRAIN-COMPLAINTS...
  TERRAIN-LOCATION-LEVELS...
  TERRAIN-EDGE-SPANS...
  ONE-STEP-WALKABLE...
  BEAM-COORDINATES-ENDPOINT-POSITIONS...
  BEAM-COORDINATES-ENDPOINT-XY...
  BEAM-COORDINATES-ELEVATION-AT...
  BEAM-ELEVATION-AT-LOCATION...
  BEAM-BLOCKER-OCCLUDES-LOCATION...
  BEAM-BLOCKER-OCCLUDES-LOCATION-FOR-OBJECT...
  BEAM-BLOCKER-SPANS-ELEVATION...
  LOS-CLEAR-FOR-OBJECT...
  LOS-CROSSINGS-CLEAR-FOR-OBJECT...
  LOS-OCCLUDERS-CLEAR-FOR-OBJECT...
  LOS-LOCATION-OCCLUDED...
  LOS-BARRIER-CROSSINGS...
  RECORDED-BARRIERS-CLEAR-FOR-OBJECT...
  BARRIER-CROSSING-CLEAR-FOR-OBJECT...
  VISIBLE-CLEAR...
  TOPO-RELAXED-HMAX-BOUND...
  TOPO-RELAXED-LM-CUT-BOUND...
  TOPO-FINITE-RESOURCE-BOUND...
  TOPO-FINITE-BEAM-RESOURCE-BOUND...
  TOPO-LM-CUT-RESOURCE-BOUND...
  LIVE-RECORDING-OBJECT...
  GHOST-RECORDING-OBJECT...
  RECORDING-SHADOW-VIEW-OBJECT...
  SAME-RECORDING-SIDE...
  RECORDER-CYCLE-COUNT...
  RECORDING-PLATE-OCCUPIED...
  RECORDING-CONTROLLER-ENERGIZED...
  RECORDING-CONTROL-ON...
  RECORDING-JAMMED...
  RECORDING-AGENT-EMPTY-HANDED...
  RECORDER-CYCLE-ENDED...
  GHOST-STOPS-RECORDER...
  RECORDING-AGENT-CAN-CLOSE...
  RECORDING-AGENT-RETURN-ROUTE...
  RECORDING-AGENT-AT-RECORDER...
  RECORDER-CLOSED-GHOST-FREE...
  RECORDER-CYCLE-BOUNDARY-SAFE...
  PROPAGATE-CHANGES!...
  PROPAGATE-CONSEQUENCES!...
  UPDATE-RECEIVER-STATUS!...
  UPDATE-GATE-STATUS!...
  UPDATE-PLATE-STATUS!...
  RELOCATE-STACK!...
  LAND-ON-SUPPORT!...
  RELOCATE-TRAY-AND-RIDERS!...
  APPLY-AGENT-CONFIGURATION!...
  SETTLE-RELEASED-RIDERS!...
  PLACE-HELD-OBJECT!...
  UPDATE-BLOWER-STATUS!...
  UPDATE-FLOOR-BLOWING-STATUS!...
  BLOW-OCCUPANTS-AWAY!...
  DROP-OCCUPANTS!...
  ENFORCE-THREAT-SAFETY!...
  UPDATE-RELAY-STATUS!...
  UPDATE-RECORDING-PLATE-STATUS!...
  UPDATE-RECORDING-RECEIVER-STATUS!...
  INITIALIZE-RECORDING-SWITCH-STATE!...
  UPDATE-RECORDING-GATE-STATUS!...
  UPDATE-RECORDING-BLOWER-STATUS!...
  enum relation requires predicates...
  GOAL-FN...
Adding init-action propositions to initial database...
DERIVE-REACH-FROM-SEGMENTS...
DERIVE-WALKING-FROM-SEGMENTS...
DERIVE-LOS-FROM-SEGMENTS...
INITIALIZE-DERIVED-STATE...
Applying min-steps-remaining? to start state... = 0


Current parameter settings:
  *PROBLEM-NAME* => CRELAY-TOPO
  *PROBLEM-TYPE* => PLANNING
  *ALGORITHM* => DEPTH-FIRST
  *TREE-OR-GRAPH* => GRAPH
  *SOLUTION-TYPE* => MIN-LENGTH
  *DEPTH-CUTOFF* => 15
  *THREADS* => 0
  *RANDOMIZE-SEARCH* => NIL
  *DEBUG* => 0
  *PROBE* => NIL
  *GOAL* => (HAS-LOCATION AGENT1 LOCATION19)
  *SYMMETRY-PRUNING* => NIL
  *MAX-RECORDER-CYCLES* => UNLIMITED
  *RECORDER-PREFIX-PRUNING* => NIL
  *MAX-CONNECTOR-PAIRINGS* => 3
  *PROGRESS-REPORTING-INTERVAL* => 1,000,000
  *BRANCH* TO EXPLORE => ALL
  HEURISTIC? => NIL
  EXOGENOUS HAPPENINGS => NIL
  BOUNDING FUNCTION? => NIL
  MIN STEPS REMAINING? => YES

  included technology: -propagation
  included technology: -plate-types
  included technology: -beam-substrate-init-checks
  included technology: -beam-substrate
  included technology: -apparatus-coordinates
  included technology: -switch
  included technology: -controls-init-checks
  included technology: -controls
  included technology: -recording-shadow-policy
  included technology: -gate
  included technology: gate
  included technology: -interaction-policy
  included technology: -physical-init-checks
  included technology: -support-occupancy
  included technology: plate
  included technology: -height
  included technology: -location-coordinates
  included technology: -elevation
  included technology: elevation
  included technology: -segment-geometry
  included technology: -location
  included technology: -position
  included technology: -holding
  included technology: -vertical
  included technology: -support-motion
  included technology: -configuration-transition
  included technology: -support-settling
  included technology: -support-elevation
  included technology: -placement
  included technology: -reachability
  included technology: -pickup
  included technology: tray
  included technology: box
  included technology: -reachability-coordinates
  included technology: reachability
  included technology: switch
  included technology: -recorder-fork-registry
  included technology: -gears-fan
  included technology: -floor-blowing
  included technology: floor-blower
  included technology: -passability
  included technology: -threat
  included technology: -mobility
  included technology: -traversal
  included technology: -mobility-action
  included technology: ladder
  included technology: step
  included technology: jump
  included technology: -visibility
  included technology: -beam-relay-init-checks
  included technology: beam-relay
  included technology: -walkability-coordinates
  included technology: -terrain-consistency
  included technology: walkability
  included technology: -beam-los-coordinates
  included technology: -beam-interpolation
  included technology: -beam-occlusion
  included technology: visibility
  included technology: topo-lower-bound
  included technology: -recorder-core
  included technology: -recorder-plate-shadow
  included technology: -recorder-receiver-shadow
  included technology: -recorder-switch-shadow
  included technology: -recorder-controls-shadow
  included technology: -recorder-jamming-shadow
  included technology: -recorder-gate-shadow
  included technology: -recorder-blower-shadow
  included technology: -recorder-solution
  included technology: -recorder-cycle-boundary
  included technology: -recorder-session
  included technology: -recorder-cycle-chaining
  included technology: -recorder-init-checks
  included technology: recorder
Installing object types...
Installing PROPAGATE-CHANGES! update-fn...
Installing PROPAGATE-CONSEQUENCES! update-fn...
Installing optional types...
Installing object types...
Installing optional types...
Installing object types...
Installing dynamic relations...
Installing static relations...
Installing UPDATE-RECEIVER-STATUS! update-fn...
Installing BEAM-REACHES-RECEIVER query-fn...
Installing RECORDING-SHADOW-BEAM-REACHES-RECEIVER query-fn...
Installing BEAM-LIVE-FOR-CUTTING query-fn...
Installing DIRECT-BEAM-REACHES-RECEIVER query-fn...
Installing RELAY-BEAM-REACHES-RECEIVER query-fn...
Installing RECORDING-SHADOW-DIRECT-BEAM-REACHES-RECEIVER query-fn...
Installing RECORDING-SHADOW-RELAY-BEAM-REACHES-RECEIVER query-fn...
Installing DIRECT-BEAM-LIVE-FOR-CUTTING query-fn...
Installing RELAY-BEAM-LIVE-FOR-CUTTING query-fn...
Installing BEAM-CUT query-fn...
Installing BEAM-CUT-IN query-fn...
Installing CURRENT-CROSSING-SET query-fn...
Installing FIXED-BEAM-CORRIDOR-CLEAR query-fn...
Installing FIXED-BEAM-CORRIDOR-CLEAR-FOR-OBJECT query-fn...
Installing COMPUTE-RELAY-LIGHTING query-fn...
Installing COMPUTE-RELAY-LIGHTING-FOR-OBJECT query-fn...
Installing BEAM-RELAY-SOURCE-DISTANCE query-fn...
Installing optional types...
Installing static relations...
Installing optional types...
Installing dynamic relations...
Installing optional types...
Installing object types...
Installing static relations...
Installing ENERGIZED query-fn...
Installing CONTROL-ON query-fn...
Installing RECORDING-SHADOW-OBJECT query-fn...
Installing RECORDING-SHADOW-OBJECT-PRESENT query-fn...
Installing RECORDING-SHADOW-TURNING query-fn...
Installing RECORDING-SHADOW-GATE-OPEN query-fn...
Installing optional types...
Installing dynamic relations...
Installing GATE-OPEN-FOR-OBJECT query-fn...
Installing optional types...
Installing UPDATE-GATE-STATUS! update-fn...
Installing OBJECT-MANIPULATION-ALLOWED query-fn...
Installing SUPPORT-USE-ALLOWED query-fn...
Installing SUPPORT-OCCUPANCY-CONFLICT-P query-fn...
Installing CONNECTOR-PAIRING-ALLOWED query-fn...
Installing CONNECTOR-LOCATION-CONFLICT-P query-fn...
Installing object types...
Installing dynamic relations...
Installing SUPPORT-OCCUPIED query-fn...
Installing CLEARTOP query-fn...
Installing dynamic relations...
Installing UPDATE-PLATE-STATUS! update-fn...
Installing optional types...
Installing object types...
Installing static relations...
Installing static relations...
Installing optional types...
Installing object types...
Installing static relations...
Installing optional types...
Installing static relations...
Installing WALL-SEGMENT-RECORDS query-fn...
Installing EDGE-SEGMENT-RECORDS query-fn...
Installing GATE-SEGMENT-RECORDS query-fn...
Installing WINDOW-SEGMENT-RECORDS query-fn...
Installing SCREEN-SEGMENT-RECORDS query-fn...
Installing object types...
Installing dynamic relations...
Installing object types...
Installing static relations...
Installing object types...
Installing dynamic relations...
Installing optional types...
Installing object types...
Installing BASE query-fn...
Installing FIXED-BASE query-fn...
Installing LOCATION-ELEVATION query-fn...
Installing LOCATION-LEVEL query-fn...
Installing TOP query-fn...
Installing OBJECT-HEIGHT query-fn...
Installing optional types...
Installing PHYSICAL-SUPPORTS-AT query-fn...
Installing SUPPORT-DEPENDENT-P query-fn...
Installing SUPPORT-CHILDREN query-fn...
Installing SUPPORT-GROUP query-fn...
Installing RELOCATE-STACK! update-fn...
Installing LANDING-SUPPORT query-fn...
Installing LAND-ON-SUPPORT! update-fn...
Installing optional types...
Installing AGENT-CONFIGURATION query-fn...
Installing CONFIGURATION-TRANSITION-RESULTS query-fn...
Installing RELOCATE-TRAY-AND-RIDERS! update-fn...
Installing APPLY-AGENT-CONFIGURATION! update-fn...
Installing TRAY-RELEASE-RIDERS query-fn...
Installing SETTLING-SUPPORT query-fn...
Installing RELEASED-RIDER-GROUP query-fn...
Installing RELEASED-RIDER-LANDINGS query-fn...
Installing SETTLE-RELEASED-RIDERS! update-fn...
Installing optional types...
Installing WITHIN-AGENT-VERTICAL-REACH query-fn...
Installing WITHIN-AGENT-PLACEMENT-REACH query-fn...
Installing optional types...
Installing PLACEMENT-CHOICE-ALLOWED query-fn...
Installing PLACEMENT-OPTIONS query-fn...
Installing PLACEMENT-ELEVATION query-fn...
Installing PLACE-HELD-OBJECT! update-fn...
Installing optional types...
Installing object types...
Installing REACHABLE query-fn...
Installing PICKUP-CLEAR query-fn...
Installing optional types...
Installing PICKUP-TRAY action...
Installing PUT-TRAY action...
Installing optional types...
Installing PICKUP-BOX action...
Installing PUT-BOX action...
Installing static relations...
Installing REACHABILITY-COORDINATES-TARGET-POINTS query-fn...
Installing REACHABILITY-COORDINATES-SOLID-RECORDS query-fn...
Installing REACHABILITY-COORDINATES-GATE-RECORDS query-fn...
Installing REACHABILITY-COORDINATES-SCREEN-RECORDS query-fn...
Installing REACHABILITY-COORDINATES-AUTHORED query-fn...
Installing REACHABILITY-COORDINATES-EMITTABLE query-fn...
Installing REACHABILITY-COORDINATES-UNUSED-DISALLOWALS query-fn...
Installing DERIVE-REACH-FROM-SEGMENTS init action...
Installing REACHABLE query-fn...
Installing REACHABLE-CLEAR query-fn...
Installing optional types...
Installing object types...
Installing dynamic relations...
Installing static relations...
Installing BLOWER-DRIVE query-fn...
Installing BLOWER-PRESENT query-fn...
Installing BLOWER-ELEVATION query-fn...
Installing BLOWER-TURNING-FOR-OBJECT query-fn...
Installing BLOWER-ACTIVE-FOR-OBJECT query-fn...
Installing UPDATE-BLOWER-STATUS! update-fn...
Installing PICKUP-FAN action...skipped (no instances for type: FAN)
Installing PUT-FAN action...skipped (no instances for type: FAN)
Installing MOUNT-FAN action...skipped (no instances for type: FAN)
Installing LOCATION-LEVEL query-fn...
Installing UPDATE-FLOOR-BLOWING-STATUS! update-fn...
Installing BLOW-OCCUPANTS-AWAY! update-fn...
Installing DROP-OCCUPANTS! update-fn...
Installing optional types...
Installing ALL-CLEAR query-fn...
Installing OBSTACLE-CLEAR query-fn...
Installing STREAM-OBSTACLE-CLEAR query-fn...
Installing optional types...
Installing object types...
Installing static relations...
Installing dynamic relations...
Installing SAFE query-fn...
Installing ENFORCE-THREAT-SAFETY! update-fn...
Installing MOBILITY-RESULTS query-fn...
Installing MOBILITY-LOCATIONS query-fn...
Installing TRAVERSABLE query-fn...
Installing object types...
Installing static relations...
Installing TRAVERSAL-SEGMENTS query-fn...
Installing TRAVERSAL-SEGMENTS-FOR-SOURCE query-fn...
Installing MOVEMENT-RESULTS query-fn...
Installing MOVE action...
Installing optional types...
Installing USABLE-LADDER-AT-SOURCE query-fn...
Installing POSITIONED-LADDERS-FOR-MEANS query-fn...
Installing LADDER-CONFIGURATION-TRANSITIONS query-fn...
Installing optional types...
Installing object types...
Installing STEP-SOURCE-CAN-MOUNT query-fn...
Installing STEP-SOURCE-CAN-DISMOUNT query-fn...
Installing STEPPABLE-FIXTURE-AT query-fn...
Installing STEP-CONFIGURATION-TRANSITIONS query-fn...
Installing optional types...
Installing object types...
Installing JUMP-ELEVATION-REACHABLE query-fn...
Installing VAULTABLE-OBJECT-PASSABLE query-fn...
Installing JUMP-BARRIER-TOP-ELEVATION query-fn...
Installing VAULTABLE-OBJECT-LIST query-fn...
Installing JUMP-REQUIRED-CLEARANCE-HEIGHT query-fn...
Installing JUMP-PATH-CLEAR query-fn...
Installing JUMP-LANDING-SUPPORT-AT query-fn...
Installing JUMP-CONFIGURATION-TRANSITIONS query-fn...
Installing optional types...
Installing object types...
Installing VISIBLE query-fn...
Installing VISIBLE-FOR-OBJECT query-fn...
Installing POTENTIALLY-VISIBLE query-fn...
Installing BEAM-VISIBLE query-fn...
Installing BEAM-VISIBLE-FOR-OBJECT query-fn...
Installing ELEVATION-VISIBLE-FOR-OBJECT query-fn...
Installing object types...
Installing optional types...
Installing dynamic relations...
Installing PICKUP-CONNECTOR action...
Installing PICKUP-CONNECTOR-RETAINING-PAIRINGS action...
Installing PUT-CONNECTOR action...
Installing CONNECT-CONNECTOR action...
Installing UPDATE-RELAY-STATUS! update-fn...
Installing RELAY-BEAM-REACHES-RECEIVER query-fn...
Installing RECORDING-SHADOW-RELAY-BEAM-REACHES-RECEIVER query-fn...
Installing COMPUTE-RELAY-LIGHTING query-fn...
Installing COMPUTE-RELAY-LIGHTING-FOR-OBJECT query-fn...
Installing RELAY-ANCHOR query-fn...
Installing RELAY-LINKED query-fn...
Installing RELAY-LINK-CLEAR query-fn...
Installing RELAY-LINK-CLEAR-FOR-OBJECT query-fn...
Installing PAIRED-RELAY-VISIBLE query-fn...
Installing PAIRED-RELAY-VISIBLE-FOR-OBJECT query-fn...
Installing RELAY-BEAM-LIVE-FOR-CUTTING query-fn...
Installing BEAM-RELAY-SOURCE-DISTANCE query-fn...
Installing CONNECTABLE-LOCATION query-fn...
Installing CONNECTABLE-TERMINUS query-fn...
Installing WALKABILITY-COORDINATES-SUPPORTED-DOOR-SOLID-PAIRS query-fn...
Installing WALKABILITY-COORDINATES-LOCATION-COORDS query-fn...
Installing WALKABILITY-COORDINATES-STREAM-SPECS query-fn...
Installing TERRAIN-COMPLAINTS query-fn...
Installing DERIVE-WALKING-FROM-SEGMENTS init action...
Installing TERRAIN-COMPLAINTS query-fn...
Installing TERRAIN-LOCATION-LEVELS query-fn...
Installing TERRAIN-EDGE-SPANS query-fn...
Installing ONE-STEP-WALKABLE query-fn...
Installing optional types...
Installing object types...
Installing BEAM-COORDINATES-ENDPOINT-POSITIONS query-fn...
Installing BEAM-COORDINATES-ENDPOINT-XY query-fn...
Installing BEAM-COORDINATES-ELEVATION-AT query-fn...
Installing DERIVE-LOS-FROM-SEGMENTS init action...
Installing BEAM-ELEVATION-AT-LOCATION query-fn...
Installing object types...
Installing BEAM-BLOCKER-OCCLUDES-LOCATION query-fn...
Installing BEAM-BLOCKER-OCCLUDES-LOCATION-FOR-OBJECT query-fn...
Installing BEAM-BLOCKER-SPANS-ELEVATION query-fn...
Installing object types...
Installing static relations...
Installing LOS-CLEAR-FOR-OBJECT query-fn...
Installing LOS-CROSSINGS-CLEAR-FOR-OBJECT query-fn...
Installing LOS-OCCLUDERS-CLEAR-FOR-OBJECT query-fn...
Installing LOS-LOCATION-OCCLUDED query-fn...
Installing LOS-BARRIER-CROSSINGS query-fn...
Installing RECORDED-BARRIERS-CLEAR-FOR-OBJECT query-fn...
Installing BARRIER-CROSSING-CLEAR-FOR-OBJECT query-fn...
Installing BEAM-ELEVATION-AT-LOCATION query-fn...
Installing VISIBLE query-fn...
Installing VISIBLE-FOR-OBJECT query-fn...
Installing BEAM-VISIBLE query-fn...
Installing BEAM-VISIBLE-FOR-OBJECT query-fn...
Installing ELEVATION-VISIBLE-FOR-OBJECT query-fn...
Installing POTENTIALLY-VISIBLE query-fn...
Installing VISIBLE-CLEAR query-fn...
Installing TOPO-RELAXED-HMAX-BOUND query-fn...
Installing TOPO-RELAXED-LM-CUT-BOUND query-fn...
Installing TOPO-FINITE-RESOURCE-BOUND query-fn...
Installing TOPO-FINITE-BEAM-RESOURCE-BOUND query-fn...
Installing TOPO-LM-CUT-RESOURCE-BOUND query-fn...
Installing optional types...
Installing static relations...
WARNING: redefining WOULDWORK::DERIVE-RECORDING-COPY-LITERALS in DEFUN
Installing dynamic relations...
Installing LIVE-RECORDING-OBJECT query-fn...
Installing GHOST-RECORDING-OBJECT query-fn...
Installing RECORDING-SHADOW-VIEW-OBJECT query-fn...
Installing SAME-RECORDING-SIDE query-fn...
Installing RECORDER-CYCLE-COUNT query-fn...
Installing RECORDING-SHADOW-OBJECT query-fn...
Installing RECORDING-SHADOW-OBJECT-PRESENT query-fn...
Installing OBJECT-MANIPULATION-ALLOWED query-fn...
Installing SUPPORT-USE-ALLOWED query-fn...
Installing SUPPORT-OCCUPANCY-CONFLICT-P query-fn...
Installing CONNECTOR-PAIRING-ALLOWED query-fn...
Installing CONNECTOR-LOCATION-CONFLICT-P query-fn...
Installing dynamic relations...
Installing RECORDING-PLATE-OCCUPIED query-fn...
Installing UPDATE-RECORDING-PLATE-STATUS! update-fn...
Installing dynamic relations...
Installing UPDATE-RECORDING-RECEIVER-STATUS! update-fn...
Installing dynamic relations...
Installing INITIALIZE-RECORDING-SWITCH-STATE! update-fn...
Installing RECORDING-CONTROLLER-ENERGIZED query-fn...
Installing RECORDING-CONTROL-ON query-fn...
Installing optional types...
Installing RECORDING-JAMMED query-fn...
Installing dynamic relations...
Installing RECORDING-SHADOW-GATE-OPEN query-fn...
Installing UPDATE-RECORDING-GATE-STATUS! update-fn...
Installing optional types...
Installing object types...
Installing dynamic relations...
Installing RECORDING-SHADOW-TURNING query-fn...
Installing UPDATE-RECORDING-BLOWER-STATUS! update-fn...
Installing RECORDING-AGENT-EMPTY-HANDED query-fn...
Installing RECORDER-CYCLE-ENDED query-fn...
Installing GHOST-STOPS-RECORDER query-fn...
Installing RECORDING-AGENT-CAN-CLOSE query-fn...
Installing RECORDING-AGENT-RETURN-ROUTE query-fn...
Installing RECORDING-AGENT-AT-RECORDER query-fn...
Installing RECORDER-CLOSED-GHOST-FREE query-fn...
Installing RECORDER-CYCLE-BOUNDARY-SAFE query-fn...
Installing optional types...
Installing CANCEL-PLAYBACK action...
Installing STOP-RECORDER action...
Creating initial propositional database...
Installing INITIALIZE-DERIVED-STATE init action...
Installing goal...
Initializing...
Installing TOGGLE-SWITCH action...
Installing START-RECORDER action...
Deriving propagation driver: UPDATE-PLATE-STATUS! UPDATE-RECORDING-PLATE-STATUS! UPDATE-GATE-STATUS! UPDATE-RECORDING-RECEIVER-STATUS! UPDATE-RECORDING-GATE-STATUS! UPDATE-RELAY-STATUS! UPDATE-RECEIVER-STATUS! UPDATE-BLOWER-STATUS! UPDATE-RECORDING-BLOWER-STATUS! UPDATE-FLOOR-BLOWING-STATUS! ENFORCE-THREAT-SAFETY! INITIALIZE-RECORDING-SWITCH-STATE!
Installing PROPAGATE-CONSEQUENCES! update-fn...
Optimizing lambda expressions and compiling...
  PICKUP-TRAY...
  PUT-TRAY...
  PICKUP-BOX...
  PUT-BOX...
  MOVE...
  PICKUP-CONNECTOR...
  PICKUP-CONNECTOR-RETAINING-PAIRINGS...
  PUT-CONNECTOR...
  CONNECT-CONNECTOR...
  CANCEL-PLAYBACK...
  STOP-RECORDER...
  TOGGLE-SWITCH...
  START-RECORDER...
  BEAM-REACHES-RECEIVER...
  RECORDING-SHADOW-BEAM-REACHES-RECEIVER...
  BEAM-LIVE-FOR-CUTTING...
  DIRECT-BEAM-REACHES-RECEIVER...
  RELAY-BEAM-REACHES-RECEIVER...
  RECORDING-SHADOW-DIRECT-BEAM-REACHES-RECEIVER...
  RECORDING-SHADOW-RELAY-BEAM-REACHES-RECEIVER...
  DIRECT-BEAM-LIVE-FOR-CUTTING...
  RELAY-BEAM-LIVE-FOR-CUTTING...
  BEAM-CUT...
  BEAM-CUT-IN...
  CURRENT-CROSSING-SET...
  FIXED-BEAM-CORRIDOR-CLEAR...
  FIXED-BEAM-CORRIDOR-CLEAR-FOR-OBJECT...
  COMPUTE-RELAY-LIGHTING...
  COMPUTE-RELAY-LIGHTING-FOR-OBJECT...
  BEAM-RELAY-SOURCE-DISTANCE...
  ENERGIZED...
  CONTROL-ON...
  RECORDING-SHADOW-OBJECT...
  RECORDING-SHADOW-OBJECT-PRESENT...
  RECORDING-SHADOW-TURNING...
  RECORDING-SHADOW-GATE-OPEN...
  GATE-OPEN-FOR-OBJECT...
  OBJECT-MANIPULATION-ALLOWED...
  SUPPORT-USE-ALLOWED...
  SUPPORT-OCCUPANCY-CONFLICT-P...
  CONNECTOR-PAIRING-ALLOWED...
  CONNECTOR-LOCATION-CONFLICT-P...
  SUPPORT-OCCUPIED...
  CLEARTOP...
  WALL-SEGMENT-RECORDS...
  EDGE-SEGMENT-RECORDS...
  GATE-SEGMENT-RECORDS...
  WINDOW-SEGMENT-RECORDS...
  SCREEN-SEGMENT-RECORDS...
  BASE...
  FIXED-BASE...
  LOCATION-ELEVATION...
  LOCATION-LEVEL...
  TOP...
  OBJECT-HEIGHT...
  PHYSICAL-SUPPORTS-AT...
  SUPPORT-DEPENDENT-P...
  SUPPORT-CHILDREN...
  SUPPORT-GROUP...
  LANDING-SUPPORT...
  AGENT-CONFIGURATION...
  CONFIGURATION-TRANSITION-RESULTS...
  TRAY-RELEASE-RIDERS...
  SETTLING-SUPPORT...
  RELEASED-RIDER-GROUP...
  RELEASED-RIDER-LANDINGS...
  WITHIN-AGENT-VERTICAL-REACH...
  WITHIN-AGENT-PLACEMENT-REACH...
  PLACEMENT-CHOICE-ALLOWED...
  PLACEMENT-OPTIONS...
  PLACEMENT-ELEVATION...
  REACHABLE...
  PICKUP-CLEAR...
  REACHABILITY-COORDINATES-TARGET-POINTS...
  REACHABILITY-COORDINATES-SOLID-RECORDS...
  REACHABILITY-COORDINATES-GATE-RECORDS...
  REACHABILITY-COORDINATES-SCREEN-RECORDS...
  REACHABILITY-COORDINATES-AUTHORED...
  REACHABILITY-COORDINATES-EMITTABLE...
  REACHABILITY-COORDINATES-UNUSED-DISALLOWALS...
  REACHABLE-CLEAR...
  BLOWER-DRIVE...
  BLOWER-PRESENT...
  BLOWER-ELEVATION...
  BLOWER-TURNING-FOR-OBJECT...
  BLOWER-ACTIVE-FOR-OBJECT...
  ALL-CLEAR...
  OBSTACLE-CLEAR...
  STREAM-OBSTACLE-CLEAR...
  SAFE...
  MOBILITY-RESULTS...
  MOBILITY-LOCATIONS...
  TRAVERSABLE...
  TRAVERSAL-SEGMENTS...
  TRAVERSAL-SEGMENTS-FOR-SOURCE...
  MOVEMENT-RESULTS...
  USABLE-LADDER-AT-SOURCE...
  POSITIONED-LADDERS-FOR-MEANS...
  LADDER-CONFIGURATION-TRANSITIONS...
  STEP-SOURCE-CAN-MOUNT...
  STEP-SOURCE-CAN-DISMOUNT...
  STEPPABLE-FIXTURE-AT...
  STEP-CONFIGURATION-TRANSITIONS...
  JUMP-ELEVATION-REACHABLE...
  VAULTABLE-OBJECT-PASSABLE...
  JUMP-BARRIER-TOP-ELEVATION...
  VAULTABLE-OBJECT-LIST...
  JUMP-REQUIRED-CLEARANCE-HEIGHT...
  JUMP-PATH-CLEAR...
  JUMP-LANDING-SUPPORT-AT...
  JUMP-CONFIGURATION-TRANSITIONS...
  VISIBLE...
  VISIBLE-FOR-OBJECT...
  POTENTIALLY-VISIBLE...
  BEAM-VISIBLE...
  BEAM-VISIBLE-FOR-OBJECT...
  ELEVATION-VISIBLE-FOR-OBJECT...
  RELAY-ANCHOR...
  RELAY-LINKED...
  RELAY-LINK-CLEAR...
  RELAY-LINK-CLEAR-FOR-OBJECT...
  PAIRED-RELAY-VISIBLE...
  PAIRED-RELAY-VISIBLE-FOR-OBJECT...
  CONNECTABLE-LOCATION...
  CONNECTABLE-TERMINUS...
  WALKABILITY-COORDINATES-SUPPORTED-DOOR-SOLID-PAIRS...
  WALKABILITY-COORDINATES-LOCATION-COORDS...
  WALKABILITY-COORDINATES-STREAM-SPECS...
  TERRAIN-COMPLAINTS...
  TERRAIN-LOCATION-LEVELS...
  TERRAIN-EDGE-SPANS...
  ONE-STEP-WALKABLE...
  BEAM-COORDINATES-ENDPOINT-POSITIONS...
  BEAM-COORDINATES-ENDPOINT-XY...
  BEAM-COORDINATES-ELEVATION-AT...
  BEAM-ELEVATION-AT-LOCATION...
  BEAM-BLOCKER-OCCLUDES-LOCATION...
  BEAM-BLOCKER-OCCLUDES-LOCATION-FOR-OBJECT...
  BEAM-BLOCKER-SPANS-ELEVATION...
  LOS-CLEAR-FOR-OBJECT...
  LOS-CROSSINGS-CLEAR-FOR-OBJECT...
  LOS-OCCLUDERS-CLEAR-FOR-OBJECT...
  LOS-LOCATION-OCCLUDED...
  LOS-BARRIER-CROSSINGS...
  RECORDED-BARRIERS-CLEAR-FOR-OBJECT...
  BARRIER-CROSSING-CLEAR-FOR-OBJECT...
  VISIBLE-CLEAR...
  TOPO-RELAXED-HMAX-BOUND...
  TOPO-RELAXED-LM-CUT-BOUND...
  TOPO-FINITE-RESOURCE-BOUND...
  TOPO-FINITE-BEAM-RESOURCE-BOUND...
  TOPO-LM-CUT-RESOURCE-BOUND...
  LIVE-RECORDING-OBJECT...
  GHOST-RECORDING-OBJECT...
  RECORDING-SHADOW-VIEW-OBJECT...
  SAME-RECORDING-SIDE...
  RECORDER-CYCLE-COUNT...
  RECORDING-PLATE-OCCUPIED...
  RECORDING-CONTROLLER-ENERGIZED...
  RECORDING-CONTROL-ON...
  RECORDING-JAMMED...
  RECORDING-AGENT-EMPTY-HANDED...
  RECORDER-CYCLE-ENDED...
  GHOST-STOPS-RECORDER...
  RECORDING-AGENT-CAN-CLOSE...
  RECORDING-AGENT-RETURN-ROUTE...
  RECORDING-AGENT-AT-RECORDER...
  RECORDER-CLOSED-GHOST-FREE...
  RECORDER-CYCLE-BOUNDARY-SAFE...
  PROPAGATE-CHANGES!...
  PROPAGATE-CONSEQUENCES!...
  UPDATE-RECEIVER-STATUS!...
  UPDATE-GATE-STATUS!...
  UPDATE-PLATE-STATUS!...
  RELOCATE-STACK!...
  LAND-ON-SUPPORT!...
  RELOCATE-TRAY-AND-RIDERS!...
  APPLY-AGENT-CONFIGURATION!...
  SETTLE-RELEASED-RIDERS!...
  PLACE-HELD-OBJECT!...
  UPDATE-BLOWER-STATUS!...
  UPDATE-FLOOR-BLOWING-STATUS!...
  BLOW-OCCUPANTS-AWAY!...
  DROP-OCCUPANTS!...
  ENFORCE-THREAT-SAFETY!...
  UPDATE-RELAY-STATUS!...
  UPDATE-RECORDING-PLATE-STATUS!...
  UPDATE-RECORDING-RECEIVER-STATUS!...
  INITIALIZE-RECORDING-SWITCH-STATE!...
  UPDATE-RECORDING-GATE-STATUS!...
  UPDATE-RECORDING-BLOWER-STATUS!...
  enum relation requires predicates...
  GOAL-FN...
Adding init-action propositions to initial database...
DERIVE-REACH-FROM-SEGMENTS...
DERIVE-WALKING-FROM-SEGMENTS...
DERIVE-LOS-FROM-SEGMENTS...
INITIALIZE-DERIVED-STATE...
Applying min-steps-remaining? to start state... = 0


Current parameter settings:
  *PROBLEM-NAME* => CRELAY-TOPO
  *PROBLEM-TYPE* => PLANNING
  *ALGORITHM* => DEPTH-FIRST
  *TREE-OR-GRAPH* => GRAPH
  *SOLUTION-TYPE* => MIN-LENGTH
  *DEPTH-CUTOFF* => 15
  *THREADS* => 16
  *RANDOMIZE-SEARCH* => NIL
  *DEBUG* => 0
  *PROBE* => NIL
  *GOAL* => (HAS-LOCATION AGENT1 LOCATION19)
  *SYMMETRY-PRUNING* => NIL
  *MAX-RECORDER-CYCLES* => UNLIMITED
  *RECORDER-PREFIX-PRUNING* => NIL
  *MAX-CONNECTOR-PAIRINGS* => 3
  *PROGRESS-REPORTING-INTERVAL* => 1,000,000
  *BRANCH* TO EXPLORE => ALL
  HEURISTIC? => NIL
  EXOGENOUS HAPPENINGS => NIL
  BOUNDING FUNCTION? => NIL
  MIN STEPS REMAINING? => YES

  For parallel settings: (display-parallel-parameters)

Installing goal...
Installing goal...
Installing goal...
Installing goal...
Installing goal...
Installing goal...
Installing goal...
Restored 7 checkpoints, 19 actions by replay; no search.
Installing goal...
T10-CHECKPOINT-ROUND-TRIP-PASSED; 19 actions replayed, no search.
Cleaning up resources and shutting down threads...
Cleanup completed.
